/* GENERATED by tools/i18n/gen_i18n.py - do not edit by hand.
 * 12px CJK glyphs for the desktop build: Fusion Pixel Font 12px
 * (c) TakWolf and contributors, SIL Open Font License 1.1. */
#include "i18n.h"

#ifdef GFX_HD

static const CjkGlyphHD hd_zh_hans[] = {
    { 0x2014, { 0x000, 0x000, 0x000, 0x000, 0x000, 0x000, 0xFFE, 0x000, 0x000, 0x000, 0x000, 0x000 } },
    { 0x201C, { 0x000, 0x024, 0x048, 0x06C, 0x06C, 0x000, 0x000, 0x000, 0x000, 0x000, 0x000, 0x000 } },
    { 0x201D, { 0x000, 0x6C0, 0x6C0, 0x240, 0x480, 0x000, 0x000, 0x000, 0x000, 0x000, 0x000, 0x000 } },
    { 0x2026, { 0x000, 0x000, 0x000, 0x000, 0x000, 0x000, 0x666, 0x666, 0x000, 0x000, 0x000, 0x000 } },
    { 0x3001, { 0x000, 0x000, 0x000, 0x000, 0x000, 0x000, 0x000, 0x000, 0x000, 0x400, 0x300, 0x100 } },
    { 0x3002, { 0x000, 0x000, 0x000, 0x000, 0x000, 0x000, 0x000, 0x000, 0x300, 0x480, 0x480, 0x300 } },
    { 0x4E00, { 0x000, 0x000, 0x000, 0x000, 0x000, 0x000, 0xFFE, 0x000, 0x000, 0x000, 0x000, 0x000 } },
    { 0x4E03, { 0x000, 0x080, 0x080, 0x080, 0x08E, 0x0F0, 0xF80, 0x080, 0x080, 0x082, 0x082, 0x07E } },
    { 0x4E07, { 0x000, 0xFFE, 0x080, 0x080, 0x080, 0x0FC, 0x084, 0x084, 0x104, 0x104, 0x204, 0xC18 } },
    { 0x4E09, { 0x000, 0x7FC, 0x000, 0x000, 0x000, 0x000, 0x3F8, 0x000, 0x000, 0x000, 0x000, 0xFFE } },
    { 0x4E0A, { 0x000, 0x040, 0x040, 0x040, 0x040, 0x07C, 0x040, 0x040, 0x040, 0x040, 0x040, 0xFFE } },
    { 0x4E0B, { 0x000, 0xFFE, 0x040, 0x040, 0x040, 0x050, 0x048, 0x044, 0x040, 0x040, 0x040, 0x040 } },
    { 0x4E0D, { 0x000, 0xFFE, 0x020, 0x040, 0x0C0, 0x150, 0x248, 0xC44, 0x042, 0x040, 0x040, 0x040 } },
    { 0x4E0E, { 0x000, 0x100, 0x1FE, 0x100, 0x200, 0x3FE, 0x002, 0x002, 0xFF2, 0x002, 0x002, 0x01C } },
    { 0x4E13, { 0x000, 0x040, 0x7FC, 0x080, 0x080, 0xFFE, 0x100, 0x3FC, 0x008, 0x190, 0x060, 0x018 } },
    { 0x4E14, { 0x000, 0x3F8, 0x208, 0x208, 0x3F8, 0x208, 0x208, 0x3F8, 0x208, 0x208, 0x208, 0xFFE } },
    { 0x4E16, { 0x000, 0x248, 0x248, 0x248, 0xFFE, 0x248, 0x248, 0x248, 0x278, 0x200, 0x200, 0x3FE } },
    { 0x4E1A, { 0x000, 0x110, 0x110, 0x110, 0x912, 0x912, 0x514, 0x514, 0x110, 0x110, 0x110, 0xFFE } },
    { 0x4E1B, { 0x000, 0x110, 0x110, 0x110, 0x110, 0x2A8, 0x2A8, 0x444, 0x444, 0x882, 0x000, 0xFFE } },
    { 0x4E1C, { 0x000, 0x080, 0xFFE, 0x100, 0x240, 0x440, 0x7FC, 0x040, 0x248, 0x444, 0x842, 0x1C0 } },
    { 0x4E1D, { 0x000, 0x104, 0x104, 0x208, 0x208, 0x492, 0xF3C, 0x208, 0x410, 0xFBE, 0x000, 0xFFE } },
    { 0x4E24, { 0x000, 0xFFE, 0x110, 0x110, 0xFFE, 0x912, 0x912, 0xAAA, 0xC46, 0x802, 0x802, 0x80E } },
    { 0x4E2A, { 0x000, 0x040, 0x0A0, 0x110, 0x208, 0xC46, 0x040, 0x040, 0x040, 0x040, 0x040, 0x040 } },
    { 0x4E2D, { 0x000, 0x040, 0x040, 0xFFE, 0x842, 0x842, 0x842, 0xFFE, 0x040, 0x040, 0x040, 0x040 } },
    { 0x4E30, { 0x000, 0x040, 0x040, 0xFFE, 0x040, 0x040, 0x7FC, 0x040, 0x040, 0xFFE, 0x040, 0x040 } },
    { 0x4E3A, { 0x000, 0x440, 0x240, 0x040, 0xFFE, 0x042, 0x052, 0x08A, 0x08A, 0x102, 0x202, 0xC0C } },
    { 0x4E3B, { 0x000, 0x080, 0x040, 0xFFE, 0x040, 0x040, 0x040, 0x7FC, 0x040, 0x040, 0x040, 0xFFE } },
    { 0x4E3E, { 0x000, 0x484, 0x248, 0xFFE, 0x110, 0x248, 0xC46, 0x3F8, 0x040, 0x7FC, 0x040, 0x040 } },
    { 0x4E45, { 0x000, 0x100, 0x100, 0x1F0, 0x210, 0x410, 0x820, 0x040, 0x0A0, 0x110, 0x208, 0xC06 } },
    { 0x4E48, { 0x000, 0x080, 0x080, 0x110, 0x110, 0x220, 0x420, 0x840, 0x084, 0x104, 0x21A, 0x7E2 } },
    { 0x4E49, { 0x000, 0x080, 0x444, 0x444, 0x208, 0x208, 0x110, 0x0A0, 0x040, 0x0A0, 0x318, 0xC06 } },
    { 0x4E4B, { 0x000, 0x080, 0x040, 0xFFC, 0x008, 0x010, 0x020, 0x040, 0x080, 0x300, 0x4C0, 0x83E } },
    { 0x4E58, { 0x000, 0x03C, 0x7C0, 0x040, 0xFFE, 0x154, 0xF58, 0x152, 0xF4E, 0x0E0, 0x358, 0xC46 } },
    { 0x4E5D, { 0x000, 0x100, 0x100, 0x100, 0xFF0, 0x110, 0x110, 0x110, 0x210, 0x212, 0x412, 0x81E } },
    { 0x4E5F, { 0x000, 0x040, 0x240, 0x24C, 0x274, 0x3C4, 0xE44, 0x24C, 0x240, 0x202, 0x202, 0x1FE } },
    { 0x4E60, { 0x000, 0x7FE, 0x002, 0x102, 0x082, 0x042, 0x002, 0x01A, 0x062, 0x182, 0x602, 0x00C } },
    { 0x4E66, { 0x000, 0x088, 0x084, 0x7F8, 0x088, 0x088, 0xFFE, 0x082, 0x082, 0x082, 0x08C, 0x080 } },
    { 0x4E70, { 0x000, 0xFFE, 0x002, 0x224, 0x120, 0x420, 0x220, 0xFFE, 0x040, 0x090, 0x308, 0xC06 } },
    { 0x4E71, { 0x000, 0x0D0, 0x710, 0x110, 0x110, 0xFD0, 0x110, 0x110, 0x7D0, 0x452, 0x452, 0x7CE } },
    { 0x4E86, { 0x000, 0x7FC, 0x004, 0x008, 0x010, 0x020, 0x020, 0x020, 0x020, 0x020, 0x020, 0x0E0 } },
    { 0x4E89, { 0x000, 0x200, 0x3F0, 0x410, 0x7FC, 0x044, 0xFFE, 0x044, 0x7FC, 0x040, 0x040, 0x1C0 } },
    { 0x4E8B, { 0x000, 0x040, 0xFFE, 0x248, 0x248, 0x7FC, 0x044, 0xFFE, 0x044, 0x7FC, 0x040, 0x1C0 } },
    { 0x4E8C, { 0x000, 0x000, 0x7FC, 0x000, 0x000, 0x000, 0x000, 0x000, 0x000, 0x000, 0xFFE, 0x000 } },
    { 0x4E8E, { 0x000, 0x7FC, 0x040, 0x040, 0x040, 0x040, 0xFFE, 0x040, 0x040, 0x040, 0x040, 0x1C0 } },
    { 0x4E94, { 0x000, 0x7FC, 0x080, 0x080, 0x080, 0x7F8, 0x108, 0x108, 0x108, 0x208, 0x208, 0xFFE } },
    { 0x4E9B, { 0x000, 0x110, 0x512, 0x5D4, 0x518, 0x512, 0x5D2, 0xE0E, 0x000, 0x3F8, 0x000, 0xFFE } },
    { 0x4EA1, { 0x000, 0x080, 0x040, 0xFFE, 0x200, 0x200, 0x200, 0x200, 0x200, 0x200, 0x200, 0x3FC } },
    { 0x4EA4, { 0x000, 0x040, 0xFFE, 0x000, 0x110, 0x208, 0xD16, 0x0A0, 0x040, 0x0A0, 0x318, 0xC06 } },
    { 0x4EA7, { 0x000, 0x020, 0x7FE, 0x104, 0x088, 0x7FE, 0x400, 0x400, 0x400, 0x400, 0x400, 0x800 } },
    { 0x4EAE, { 0x000, 0x040, 0xFFE, 0x208, 0x3F8, 0x000, 0xFFE, 0x802, 0x1F0, 0x110, 0x212, 0xC1E } },
    { 0x4EB2, { 0x000, 0x040, 0x7FC, 0x208, 0x110, 0xFFE, 0x040, 0xFFE, 0x040, 0x248, 0xC46, 0x0C0 } },
    { 0x4EBA, { 0x000, 0x040, 0x040, 0x040, 0x040, 0x0A0, 0x0A0, 0x110, 0x110, 0x208, 0x404, 0x802 } },
    { 0x4EC0, { 0x000, 0x110, 0x110, 0x210, 0x210, 0x6FE, 0xA10, 0x210, 0x210, 0x210, 0x210, 0x210 } },
    { 0x4EC5, { 0x000, 0x2FE, 0x282, 0x482, 0x482, 0xC44, 0x444, 0x444, 0x428, 0x410, 0x428, 0x4C6 } },
    { 0x4EC6, { 0x000, 0x110, 0x110, 0x210, 0x210, 0x618, 0xA14, 0x212, 0x210, 0x210, 0x210, 0x210 } },
    { 0x4ECA, { 0x000, 0x040, 0x0A0, 0x318, 0xC06, 0x040, 0x020, 0x7FC, 0x008, 0x010, 0x020, 0x040 } },
    { 0x4ECD, { 0x000, 0x2FC, 0x244, 0x444, 0x448, 0xC4E, 0x442, 0x442, 0x442, 0x482, 0x482, 0x50C } },
    { 0x4ECE, { 0x000, 0x110, 0x110, 0x110, 0x110, 0x110, 0x2A8, 0x2A8, 0x2A8, 0x444, 0x444, 0x882 } },
    { 0x4ED6, { 0x000, 0x210, 0x290, 0x496, 0x4BA, 0xDD2, 0x492, 0x496, 0x490, 0x482, 0x482, 0x47E } },
    { 0x4ED8, { 0x000, 0x208, 0x208, 0x4FE, 0x408, 0xC08, 0x488, 0x448, 0x448, 0x408, 0x408, 0x438 } },
    { 0x4EE3, { 0x000, 0x228, 0x224, 0x420, 0x43E, 0xDE0, 0x420, 0x420, 0x410, 0x412, 0x40A, 0x406 } },
    { 0x4EE4, { 0x000, 0x040, 0x0A0, 0x318, 0xC06, 0x040, 0x020, 0x7FC, 0x008, 0x190, 0x060, 0x018 } },
    { 0x4EE5, { 0x000, 0x008, 0x488, 0x448, 0x448, 0x408, 0x408, 0x490, 0x510, 0x628, 0x444, 0x182 } },
    { 0x4EEC, { 0x000, 0x29E, 0x242, 0x402, 0x482, 0xC82, 0x482, 0x482, 0x482, 0x482, 0x482, 0x48E } },
    { 0x4EF6, { 0x000, 0x290, 0x290, 0x4FE, 0x510, 0xC10, 0x410, 0x5FE, 0x410, 0x410, 0x410, 0x410 } },
    { 0x4EF7, { 0x000, 0x210, 0x228, 0x444, 0x582, 0xC44, 0x444, 0x444, 0x444, 0x444, 0x444, 0x484 } },
    { 0x4EFB, { 0x000, 0x20C, 0x2F0, 0x410, 0x410, 0xC10, 0x5FE, 0x410, 0x410, 0x410, 0x410, 0x4FC } },
    { 0x4EFD, { 0x000, 0x248, 0x248, 0x484, 0x484, 0xD02, 0x4FC, 0x444, 0x444, 0x484, 0x484, 0x518 } },
    { 0x4F0A, { 0x000, 0x2FC, 0x224, 0x424, 0x5FE, 0xC24, 0x424, 0x4FC, 0x420, 0x420, 0x440, 0x580 } },
    { 0x4F0F, { 0x000, 0x114, 0x112, 0x210, 0x2FE, 0x610, 0xA28, 0x228, 0x228, 0x244, 0x244, 0x282 } },
    { 0x4F18, { 0x000, 0x228, 0x224, 0x420, 0x5FE, 0xC20, 0x450, 0x450, 0x450, 0x492, 0x492, 0x51E } },
    { 0x4F1A, { 0x000, 0x040, 0x0A0, 0x318, 0xC06, 0x3F8, 0x000, 0x000, 0xFFE, 0x100, 0x208, 0x7F4 } },
    { 0x4F20, { 0x000, 0x210, 0x2FC, 0x420, 0x420, 0xDFE, 0x440, 0x4FC, 0x404, 0x448, 0x430, 0x408 } },
    { 0x4F24, { 0x000, 0x240, 0x27E, 0x480, 0x520, 0xC20, 0x4FE, 0x422, 0x422, 0x442, 0x442, 0x48C } },
    { 0x4F38, { 0x000, 0x210, 0x210, 0x4FE, 0x492, 0xC92, 0x4FE, 0x492, 0x492, 0x4FE, 0x410, 0x410 } },
    { 0x4F46, { 0x000, 0x2FC, 0x284, 0x484, 0x484, 0xCFC, 0x484, 0x484, 0x484, 0x4FC, 0x400, 0x5FE } },
    { 0x4F4D, { 0x000, 0x220, 0x210, 0x5FE, 0x400, 0xC84, 0x484, 0x444, 0x448, 0x448, 0x410, 0x5FE } },
    { 0x4F4E, { 0x000, 0x20C, 0x2F0, 0x490, 0x490, 0xC90, 0x4FE, 0x490, 0x488, 0x48A, 0x4A6, 0x4D2 } },
    { 0x4F4F, { 0x000, 0x220, 0x210, 0x5FE, 0x410, 0xC10, 0x410, 0x4FC, 0x410, 0x410, 0x410, 0x5FE } },
    { 0x4F53, { 0x000, 0x220, 0x220, 0x5FE, 0x420, 0xC70, 0x4A8, 0x4A8, 0x524, 0x6FA, 0x420, 0x420 } },
    { 0x4F55, { 0x000, 0x2FE, 0x204, 0x404, 0x4F4, 0xC94, 0x494, 0x494, 0x4F4, 0x404, 0x404, 0x41C } },
    { 0x4F59, { 0x000, 0x0E0, 0x110, 0x208, 0xDF6, 0x040, 0x040, 0x7FC, 0x040, 0x248, 0xC46, 0x0C0 } },
    { 0x4F5C, { 0x000, 0x240, 0x240, 0x47E, 0x4A0, 0xD20, 0x43E, 0x420, 0x420, 0x43E, 0x420, 0x420 } },
    { 0x4F60, { 0x000, 0x280, 0x2FE, 0x482, 0x512, 0xC10, 0x454, 0x454, 0x492, 0x512, 0x410, 0x430 } },
    { 0x4F7F, { 0x000, 0x210, 0x2FE, 0x410, 0x4FE, 0xC92, 0x492, 0x4FE, 0x450, 0x420, 0x450, 0x58E } },
    { 0x4F8D, { 0x000, 0x210, 0x27C, 0x410, 0x410, 0xCFE, 0x404, 0x4FE, 0x444, 0x424, 0x404, 0x41C } },
    { 0x4F9B, { 0x000, 0x248, 0x248, 0x5FE, 0x448, 0xC48, 0x448, 0x5FE, 0x400, 0x448, 0x484, 0x502 } },
    { 0x4F9D, { 0x000, 0x220, 0x210, 0x5FE, 0x420, 0xC50, 0x492, 0x594, 0x488, 0x488, 0x4A4, 0x4C2 } },
    { 0x4FA0, { 0x000, 0x210, 0x2FE, 0x410, 0x492, 0xC54, 0x410, 0x5FE, 0x410, 0x428, 0x444, 0x582 } },
    { 0x4FBF, { 0x000, 0x2FE, 0x210, 0x4FE, 0x492, 0xCFE, 0x492, 0x4FE, 0x450, 0x420, 0x450, 0x58E } },
    { 0x4FDD, { 0x000, 0x2FC, 0x284, 0x484, 0x4FC, 0xC10, 0x410, 0x5FE, 0x438, 0x454, 0x592, 0x410 } },
    { 0x4FE1, { 0x000, 0x220, 0x210, 0x5FE, 0x400, 0xCFC, 0x400, 0x4FC, 0x400, 0x4FC, 0x484, 0x4FC } },
    { 0x4FED, { 0x000, 0x210, 0x228, 0x444, 0x582, 0xC7C, 0x400, 0x4A2, 0x454, 0x454, 0x408, 0x5FE } },
    { 0x4FEE, { 0x000, 0x240, 0x27C, 0x4C8, 0x530, 0xDCE, 0x510, 0x564, 0x518, 0x564, 0x418, 0x4E0 } },
    { 0x500D, { 0x000, 0x210, 0x2FC, 0x400, 0x484, 0xC48, 0x5FE, 0x400, 0x4FC, 0x484, 0x484, 0x4FC } },
    { 0x5012, { 0x000, 0x3F2, 0x24A, 0x48A, 0x52A, 0xDDA, 0x44A, 0x44A, 0x5F2, 0x442, 0x472, 0x58E } },
    { 0x5019, { 0x000, 0x27C, 0x204, 0x5FE, 0x540, 0xD7E, 0x590, 0x510, 0x5FE, 0x528, 0x444, 0x482 } },
    { 0x501F, { 0x000, 0x248, 0x2FC, 0x448, 0x448, 0xDFE, 0x400, 0x4FC, 0x484, 0x4FC, 0x484, 0x4FC } },
    { 0x503C, { 0x000, 0x210, 0x2FE, 0x410, 0x4FC, 0xC84, 0x4FC, 0x484, 0x4FC, 0x484, 0x484, 0x5FE } },
    { 0x503E, { 0x000, 0x23E, 0x208, 0x53E, 0x522, 0xDEA, 0x52A, 0x52A, 0x56A, 0x588, 0x414, 0x422 } },
    { 0x505A, { 0x000, 0x290, 0x290, 0x5DE, 0x4A4, 0xC94, 0x494, 0x5D4, 0x554, 0x548, 0x554, 0x5E2 } },
    { 0x505C, { 0x000, 0x220, 0x3FE, 0x484, 0x4FC, 0xC00, 0x5FE, 0x502, 0x4FC, 0x410, 0x410, 0x470 } },
    { 0x5065, { 0x000, 0x208, 0x3BE, 0x48A, 0x4FE, 0xD0A, 0x5BE, 0x488, 0x4BE, 0x588, 0x4C8, 0x53E } },
    { 0x5077, { 0x000, 0x230, 0x248, 0x484, 0x57A, 0xC00, 0x5EA, 0x52A, 0x5EA, 0x52A, 0x5E2, 0x526 } },
    { 0x50B2, { 0x000, 0x248, 0x2E8, 0x44E, 0x5F2, 0xC4A, 0x5EA, 0x48A, 0x4EA, 0x4A4, 0x4AA, 0x572 } },
    { 0x50CF, { 0x000, 0x278, 0x288, 0x5FE, 0x492, 0xCFE, 0x470, 0x59A, 0x46C, 0x59A, 0x46A, 0x598 } },
    { 0x50E7, { 0x000, 0x244, 0x3FE, 0x512, 0x556, 0xDFE, 0x400, 0x4FC, 0x484, 0x4FC, 0x484, 0x4FC } },
    { 0x513F, { 0x000, 0x110, 0x110, 0x110, 0x110, 0x110, 0x110, 0x110, 0x210, 0x212, 0x412, 0x81E } },
    { 0x5143, { 0x000, 0x7FC, 0x000, 0x000, 0x000, 0xFFE, 0x110, 0x110, 0x110, 0x112, 0x212, 0xC1E } },
    { 0x5145, { 0x000, 0x040, 0xFFE, 0x080, 0x110, 0x208, 0x7FC, 0x114, 0x110, 0x110, 0x212, 0xC1E } },
    { 0x5146, { 0x000, 0x120, 0x924, 0x528, 0x330, 0x120, 0x330, 0x528, 0x924, 0x120, 0x222, 0xC3E } },
    { 0x5148, { 0x000, 0x240, 0x240, 0x3FC, 0x440, 0x040, 0xFFE, 0x110, 0x110, 0x112, 0x212, 0xC1E } },
    { 0x5149, { 0x000, 0x040, 0x444, 0x248, 0x150, 0x040, 0xFFE, 0x110, 0x110, 0x112, 0x212, 0xC1E } },
    { 0x514B, { 0x000, 0x040, 0xFFE, 0x040, 0x7FC, 0x404, 0x404, 0x7FC, 0x110, 0x112, 0x212, 0xC1E } },
    { 0x514D, { 0x000, 0x200, 0x3F0, 0x410, 0xFFC, 0x444, 0x444, 0x7FC, 0x0A0, 0x0A2, 0x122, 0xE3E } },
    { 0x515C, { 0x000, 0x040, 0x5F6, 0x912, 0x9F2, 0x912, 0xDF6, 0x000, 0x110, 0x112, 0x212, 0xC1E } },
    { 0x5165, { 0x000, 0x100, 0x080, 0x040, 0x040, 0x0A0, 0x0A0, 0x110, 0x110, 0x208, 0x404, 0x802 } },
    { 0x5168, { 0x000, 0x040, 0x0A0, 0x318, 0xC06, 0x3F8, 0x040, 0x040, 0x7FC, 0x040, 0x040, 0xFFE } },
    { 0x516B, { 0x000, 0x110, 0x110, 0x110, 0x110, 0x110, 0x208, 0x208, 0x208, 0x404, 0x404, 0x802 } },
    { 0x516D, { 0x000, 0x080, 0x040, 0x000, 0xFFE, 0x000, 0x000, 0x208, 0x204, 0x404, 0x402, 0x802 } },
    { 0x5171, { 0x000, 0x110, 0x110, 0x7FC, 0x110, 0x110, 0x110, 0xFFE, 0x000, 0x110, 0x208, 0xC06 } },
    { 0x5173, { 0x000, 0x208, 0x110, 0x7FC, 0x040, 0x040, 0x040, 0xFFE, 0x0A0, 0x110, 0x208, 0xC06 } },
    { 0x5176, { 0x000, 0x208, 0xFFE, 0x208, 0x3F8, 0x208, 0x3F8, 0x208, 0xFFE, 0x000, 0x208, 0xC06 } },
    { 0x5178, { 0x000, 0x0A0, 0x7FC, 0x4A4, 0x4A4, 0x7FC, 0x4A4, 0x4A4, 0xFFE, 0x000, 0x208, 0xC06 } },
    { 0x517B, { 0x000, 0x110, 0xFFE, 0x040, 0x7FC, 0x080, 0xFFE, 0x208, 0x514, 0x912, 0x110, 0x210 } },
    { 0x517D, { 0x000, 0x208, 0x110, 0x7FC, 0x444, 0x7FC, 0x444, 0xFFE, 0x000, 0x7FC, 0x404, 0x7FC } },
    { 0x5185, { 0x000, 0x040, 0x040, 0xFFE, 0x842, 0x842, 0x8A2, 0x912, 0xA0A, 0x802, 0x802, 0x80E } },
    { 0x518D, { 0x000, 0xFFE, 0x040, 0x7FC, 0x444, 0x7FC, 0x444, 0x444, 0xFFE, 0x404, 0x404, 0x41C } },
    { 0x5195, { 0x000, 0x7FC, 0x404, 0x5F4, 0x404, 0x5F4, 0x210, 0xFFC, 0x444, 0x7FC, 0x122, 0xE3E } },
    { 0x5199, { 0x000, 0xFFE, 0x802, 0x902, 0x1F8, 0x200, 0x3FC, 0x004, 0x004, 0xFF4, 0x004, 0x038 } },
    { 0x519B, { 0x000, 0xFFE, 0x802, 0x882, 0x7FC, 0x100, 0x240, 0x7FC, 0x040, 0xFFE, 0x040, 0x040 } },
    { 0x51A0, { 0x000, 0xFFE, 0x802, 0x704, 0x03E, 0x004, 0xFA4, 0x514, 0x504, 0x50C, 0x502, 0x9FE } },
    { 0x51AC, { 0x000, 0x100, 0x1F8, 0x208, 0xD10, 0x0E0, 0x318, 0xCC6, 0x030, 0x300, 0x0C0, 0x038 } },
    { 0x51B0, { 0x000, 0x820, 0x420, 0x422, 0x3B4, 0x0B4, 0x0A8, 0x4A8, 0x524, 0x524, 0xA22, 0x860 } },
    { 0x51B2, { 0x000, 0x810, 0x410, 0x5FE, 0x112, 0x112, 0x112, 0x5FE, 0x410, 0x410, 0x810, 0x810 } },
    { 0x51B7, { 0x000, 0x810, 0x428, 0x444, 0x182, 0x010, 0x008, 0x4FE, 0x404, 0x448, 0x830, 0x80C } },
    { 0x51BB, { 0x000, 0x820, 0x5FE, 0x440, 0x090, 0x110, 0x1FE, 0x410, 0x494, 0x492, 0x912, 0x830 } },
    { 0x51C0, { 0x000, 0x880, 0x4F8, 0x508, 0x1FC, 0x024, 0x3FE, 0x424, 0x5FC, 0x420, 0x820, 0x8E0 } },
    { 0x51C6, { 0x000, 0x850, 0x448, 0x4FE, 0x188, 0x0FE, 0x088, 0x488, 0x4FE, 0x488, 0x888, 0x8FE } },
    { 0x51C9, { 0x000, 0x810, 0x5FE, 0x400, 0x0FC, 0x084, 0x084, 0x4FC, 0x410, 0x494, 0x912, 0x830 } },
    { 0x51CB, { 0x000, 0x8FE, 0x492, 0x4BA, 0x092, 0x0BA, 0x082, 0x4BA, 0x4AA, 0x4BA, 0x882, 0x906 } },
    { 0x51CF, { 0x000, 0x80A, 0x40A, 0x4FE, 0x088, 0x0EA, 0x08A, 0x4EA, 0x4A4, 0x4E4, 0x88A, 0x932 } },
    { 0x51E0, { 0x000, 0x3F0, 0x210, 0x210, 0x210, 0x210, 0x210, 0x210, 0x210, 0x412, 0x412, 0x81E } },
    { 0x51E4, { 0x000, 0x7FC, 0x404, 0x5F4, 0x414, 0x514, 0x4A4, 0x4A4, 0x444, 0x4A4, 0x516, 0x802 } },
    { 0x51F0, { 0x000, 0x7FC, 0x444, 0x5F4, 0x514, 0x5F4, 0x514, 0x5F4, 0x444, 0x5F4, 0x446, 0xBFA } },
    { 0x51F6, { 0x000, 0x208, 0x110, 0x912, 0x8A2, 0x842, 0x8A2, 0x912, 0x912, 0xA0A, 0x802, 0xFFE } },
    { 0x51FA, { 0x000, 0x040, 0x444, 0x444, 0x444, 0x7FC, 0x040, 0x040, 0x842, 0x842, 0x842, 0xFFE } },
    { 0x51FB, { 0x000, 0x040, 0x040, 0x7FC, 0x040, 0x040, 0xFFE, 0x040, 0x444, 0x444, 0x444, 0x7FC } },
    { 0x5200, { 0x000, 0x7FE, 0x082, 0x082, 0x082, 0x082, 0x082, 0x082, 0x102, 0x102, 0x202, 0xC1C } },
    { 0x5203, { 0x000, 0x7FE, 0x042, 0x042, 0x242, 0x242, 0x242, 0x482, 0x082, 0x102, 0x202, 0xC1C } },
    { 0x5206, { 0x000, 0x110, 0x110, 0x208, 0x208, 0x404, 0xBFA, 0x088, 0x088, 0x108, 0x208, 0xC30 } },
    { 0x5207, { 0x000, 0x4FE, 0x422, 0x422, 0x722, 0xC22, 0x422, 0x422, 0x522, 0x642, 0x442, 0x08C } },
    { 0x5212, { 0x000, 0x282, 0x24A, 0x20A, 0x3EA, 0xE0A, 0x24A, 0x28A, 0x10A, 0x122, 0x2A2, 0xC6E } },
    { 0x521B, { 0x000, 0x102, 0x28A, 0x44A, 0x82A, 0x7CA, 0x44A, 0x44A, 0x5CA, 0x402, 0x422, 0x3EE } },
    { 0x521D, { 0x000, 0x4FE, 0x222, 0xF22, 0x122, 0x222, 0x2A2, 0x722, 0xAA2, 0x242, 0x242, 0x28C } },
    { 0x5220, { 0x000, 0xEE2, 0xAAA, 0xAAA, 0xAAA, 0xAAA, 0xFFA, 0xAAA, 0xAAA, 0xAA2, 0xAA2, 0x76E } },
    { 0x5229, { 0x000, 0x0C2, 0x702, 0x112, 0x112, 0xFD2, 0x112, 0x312, 0x392, 0x542, 0x902, 0x10E } },
    { 0x522B, { 0x000, 0xFC2, 0x852, 0x852, 0xFD2, 0x212, 0xFD2, 0x252, 0x252, 0x442, 0x442, 0x98E } },
    { 0x5230, { 0x000, 0xFE2, 0x10A, 0x20A, 0x44A, 0xFAA, 0x10A, 0x10A, 0xFEA, 0x102, 0x1E2, 0xE0E } },
    { 0x5236, { 0x000, 0x502, 0x7EA, 0x90A, 0x10A, 0xFEA, 0x10A, 0xFEA, 0x92A, 0x922, 0x962, 0x10E } },
    { 0x5237, { 0x000, 0x7E2, 0x42A, 0x7EA, 0x48A, 0x48A, 0x7EA, 0x6AA, 0x6AA, 0xAA2, 0xAE2, 0x88E } },
    { 0x523A, { 0x000, 0x102, 0xFEA, 0x10A, 0xFEA, 0x92A, 0x92A, 0x96A, 0x38A, 0x542, 0x922, 0x10E } },
    { 0x523B, { 0x000, 0x102, 0xFEA, 0x20A, 0x44A, 0xF8A, 0x10A, 0x22A, 0xC4A, 0x082, 0x342, 0xC2E } },
    { 0x5241, { 0x000, 0x782, 0x48A, 0x48A, 0x48A, 0x8EA, 0x10A, 0x10A, 0xFEA, 0x382, 0x542, 0x92E } },
    { 0x5242, { 0x000, 0x102, 0xFEA, 0x44A, 0x28A, 0x10A, 0x28A, 0xC6A, 0x44A, 0x442, 0x442, 0x84E } },
    { 0x524D, { 0x000, 0x208, 0x110, 0xFFE, 0x000, 0x7D4, 0x454, 0x7D4, 0x454, 0x7D4, 0x444, 0x4CC } },
    { 0x5251, { 0x000, 0x102, 0x28A, 0x44A, 0x82A, 0x7CA, 0x02A, 0xA2A, 0x54A, 0x542, 0x0E2, 0xF0E } },
    { 0x5265, { 0x000, 0x7C2, 0x04A, 0x7CA, 0x04A, 0xFEA, 0x10A, 0x92A, 0x54A, 0x382, 0x542, 0xB2E } },
    { 0x5267, { 0x000, 0x7E2, 0x42A, 0x42A, 0x7EA, 0x48A, 0x7EA, 0x48A, 0x7EA, 0x622, 0xA22, 0xBEE } },
    { 0x5269, { 0x000, 0x0C2, 0x70A, 0x10A, 0xFEA, 0x54A, 0xD6A, 0x54A, 0xD6A, 0x382, 0x542, 0x92E } },
    { 0x526F, { 0x000, 0xFE2, 0x00A, 0x7CA, 0x44A, 0x7CA, 0x00A, 0xFEA, 0x92A, 0xFE2, 0x922, 0xFEE } },
    { 0x5272, { 0x000, 0x102, 0xFEA, 0x92A, 0x7CA, 0x10A, 0x7CA, 0x10A, 0xFEA, 0x442, 0x442, 0x7CE } },
    { 0x529B, { 0x000, 0x040, 0x040, 0x7FE, 0x042, 0x042, 0x042, 0x082, 0x082, 0x102, 0x202, 0xC1C } },
    { 0x529E, { 0x000, 0x080, 0x080, 0x7F8, 0x088, 0x48C, 0x48A, 0x88A, 0x108, 0x108, 0x208, 0xC30 } },
    { 0x529F, { 0x000, 0x020, 0xF20, 0x2FE, 0x222, 0x222, 0x222, 0x222, 0x322, 0xC42, 0x042, 0x08C } },
    { 0x52A0, { 0x000, 0x200, 0x21E, 0xFD2, 0x252, 0x252, 0x252, 0x252, 0x252, 0x452, 0x452, 0x99E } },
    { 0x52A8, { 0x000, 0x010, 0x790, 0x07E, 0x012, 0xF92, 0x212, 0x412, 0x492, 0x9A2, 0xEA2, 0x04C } },
    { 0x52AB, { 0x000, 0x210, 0x210, 0xFBE, 0x212, 0x212, 0xFD2, 0x212, 0x492, 0x4A2, 0x9A2, 0xE4C } },
    { 0x52B1, { 0x000, 0xFD0, 0x810, 0xFBE, 0xA12, 0xA12, 0xBD2, 0xA52, 0xA52, 0xA52, 0xA62, 0x4CC } },
    { 0x52BF, { 0x000, 0x210, 0xFBC, 0x214, 0x354, 0xE24, 0x252, 0x442, 0xFFC, 0x084, 0x104, 0x618 } },
    { 0x52C7, { 0x000, 0x7F8, 0x090, 0x7FC, 0x444, 0x7FC, 0x444, 0x444, 0xFFE, 0x082, 0x302, 0xC1C } },
    { 0x5305, { 0x000, 0x200, 0x3FC, 0x404, 0xBE4, 0x224, 0x224, 0x3E4, 0x21C, 0x200, 0x202, 0x1FE } },
    { 0x5315, { 0x000, 0x400, 0x400, 0x40C, 0x430, 0x4C0, 0x700, 0x400, 0x400, 0x404, 0x404, 0x3FC } },
    { 0x5316, { 0x000, 0x220, 0x220, 0x424, 0x428, 0xC30, 0x460, 0x5A0, 0x420, 0x422, 0x422, 0x41E } },
    { 0x5319, { 0x000, 0xFA0, 0x8A0, 0xFA2, 0x8A4, 0xFB8, 0x020, 0xFA2, 0x222, 0xB9E, 0xE00, 0x9FE } },
    { 0x5320, { 0x000, 0xFFE, 0x800, 0x818, 0x9E0, 0x900, 0x900, 0x9FC, 0x910, 0x910, 0xA10, 0xFFE } },
    { 0x533A, { 0x000, 0xFFE, 0x800, 0x904, 0x888, 0x850, 0x820, 0x850, 0x888, 0x904, 0x800, 0xFFE } },
    { 0x5341, { 0x000, 0x040, 0x040, 0x040, 0x040, 0xFFE, 0x040, 0x040, 0x040, 0x040, 0x040, 0x040 } },
    { 0x5343, { 0x000, 0x03C, 0x7C0, 0x040, 0x040, 0x040, 0xFFE, 0x040, 0x040, 0x040, 0x040, 0x040 } },
    { 0x5347, { 0x000, 0x0C8, 0x708, 0x108, 0x108, 0x108, 0xFFE, 0x108, 0x108, 0x108, 0x208, 0xC08 } },
    { 0x534A, { 0x000, 0x040, 0x444, 0x248, 0x040, 0x7FC, 0x040, 0x040, 0xFFE, 0x040, 0x040, 0x040 } },
    { 0x5355, { 0x000, 0x208, 0x110, 0x7FC, 0x444, 0x7FC, 0x444, 0x7FC, 0x040, 0xFFE, 0x040, 0x040 } },
    { 0x5361, { 0x000, 0x040, 0x040, 0x07C, 0x040, 0x040, 0xFFE, 0x040, 0x050, 0x048, 0x044, 0x040 } },
    { 0x536B, { 0x000, 0x7FC, 0x084, 0x084, 0x084, 0x084, 0x084, 0x09C, 0x080, 0x080, 0x080, 0xFFE } },
    { 0x5370, { 0x000, 0x180, 0xE3E, 0x822, 0x822, 0xFA2, 0x822, 0x822, 0x9A2, 0xE2E, 0x020, 0x020 } },
    { 0x5373, { 0x000, 0xFBE, 0x8A2, 0x8A2, 0xFA2, 0x8A2, 0x8A2, 0xFA2, 0x922, 0x922, 0xAAE, 0xCA0 } },
    { 0x5374, { 0x000, 0x100, 0x11E, 0x7D2, 0x112, 0x112, 0xFD2, 0x212, 0x492, 0x496, 0x950, 0xE50 } },
    { 0x5377, { 0x000, 0x248, 0x150, 0x7FC, 0x080, 0xFFE, 0x110, 0x3F8, 0xE16, 0x270, 0x204, 0x1FC } },
    { 0x5384, { 0x000, 0x7FE, 0x400, 0x400, 0x4FC, 0x484, 0x484, 0x49C, 0x480, 0x482, 0x482, 0x87E } },
    { 0x5385, { 0x000, 0x7FE, 0x400, 0x400, 0x5FE, 0x410, 0x410, 0x410, 0x410, 0x410, 0x410, 0x870 } },
    { 0x5386, { 0x000, 0x7FE, 0x400, 0x420, 0x420, 0x5FE, 0x422, 0x422, 0x442, 0x442, 0x482, 0xB0C } },
    { 0x538B, { 0x000, 0x7FE, 0x400, 0x420, 0x420, 0x420, 0x5FC, 0x420, 0x428, 0x424, 0x420, 0xBFE } },
    { 0x539A, { 0x000, 0x7FE, 0x504, 0x5FC, 0x504, 0x5FC, 0x400, 0x5FC, 0x408, 0x7FE, 0x410, 0x870 } },
    { 0x539F, { 0x000, 0x7FE, 0x420, 0x5FC, 0x504, 0x5FC, 0x504, 0x5FC, 0x420, 0x524, 0x522, 0xA62 } },
    { 0x53BB, { 0x000, 0x040, 0x040, 0x7FC, 0x040, 0x040, 0xFFE, 0x080, 0x108, 0x108, 0x234, 0x7C4 } },
    { 0x53C2, { 0x000, 0x100, 0x208, 0x7F4, 0x080, 0xFFE, 0x110, 0x2C8, 0xC36, 0x3C0, 0x018, 0x7E0 } },
    { 0x53C8, { 0x000, 0x7FC, 0x404, 0x404, 0x208, 0x208, 0x110, 0x0A0, 0x040, 0x0A0, 0x318, 0xC06 } },
    { 0x53CC, { 0x000, 0xFBE, 0x0A2, 0x8A2, 0x8A2, 0x8A2, 0x8A2, 0x514, 0x514, 0x208, 0x514, 0x8A2 } },
    { 0x53D1, { 0x000, 0x490, 0x488, 0x880, 0xFFE, 0x100, 0x1F8, 0x288, 0x250, 0x420, 0x4D8, 0xB06 } },
    { 0x53D6, { 0x000, 0xFC0, 0x4BE, 0x7A2, 0x4A2, 0x4A2, 0x7A2, 0x494, 0x494, 0x5C8, 0xE94, 0x0A2 } },
    { 0x53D7, { 0x000, 0x01C, 0x7E0, 0x244, 0x128, 0xFFE, 0x802, 0xBFA, 0x208, 0x110, 0x0E0, 0xF1E } },
    { 0x53D8, { 0x000, 0x040, 0xFFE, 0x110, 0x514, 0x912, 0x110, 0x7FC, 0x208, 0x110, 0x0E0, 0xF1E } },
    { 0x53E0, { 0x000, 0x3F8, 0x110, 0x0E0, 0xFBE, 0x514, 0x208, 0xFFE, 0xA0A, 0x3F8, 0x208, 0xFFE } },
    { 0x53E3, { 0x000, 0x000, 0x7FC, 0x404, 0x404, 0x404, 0x404, 0x404, 0x404, 0x404, 0x7FC, 0x000 } },
    { 0x53E4, { 0x000, 0x040, 0x040, 0xFFE, 0x040, 0x040, 0x040, 0x7FC, 0x404, 0x404, 0x404, 0x7FC } },
    { 0x53E6, { 0x000, 0x7FC, 0x404, 0x404, 0x7FC, 0x080, 0xFFE, 0x082, 0x082, 0x102, 0x202, 0xC1C } },
    { 0x53EA, { 0x000, 0x7FC, 0x404, 0x404, 0x404, 0x404, 0x7FC, 0x000, 0x000, 0x208, 0x404, 0x802 } },
    { 0x53EB, { 0x000, 0x002, 0xF22, 0x922, 0x922, 0x922, 0x922, 0x922, 0x92E, 0xF32, 0x002, 0x002 } },
    { 0x53EC, { 0x000, 0xFFE, 0x042, 0x082, 0x302, 0xC1C, 0x000, 0x7FC, 0x404, 0x404, 0x404, 0x7FC } },
    { 0x53EF, { 0x000, 0xFFE, 0x004, 0x004, 0x3E4, 0x224, 0x224, 0x224, 0x3E4, 0x004, 0x004, 0x01C } },
    { 0x53F0, { 0x000, 0x080, 0x100, 0x208, 0x404, 0xFFA, 0x002, 0x7FC, 0x404, 0x404, 0x404, 0x7FC } },
    { 0x53F3, { 0x000, 0x080, 0x080, 0xFFE, 0x100, 0x100, 0x200, 0x3FC, 0x604, 0xA04, 0x204, 0x3FC } },
    { 0x53F7, { 0x000, 0x3F8, 0x208, 0x208, 0x3F8, 0x000, 0xFFE, 0x100, 0x1F8, 0x008, 0x008, 0x070 } },
    { 0x53F8, { 0x000, 0xFFE, 0x002, 0xFFA, 0x002, 0x7F2, 0x412, 0x412, 0x412, 0x7F2, 0x002, 0x00E } },
    { 0x53F9, { 0x000, 0x0FE, 0xE82, 0xA82, 0xA82, 0xA44, 0xA44, 0xA44, 0xA28, 0xE10, 0x028, 0x0C6 } },
    { 0x5404, { 0x000, 0x100, 0x1F8, 0x208, 0x510, 0x0E0, 0x318, 0xC06, 0x3F8, 0x208, 0x208, 0x3F8 } },
    { 0x5408, { 0x000, 0x040, 0x0A0, 0x318, 0xC06, 0x3F8, 0x000, 0x7FC, 0x404, 0x404, 0x404, 0x7FC } },
    { 0x540A, { 0x000, 0x7FC, 0x404, 0x404, 0x7FC, 0x040, 0xFFE, 0x842, 0x842, 0x842, 0x846, 0x040 } },
    { 0x540C, { 0x000, 0xFFE, 0x802, 0xBFA, 0x802, 0x9F2, 0x912, 0x912, 0x912, 0x9F2, 0x802, 0x80E } },
    { 0x540D, { 0x000, 0x080, 0x0FC, 0x104, 0x688, 0x050, 0x020, 0x1FE, 0xF02, 0x102, 0x102, 0x1FE } },
    { 0x540E, { 0x000, 0x03C, 0x7C0, 0x400, 0x400, 0x7FE, 0x400, 0x5FC, 0x504, 0x504, 0x504, 0x9FC } },
    { 0x5411, { 0x000, 0x080, 0x100, 0xFFE, 0x802, 0x9F2, 0x912, 0x912, 0x912, 0x9F2, 0x802, 0x80E } },
    { 0x541B, { 0x000, 0x7FC, 0x044, 0xFFE, 0x084, 0x7FC, 0x100, 0x200, 0x7FC, 0xA04, 0x204, 0x3FC } },
    { 0x541E, { 0x000, 0x7FC, 0x040, 0x040, 0xFFE, 0x110, 0x208, 0x7FC, 0xA0A, 0x208, 0x208, 0x3F8 } },
    { 0x5426, { 0x000, 0xFFE, 0x020, 0x0C0, 0x358, 0xC46, 0x040, 0x000, 0x7FC, 0x404, 0x404, 0x7FC } },
    { 0x5427, { 0x000, 0x0FE, 0xE92, 0xA92, 0xA92, 0xA92, 0xAFE, 0xA80, 0xA80, 0xE82, 0x082, 0x07E } },
    { 0x542C, { 0x000, 0x00C, 0xEF0, 0xA80, 0xA80, 0xAFE, 0xA88, 0xA88, 0xA88, 0xE88, 0x088, 0x108 } },
    { 0x542F, { 0x000, 0x020, 0x3FE, 0x202, 0x202, 0x3FE, 0x200, 0x3FE, 0x302, 0x502, 0x502, 0x9FE } },
    { 0x5438, { 0x000, 0x0FC, 0xE44, 0xA44, 0xA48, 0xA4E, 0xA42, 0xA62, 0xA54, 0xE88, 0x094, 0x162 } },
    { 0x543C, { 0x000, 0x1E8, 0xE28, 0xA48, 0xA48, 0xA48, 0xA68, 0xBC8, 0xA48, 0xE4A, 0x04A, 0x1CE } },
    { 0x5440, { 0x000, 0x0FE, 0xE44, 0xA44, 0xA84, 0xAFE, 0xA14, 0xA14, 0xA24, 0xE44, 0x184, 0x00C } },
    { 0x544A, { 0x000, 0x440, 0x7FC, 0x840, 0x040, 0xFFE, 0x000, 0x7FC, 0x404, 0x404, 0x404, 0x7FC } },
    { 0x5458, { 0x000, 0x3F8, 0x208, 0x3F8, 0x000, 0x7FC, 0x404, 0x444, 0x444, 0x0A0, 0x318, 0xC06 } },
    { 0x5468, { 0x000, 0x3FE, 0x222, 0x2FA, 0x222, 0x2FA, 0x202, 0x2FA, 0x28A, 0x4FA, 0x402, 0x80E } },
    { 0x5473, { 0x000, 0x010, 0xE10, 0xAFC, 0xA10, 0xA10, 0xBFE, 0xA10, 0xA38, 0xE54, 0x192, 0x010 } },
    { 0x547C, { 0x000, 0x00E, 0xEF0, 0xA10, 0xA92, 0xA54, 0xA10, 0xAFE, 0xA10, 0xE10, 0x010, 0x070 } },
    { 0x547D, { 0x000, 0x040, 0x0A0, 0x318, 0xDF6, 0x000, 0x7BC, 0x4A4, 0x4A4, 0x4A4, 0x7AC, 0x020 } },
    { 0x548C, { 0x000, 0x0C0, 0x71E, 0x112, 0x112, 0xFD2, 0x112, 0x312, 0x592, 0x952, 0x11E, 0x100 } },
    { 0x5492, { 0x000, 0x7BC, 0x4A4, 0x4A4, 0x7BC, 0x000, 0x1F0, 0x110, 0x110, 0x112, 0x212, 0xC1E } },
    { 0x54AC, { 0x000, 0x010, 0xEFE, 0xA00, 0xA44, 0xA82, 0xB44, 0xA44, 0xA28, 0xE10, 0x028, 0x0C6 } },
    { 0x54C1, { 0x000, 0x3F8, 0x208, 0x208, 0x208, 0x3F8, 0x000, 0xFBE, 0x8A2, 0x8A2, 0x8A2, 0xFBE } },
    { 0x54CD, { 0x000, 0x010, 0xE20, 0xAFE, 0xA82, 0xABA, 0xAAA, 0xAAA, 0xAAA, 0xEBA, 0x082, 0x086 } },
    { 0x54D1, { 0x000, 0x0FE, 0xE28, 0xA28, 0xA28, 0xA28, 0xAAA, 0xA6C, 0xA28, 0xE28, 0x028, 0x0FE } },
    { 0x54E5, { 0x000, 0xFFE, 0x224, 0x224, 0x3E4, 0x004, 0xFFE, 0x224, 0x224, 0x3E4, 0x004, 0x01C } },
    { 0x54EA, { 0x000, 0x1EE, 0xEAA, 0xAAA, 0xBEA, 0xAAC, 0xAAA, 0xBEA, 0xAAA, 0xEAE, 0x128, 0x268 } },
    { 0x5524, { 0x000, 0x020, 0xE38, 0xA48, 0xAFC, 0xA94, 0xA94, 0xA94, 0xBFE, 0xE28, 0x044, 0x182 } },
    { 0x552F, { 0x000, 0x050, 0xE48, 0xAFE, 0xB88, 0xAFE, 0xA88, 0xA88, 0xAFE, 0xE88, 0x088, 0x0FE } },
    { 0x5531, { 0x000, 0x07C, 0xE44, 0xA7C, 0xA44, 0xA7C, 0xA00, 0xAFE, 0xA82, 0xEFE, 0x082, 0x0FE } },
    { 0x5546, { 0x000, 0x040, 0xFFE, 0x208, 0x110, 0xFFE, 0x912, 0xA0A, 0xDF6, 0x912, 0x9F2, 0x806 } },
    { 0x554A, { 0x000, 0x0EE, 0xEA2, 0xAA2, 0xAAE, 0xACA, 0xAAA, 0xAAA, 0xAAE, 0xEE2, 0x082, 0x086 } },
    { 0x55B7, { 0x000, 0x010, 0xEFE, 0xA54, 0xAFE, 0xA44, 0xAFE, 0xA82, 0xA92, 0xE92, 0x028, 0x0C6 } },
    { 0x55DC, { 0x000, 0x020, 0xEFA, 0xA24, 0xBFE, 0xAC8, 0xB52, 0xAFE, 0xA84, 0xEFC, 0x084, 0x0FC } },
    { 0x55E1, { 0x000, 0x0BC, 0xE84, 0xB22, 0xA4A, 0xAF8, 0xA00, 0xBFE, 0xAAA, 0xE66, 0x0AA, 0x176 } },
    { 0x55E3, { 0x000, 0xFBE, 0x882, 0xFBA, 0x002, 0xFBA, 0xAAA, 0xAAA, 0xFAA, 0xABA, 0xA82, 0xA8E } },
    { 0x560E, { 0x000, 0x1FE, 0xE20, 0xAFC, 0xA84, 0xAFC, 0xA84, 0xA84, 0xBFE, 0xA88, 0xE72, 0x18E } },
    { 0x5636, { 0x000, 0x0A2, 0xFFC, 0xAA8, 0xAE8, 0xAAE, 0xAEA, 0xAAA, 0xBFA, 0xE0A, 0x0AA, 0x112 } },
    { 0x5668, { 0x000, 0x7BC, 0x4A4, 0x4A4, 0x7BC, 0x050, 0xFFE, 0x208, 0xFBE, 0x4A4, 0x4A4, 0x7BC } },
    { 0x566C, { 0x000, 0x088, 0xEEE, 0xB54, 0xA00, 0xAFE, 0xA10, 0xA54, 0xA54, 0xEBA, 0x010, 0x0FE } },
    { 0x568E, { 0x000, 0x010, 0xEFE, 0xA44, 0xA7C, 0xA00, 0xAFE, 0xA92, 0xA28, 0xEDA, 0x02C, 0x0DA } },
    { 0x56DB, { 0x000, 0xFFE, 0x912, 0x912, 0x912, 0x912, 0x912, 0xA1E, 0xC02, 0x802, 0x802, 0xFFE } },
    { 0x56DE, { 0x000, 0xFFE, 0x802, 0x802, 0x9F2, 0x912, 0x912, 0x912, 0x9F2, 0x802, 0x802, 0xFFE } },
    { 0x56E0, { 0x000, 0xFFE, 0x802, 0x842, 0x842, 0xBFA, 0x842, 0x8A2, 0x912, 0xA0A, 0x802, 0xFFE } },
    { 0x56E2, { 0x000, 0xFFE, 0x802, 0x822, 0xBFA, 0x862, 0x8A2, 0x922, 0xA22, 0x862, 0x802, 0xFFE } },
    { 0x56E4, { 0x000, 0xFFE, 0x842, 0xBFA, 0x842, 0xA4A, 0xA4A, 0xBFA, 0x842, 0x84A, 0x83A, 0xFFE } },
    { 0x56ED, { 0x000, 0xFFE, 0x802, 0x9F2, 0x802, 0xBFA, 0x8A2, 0x8A2, 0x92A, 0xA3A, 0x802, 0xFFE } },
    { 0x56F0, { 0x000, 0xFFE, 0x802, 0x842, 0x842, 0xBFA, 0x8E2, 0x952, 0xA4A, 0x842, 0x802, 0xFFE } },
    { 0x56F4, { 0x000, 0xFFE, 0x842, 0xBFA, 0x842, 0x9F2, 0x842, 0xBFA, 0x84A, 0x85A, 0x842, 0xFFE } },
    { 0x56FA, { 0x000, 0xFFE, 0x842, 0x842, 0xBFA, 0x842, 0x9F2, 0x912, 0x912, 0x9F2, 0x802, 0xFFE } },
    { 0x56FD, { 0x000, 0xFFE, 0x802, 0xBFA, 0x842, 0x842, 0x9F2, 0x842, 0x852, 0xBFA, 0x802, 0xFFE } },
    { 0x56FE, { 0x000, 0xFFE, 0x882, 0x8F2, 0xB12, 0x8E2, 0xF1E, 0x8C2, 0x832, 0x982, 0x862, 0xFFE } },
    { 0x571F, { 0x000, 0x040, 0x040, 0x040, 0x040, 0x7FC, 0x040, 0x040, 0x040, 0x040, 0x040, 0xFFE } },
    { 0x5723, { 0x000, 0x7FC, 0x208, 0x110, 0x0E0, 0x318, 0xC46, 0x040, 0x7FC, 0x040, 0x040, 0xFFE } },
    { 0x5728, { 0x000, 0x080, 0x080, 0xFFE, 0x100, 0x110, 0x210, 0x6FE, 0xA10, 0x210, 0x210, 0x2FE } },
    { 0x5730, { 0x000, 0x410, 0x490, 0x496, 0xEBA, 0x5D2, 0x492, 0x496, 0x690, 0xC82, 0x082, 0x07E } },
    { 0x574F, { 0x000, 0x2FE, 0x208, 0x210, 0xF10, 0x234, 0x252, 0x292, 0x310, 0xC10, 0x010, 0x010 } },
    { 0x5750, { 0x000, 0x040, 0x248, 0x248, 0x248, 0x554, 0x8E2, 0x040, 0x7FC, 0x040, 0x040, 0xFFE } },
    { 0x5751, { 0x000, 0x420, 0x410, 0x5FE, 0xE00, 0x478, 0x448, 0x448, 0x648, 0xC4A, 0x08A, 0x10E } },
    { 0x5757, { 0x000, 0x420, 0x420, 0x4FC, 0xE24, 0x424, 0x424, 0x5FE, 0x620, 0xC50, 0x088, 0x306 } },
    { 0x575A, { 0x000, 0x17E, 0x942, 0x924, 0x918, 0x966, 0x100, 0x040, 0x7FC, 0x040, 0x040, 0xFFE } },
    { 0x5760, { 0x000, 0xF10, 0x910, 0xA10, 0x928, 0x928, 0xE44, 0x882, 0x040, 0x7FC, 0x040, 0xFFE } },
    { 0x5766, { 0x000, 0x4FC, 0x484, 0x484, 0xE84, 0x4FC, 0x484, 0x484, 0x684, 0xCFC, 0x000, 0x1FE } },
    { 0x578B, { 0x000, 0xFE2, 0x24A, 0x24A, 0xFEA, 0x24A, 0x442, 0x806, 0x040, 0x7FC, 0x040, 0xFFE } },
    { 0x5792, { 0x000, 0x080, 0x110, 0x208, 0x7F4, 0x208, 0x492, 0xFBE, 0x040, 0x7FC, 0x040, 0xFFE } },
    { 0x57CB, { 0x000, 0x4FE, 0x492, 0x492, 0xEFE, 0x492, 0x492, 0x4FE, 0x610, 0xCFE, 0x010, 0x1FE } },
    { 0x57CE, { 0x000, 0x40A, 0x40A, 0x4FE, 0xE88, 0x4EA, 0x4AA, 0x4AA, 0x6A4, 0xCE4, 0x08A, 0x132 } },
    { 0x57DF, { 0x000, 0x40A, 0x40A, 0x5FE, 0xE08, 0x4EA, 0x4AA, 0x4AA, 0x6E4, 0xC04, 0x06A, 0x192 } },
    { 0x57FA, { 0x000, 0x208, 0xFFE, 0x208, 0x3F8, 0x208, 0xFFE, 0x208, 0x444, 0xBFA, 0x040, 0x7FC } },
    { 0x5802, { 0x000, 0x444, 0x248, 0xFFE, 0x802, 0xBFA, 0x208, 0x3F8, 0x040, 0x7FC, 0x040, 0xFFE } },
    { 0x5806, { 0x000, 0x450, 0x448, 0x4FE, 0xE88, 0x5FE, 0x488, 0x488, 0x6FE, 0xC88, 0x088, 0x0FE } },
    { 0x584C, { 0x000, 0x4FC, 0x484, 0x4FC, 0xE84, 0x4FC, 0x400, 0x5EE, 0x6AA, 0xC66, 0x0AA, 0x166 } },
    { 0x585E, { 0x000, 0x040, 0xFFE, 0x912, 0x7FC, 0x110, 0xFFE, 0x208, 0x444, 0xBFA, 0x040, 0xFFE } },
    { 0x5883, { 0x000, 0x410, 0x4FC, 0x448, 0xFFE, 0x484, 0x4FC, 0x484, 0x6FC, 0xC48, 0x08A, 0x30E } },
    { 0x5893, { 0x000, 0x110, 0xFFE, 0x110, 0x7FC, 0x404, 0xFFE, 0x110, 0x248, 0xDF6, 0x040, 0x7FC } },
    { 0x5899, { 0x000, 0x410, 0x4FE, 0x454, 0xE10, 0x5FE, 0x400, 0x4FE, 0x682, 0xCBA, 0x0AA, 0x0FE } },
    { 0x589E, { 0x000, 0x444, 0x5FE, 0x512, 0xF56, 0x5FE, 0x400, 0x4FC, 0x684, 0xCFC, 0x084, 0x0FC } },
    { 0x58A8, { 0x000, 0x7FC, 0x444, 0x554, 0x444, 0x7FC, 0x040, 0xFFE, 0x554, 0x3F8, 0x040, 0xFFE } },
    { 0x58C1, { 0x000, 0x788, 0x4BE, 0x794, 0x47E, 0x788, 0xABE, 0x388, 0x040, 0x7FC, 0x040, 0xFFE } },
    { 0x58EB, { 0x000, 0x040, 0x040, 0x040, 0x040, 0xFFE, 0x040, 0x040, 0x040, 0x040, 0x040, 0x7FC } },
    { 0x58F0, { 0x000, 0x040, 0xFFE, 0x040, 0x7FC, 0x000, 0x7FC, 0x444, 0x7FC, 0x400, 0x400, 0x800 } },
    { 0x58F3, { 0x000, 0x040, 0xFFE, 0x040, 0x7FC, 0x000, 0xFFE, 0x802, 0x1F0, 0x110, 0x212, 0xC1E } },
    { 0x5904, { 0x000, 0x208, 0x208, 0x3C8, 0x448, 0x44C, 0xA4A, 0x288, 0x288, 0x108, 0x2C0, 0xC3E } },
    { 0x5907, { 0x000, 0x100, 0x3F8, 0xD10, 0x0E0, 0x318, 0xC06, 0x7FC, 0x444, 0x7FC, 0x444, 0x7FC } },
    { 0x590D, { 0x000, 0x400, 0x7FE, 0xA04, 0x3FC, 0x204, 0x3FC, 0x080, 0x1FC, 0x708, 0x0F0, 0xF0E } },
    { 0x5916, { 0x000, 0x210, 0x210, 0x390, 0x490, 0x498, 0xA94, 0x112, 0x110, 0x210, 0x410, 0x810 } },
    { 0x591A, { 0x000, 0x040, 0x0F8, 0x708, 0x090, 0x068, 0x19E, 0xE22, 0x1C2, 0x024, 0x018, 0x3E0 } },
    { 0x591C, { 0x000, 0x040, 0xFFE, 0x220, 0x23C, 0x444, 0x494, 0xD48, 0x428, 0x410, 0x468, 0x586 } },
    { 0x591F, { 0x000, 0x210, 0x3DE, 0x462, 0x854, 0x748, 0x570, 0x55E, 0x562, 0x754, 0x048, 0x1B0 } },
    { 0x5927, { 0x000, 0x040, 0x040, 0x040, 0xFFE, 0x040, 0x0A0, 0x0A0, 0x110, 0x110, 0x208, 0xC06 } },
    { 0x5929, { 0x000, 0x7FC, 0x040, 0x040, 0x040, 0xFFE, 0x040, 0x0A0, 0x0A0, 0x110, 0x208, 0xC06 } },
    { 0x592A, { 0x000, 0x040, 0x040, 0x040, 0xFFE, 0x040, 0x0A0, 0x0A0, 0x110, 0x110, 0x288, 0xC46 } },
    { 0x592B, { 0x000, 0x040, 0x040, 0x7FC, 0x040, 0x040, 0xFFE, 0x040, 0x0A0, 0x110, 0x208, 0xC06 } },
    { 0x5931, { 0x000, 0x240, 0x240, 0x3FC, 0x440, 0x840, 0x040, 0xFFE, 0x0A0, 0x110, 0x208, 0xC06 } },
    { 0x5934, { 0x000, 0x220, 0x120, 0x420, 0x220, 0x020, 0xFFE, 0x040, 0x050, 0x088, 0x304, 0xC02 } },
    { 0x593A, { 0x000, 0x080, 0xFFE, 0x110, 0x208, 0xC16, 0x010, 0xFFE, 0x210, 0x110, 0x010, 0x070 } },
    { 0x5947, { 0x000, 0x040, 0xFFE, 0x0A0, 0x110, 0x208, 0xFFE, 0x004, 0x3E4, 0x224, 0x3E4, 0x01C } },
    { 0x5951, { 0x000, 0x23E, 0xF92, 0x212, 0xF92, 0x222, 0xFA6, 0x040, 0xFFE, 0x0A0, 0x318, 0xC06 } },
    { 0x5954, { 0x000, 0x080, 0xFFE, 0x110, 0x208, 0xC46, 0x3F8, 0x040, 0x208, 0xFFE, 0x208, 0xC08 } },
    { 0x5956, { 0x000, 0x120, 0x93E, 0x522, 0x152, 0x30C, 0xD70, 0x040, 0xFFE, 0x0A0, 0x318, 0xC06 } },
    { 0x5957, { 0x000, 0x080, 0xFFE, 0x208, 0x7FC, 0xA02, 0x3F8, 0x200, 0xFFE, 0x100, 0x208, 0x7F4 } },
    { 0x5965, { 0x000, 0x080, 0x7FC, 0x554, 0x4E4, 0x7FC, 0x554, 0x64C, 0xFFE, 0x0A0, 0x318, 0xC06 } },
    { 0x5973, { 0x000, 0x080, 0x080, 0x080, 0xFFE, 0x108, 0x108, 0x210, 0x190, 0x060, 0x198, 0xE06 } },
    { 0x5979, { 0x000, 0x210, 0x250, 0xF56, 0x57A, 0x5D2, 0x552, 0x956, 0x550, 0x242, 0x542, 0x83E } },
    { 0x597D, { 0x000, 0x27C, 0x204, 0xF08, 0x510, 0x510, 0x5FE, 0x910, 0x510, 0x210, 0x510, 0x870 } },
    { 0x5982, { 0x000, 0x200, 0x23E, 0xFA2, 0x4A2, 0x4A2, 0x8A2, 0x922, 0x522, 0x222, 0x53E, 0x880 } },
    { 0x59CB, { 0x000, 0x210, 0x210, 0xF24, 0x544, 0x5FA, 0x500, 0x97E, 0x542, 0x242, 0x542, 0x87E } },
    { 0x59FF, { 0x000, 0x040, 0xE7E, 0x092, 0x228, 0xC46, 0x080, 0xFFE, 0x108, 0x310, 0x1F0, 0xE0E } },
    { 0x5A01, { 0x000, 0x014, 0x012, 0x7FE, 0x410, 0x7F2, 0x492, 0x7D4, 0x548, 0x54A, 0x496, 0xB62 } },
    { 0x5A5A, { 0x000, 0x27E, 0x248, 0xF7E, 0x544, 0x572, 0x500, 0x97E, 0x542, 0x27E, 0x542, 0x87E } },
    { 0x5A6A, { 0x000, 0x208, 0xFBE, 0x208, 0x71C, 0xAAA, 0x208, 0x080, 0xFFE, 0x108, 0x1F0, 0xE0E } },
    { 0x5AC1, { 0x000, 0x210, 0x2FE, 0xF82, 0x57C, 0x510, 0x52A, 0x9DC, 0x528, 0x2DC, 0x52A, 0x8D8 } },
    { 0x5B40, { 0x000, 0x2FE, 0x210, 0xFFE, 0x592, 0x554, 0x500, 0x92E, 0x5FA, 0x22E, 0x57A, 0x8AE } },
    { 0x5B50, { 0x000, 0x7F8, 0x008, 0x010, 0x020, 0x040, 0xFFE, 0x040, 0x040, 0x040, 0x040, 0x1C0 } },
    { 0x5B54, { 0x000, 0xFA0, 0x0A0, 0x120, 0x220, 0x220, 0x3A0, 0xE20, 0x220, 0x222, 0x222, 0xE1E } },
    { 0x5B57, { 0x000, 0x040, 0xFFE, 0x802, 0xBFA, 0x010, 0x020, 0x040, 0xFFE, 0x040, 0x040, 0x1C0 } },
    { 0x5B58, { 0x000, 0x080, 0xFFE, 0x100, 0x27C, 0x208, 0x610, 0xA10, 0x2FE, 0x210, 0x210, 0x230 } },
    { 0x5B66, { 0x000, 0x484, 0x248, 0xFFE, 0x802, 0xBFA, 0x010, 0x060, 0xFFE, 0x040, 0x040, 0x1C0 } },
    { 0x5B69, { 0x000, 0xE10, 0x2FE, 0x420, 0x444, 0x4F8, 0x610, 0xC22, 0x4C4, 0x408, 0x434, 0xCC2 } },
    { 0x5B83, { 0x000, 0x040, 0xFFE, 0x802, 0xA02, 0x208, 0x230, 0x3C0, 0x200, 0x202, 0x202, 0x1FE } },
    { 0x5B88, { 0x000, 0x040, 0xFFE, 0x802, 0x812, 0x010, 0xFFE, 0x010, 0x210, 0x110, 0x010, 0x070 } },
    { 0x5B89, { 0x000, 0x040, 0xFFE, 0x802, 0x080, 0x080, 0xFFE, 0x108, 0x208, 0x110, 0x0E0, 0xF1E } },
    { 0x5B8C, { 0x000, 0x040, 0xFFE, 0x802, 0xBFA, 0x000, 0x000, 0xFFE, 0x110, 0x110, 0x212, 0xC1E } },
    { 0x5B98, { 0x000, 0x040, 0xFFE, 0x802, 0xBFA, 0x208, 0x3F8, 0x200, 0x3FC, 0x204, 0x204, 0x3FC } },
    { 0x5B9A, { 0x000, 0x040, 0xFFE, 0x802, 0x000, 0x7FC, 0x040, 0x240, 0x27C, 0x240, 0x5C0, 0x83E } },
    { 0x5B9D, { 0x000, 0x040, 0xFFE, 0x802, 0x802, 0x7FC, 0x040, 0x040, 0x7FC, 0x048, 0x044, 0xFFE } },
    { 0x5B9E, { 0x000, 0x040, 0xFFE, 0x802, 0xA22, 0x120, 0x420, 0x220, 0xFFE, 0x050, 0x188, 0xE06 } },
    { 0x5BA4, { 0x000, 0x040, 0xFFE, 0x802, 0xBFA, 0x080, 0x108, 0x7F4, 0x040, 0x7FC, 0x040, 0xFFE } },
    { 0x5BAB, { 0x000, 0x040, 0xFFE, 0x802, 0xBFA, 0x208, 0x3F8, 0x000, 0x7FC, 0x404, 0x404, 0x7FC } },
    { 0x5BB3, { 0x000, 0x040, 0xFFE, 0x842, 0xBFA, 0x040, 0x7FC, 0x040, 0xFFE, 0x404, 0x404, 0x7FC } },
    { 0x5BB6, { 0x000, 0x040, 0xFFE, 0x802, 0xBFA, 0x0C0, 0x324, 0xCE8, 0x330, 0xCE8, 0x326, 0xCC0 } },
    { 0x5BB9, { 0x000, 0x040, 0xFFE, 0x912, 0x64C, 0x0A0, 0x318, 0xC06, 0x3F8, 0x208, 0x208, 0x3F8 } },
    { 0x5BC2, { 0x000, 0x040, 0xFFE, 0x802, 0x200, 0x3BC, 0x224, 0xFA4, 0x228, 0xB10, 0xAA8, 0x646 } },
    { 0x5BC4, { 0x000, 0x040, 0xFFE, 0x842, 0x7FC, 0x110, 0xFFE, 0x004, 0x3F4, 0x214, 0x3F4, 0x00C } },
    { 0x5BC6, { 0x000, 0x040, 0xFFE, 0x892, 0x524, 0x9C2, 0x308, 0xDF8, 0x000, 0x444, 0x444, 0x7FC } },
    { 0x5BCC, { 0x000, 0x040, 0xFFE, 0x802, 0xBFA, 0x110, 0x110, 0x7FC, 0x444, 0x7FC, 0x444, 0x7FC } },
    { 0x5BD2, { 0x000, 0x040, 0xFFE, 0x912, 0x7FC, 0x110, 0xFFE, 0x110, 0x2C8, 0xC36, 0x1C0, 0x030 } },
    { 0x5BF9, { 0x000, 0x004, 0xF04, 0x17E, 0x904, 0x504, 0x544, 0x224, 0x224, 0x504, 0x504, 0x81C } },
    { 0x5BFB, { 0x000, 0x7FC, 0x004, 0x7FC, 0x004, 0x7FC, 0x008, 0xFFE, 0x008, 0x208, 0x108, 0x038 } },
    { 0x5BFC, { 0x000, 0x7FC, 0x404, 0x7FC, 0x400, 0x402, 0x3FE, 0x008, 0xFFE, 0x208, 0x108, 0x038 } },
    { 0x5BFF, { 0x000, 0x040, 0x7FC, 0x040, 0x7FC, 0x080, 0xFFE, 0x108, 0x3FE, 0x488, 0x848, 0x018 } },
    { 0x5C01, { 0x000, 0x204, 0xF84, 0x27E, 0x204, 0xF84, 0x024, 0x214, 0xF94, 0x204, 0x384, 0xC1C } },
    { 0x5C04, { 0x000, 0x204, 0x784, 0x4BE, 0x784, 0x484, 0x7A4, 0x494, 0xF94, 0x284, 0x484, 0x99C } },
    { 0x5C06, { 0x000, 0x21E, 0x2E2, 0xA24, 0x618, 0x2E0, 0x204, 0x6FE, 0xA04, 0x244, 0x224, 0x20C } },
    { 0x5C0F, { 0x000, 0x040, 0x040, 0x040, 0x248, 0x244, 0x444, 0x442, 0x842, 0x040, 0x040, 0x1C0 } },
    { 0x5C11, { 0x000, 0x040, 0x040, 0x248, 0x244, 0x442, 0x842, 0x048, 0x010, 0x060, 0x180, 0xE00 } },
    { 0x5C14, { 0x000, 0x200, 0x3FE, 0x402, 0x844, 0x040, 0x248, 0x244, 0x442, 0x842, 0x040, 0x1C0 } },
    { 0x5C16, { 0x000, 0x040, 0x248, 0x444, 0x842, 0x040, 0x000, 0x040, 0xFFE, 0x0A0, 0x318, 0xC06 } },
    { 0x5C18, { 0x000, 0x040, 0x248, 0x444, 0x842, 0x040, 0x000, 0x040, 0x7FC, 0x040, 0x040, 0xFFE } },
    { 0x5C1A, { 0x000, 0x444, 0x248, 0x040, 0xFFE, 0x802, 0x9F2, 0x912, 0x912, 0x9F2, 0x802, 0x80E } },
    { 0x5C31, { 0x000, 0x214, 0xF92, 0x010, 0xFFE, 0x890, 0x8A8, 0xFA8, 0x228, 0xAAA, 0xAAA, 0x64E } },
    { 0x5C38, { 0x000, 0x3FE, 0x202, 0x202, 0x202, 0x3FE, 0x200, 0x200, 0x200, 0x400, 0x400, 0x800 } },
    { 0x5C3D, { 0x000, 0x3FC, 0x204, 0x204, 0x3FC, 0x208, 0x208, 0x4C4, 0x832, 0x000, 0x180, 0x070 } },
    { 0x5C3E, { 0x000, 0x7FE, 0x402, 0x7FE, 0x418, 0x5E0, 0x43C, 0x5E0, 0x43E, 0x5E0, 0x422, 0x83E } },
    { 0x5C40, { 0x000, 0x7FC, 0x404, 0x7FC, 0x400, 0x7FE, 0x402, 0x5F2, 0x512, 0x512, 0x5F2, 0x80C } },
    { 0x5C42, { 0x000, 0x7FE, 0x402, 0x402, 0x7FE, 0x400, 0x5FC, 0x400, 0x7FE, 0x480, 0x504, 0xBFA } },
    { 0x5C45, { 0x000, 0x7FC, 0x404, 0x404, 0x7FC, 0x420, 0x7FE, 0x420, 0x5FC, 0x504, 0x504, 0x9FC } },
    { 0x5C48, { 0x000, 0x7FE, 0x402, 0x7FE, 0x410, 0x512, 0x512, 0x5FE, 0x410, 0x512, 0x512, 0x9FE } },
    { 0x5C4F, { 0x000, 0x7FE, 0x402, 0x7FE, 0x484, 0x448, 0x5FE, 0x448, 0x448, 0x5FE, 0x448, 0x988 } },
    { 0x5C5E, { 0x000, 0x7FE, 0x402, 0x7FE, 0x420, 0x5FC, 0x524, 0x5FC, 0x420, 0x7FE, 0xA2A, 0xAF6 } },
    { 0x5C60, { 0x000, 0x7FE, 0x402, 0x7FE, 0x442, 0x5F4, 0x448, 0x7FE, 0x484, 0x5FC, 0x684, 0x8FC } },
    { 0x5C71, { 0x000, 0x040, 0x040, 0x040, 0x842, 0x842, 0x842, 0x842, 0x842, 0x842, 0x842, 0xFFE } },
    { 0x5C81, { 0x000, 0x842, 0x842, 0xFFE, 0x080, 0x100, 0x3FC, 0xD04, 0x088, 0x050, 0x060, 0x780 } },
    { 0x5CA9, { 0x000, 0x444, 0x444, 0x7FC, 0x000, 0xFFE, 0x080, 0x100, 0x3FC, 0x604, 0xA04, 0x3FC } },
    { 0x5CB3, { 0x000, 0x018, 0x3E0, 0x200, 0x3FC, 0x210, 0x210, 0xFFE, 0x040, 0x444, 0x444, 0x7FC } },
    { 0x5CB8, { 0x000, 0x444, 0x7FC, 0x000, 0x7FE, 0x400, 0x5FC, 0x420, 0x420, 0x7FE, 0x420, 0x820 } },
    { 0x5CF0, { 0x000, 0x210, 0x21E, 0xAA2, 0xA9C, 0xAEA, 0xABC, 0xA88, 0xABE, 0xF88, 0x07E, 0x008 } },
    { 0x5D29, { 0x000, 0x040, 0x442, 0x7FE, 0x000, 0x79E, 0x492, 0x79E, 0x492, 0x79E, 0x492, 0x9A6 } },
    { 0x5D4C, { 0x000, 0x842, 0xFFE, 0x020, 0x920, 0xFBE, 0x92A, 0x94A, 0xF48, 0x908, 0x914, 0xF62 } },
    { 0x5DC5, { 0x000, 0x842, 0xFFE, 0x200, 0xFBE, 0x208, 0x7BE, 0x4A2, 0x7AA, 0x4AA, 0xFD4, 0x4A2 } },
    { 0x5DDD, { 0x000, 0x202, 0x222, 0x222, 0x222, 0x222, 0x222, 0x222, 0x222, 0x422, 0x422, 0x802 } },
    { 0x5DE2, { 0x000, 0x248, 0x490, 0x248, 0x7FC, 0x444, 0x7FC, 0x444, 0xFFE, 0x150, 0x248, 0xC46 } },
    { 0x5DE5, { 0x000, 0x7FC, 0x040, 0x040, 0x040, 0x040, 0x040, 0x040, 0x040, 0x040, 0x040, 0xFFE } },
    { 0x5DE6, { 0x000, 0x080, 0x080, 0xFFE, 0x080, 0x100, 0x100, 0x2FE, 0x210, 0x410, 0x810, 0x1FE } },
    { 0x5DE7, { 0x000, 0x0FE, 0xF20, 0x220, 0x240, 0x27E, 0x202, 0x202, 0x302, 0xC02, 0x002, 0x00C } },
    { 0x5DE8, { 0x000, 0xFFE, 0x800, 0x800, 0xFFC, 0x804, 0x804, 0x804, 0xFFC, 0x800, 0x800, 0xFFE } },
    { 0x5DEB, { 0x000, 0x7FC, 0x040, 0x040, 0x248, 0x248, 0x248, 0x554, 0x8E2, 0x040, 0x040, 0xFFE } },
    { 0x5DEE, { 0x000, 0x110, 0xFFE, 0x040, 0x7FC, 0x080, 0xFFE, 0x100, 0x3FC, 0x420, 0x820, 0x3FE } },
    { 0x5DF1, { 0x000, 0x7FC, 0x004, 0x004, 0x004, 0x004, 0x7FC, 0x400, 0x400, 0x402, 0x402, 0x3FE } },
    { 0x5DF2, { 0x000, 0x7FC, 0x004, 0x004, 0x404, 0x404, 0x7FC, 0x400, 0x400, 0x402, 0x402, 0x3FE } },
    { 0x5E01, { 0x000, 0x03E, 0xFC0, 0x040, 0x040, 0x7FC, 0x444, 0x444, 0x444, 0x44C, 0x040, 0x040 } },
    { 0x5E02, { 0x000, 0x080, 0x040, 0xFFE, 0x040, 0x7FC, 0x444, 0x444, 0x444, 0x44C, 0x040, 0x040 } },
    { 0x5E03, { 0x000, 0x080, 0xFFE, 0x100, 0x220, 0x420, 0xBFC, 0x224, 0x224, 0x224, 0x22C, 0x020 } },
    { 0x5E05, { 0x000, 0x210, 0xA10, 0xAFE, 0xA92, 0xA92, 0xA92, 0xA92, 0x292, 0x296, 0x410, 0x810 } },
    { 0x5E08, { 0x000, 0x2FE, 0xA10, 0xA10, 0xAFE, 0xA92, 0xA92, 0xA92, 0x292, 0x296, 0x410, 0x810 } },
    { 0x5E0C, { 0x000, 0x31C, 0x0E0, 0x718, 0x104, 0xFFE, 0x220, 0x7FC, 0xA24, 0x224, 0x22C, 0x020 } },
    { 0x5E26, { 0x000, 0x248, 0xFFE, 0x248, 0x000, 0xFFE, 0x842, 0x7FC, 0x444, 0x444, 0x44C, 0x040 } },
    { 0x5E27, { 0x000, 0x208, 0x20E, 0xF88, 0xABE, 0xAA2, 0xAAA, 0xAAA, 0xAAA, 0xB88, 0x214, 0x222 } },
    { 0x5E3D, { 0x000, 0x27E, 0x242, 0xFDA, 0xAC2, 0xADA, 0xA80, 0xABE, 0xAA2, 0xBBE, 0x222, 0x23E } },
    { 0x5E55, { 0x000, 0x110, 0xFFE, 0x110, 0x7FC, 0x404, 0xFFE, 0x248, 0x7FC, 0xA4A, 0x258, 0x040 } },
    { 0x5E72, { 0x000, 0x7FC, 0x040, 0x040, 0x040, 0x040, 0xFFE, 0x040, 0x040, 0x040, 0x040, 0x040 } },
    { 0x5E73, { 0x000, 0x7FC, 0x040, 0x444, 0x248, 0x040, 0xFFE, 0x040, 0x040, 0x040, 0x040, 0x040 } },
    { 0x5E74, { 0x000, 0x200, 0x3FE, 0x420, 0x820, 0x3FC, 0x220, 0x220, 0xFFE, 0x020, 0x020, 0x020 } },
    { 0x5E76, { 0x000, 0x208, 0x110, 0xFFE, 0x110, 0x110, 0x110, 0xFFE, 0x110, 0x110, 0x210, 0xC10 } },
    { 0x5E78, { 0x000, 0x040, 0x7FC, 0x040, 0xFFE, 0x208, 0x110, 0x7FC, 0x040, 0xFFE, 0x040, 0x040 } },
    { 0x5E7D, { 0x000, 0x040, 0xA4A, 0xA4A, 0xC52, 0xD56, 0xA4A, 0xA4A, 0xD56, 0xF5E, 0x842, 0xFFE } },
    { 0x5E7F, { 0x000, 0x020, 0x3FE, 0x200, 0x200, 0x200, 0x200, 0x200, 0x200, 0x400, 0x400, 0x800 } },
    { 0x5E87, { 0x000, 0x020, 0x7FE, 0x400, 0x510, 0x512, 0x5D4, 0x518, 0x510, 0x510, 0x552, 0x98E } },
    { 0x5E93, { 0x000, 0x020, 0x7FE, 0x440, 0x7FE, 0x480, 0x520, 0x5FC, 0x420, 0x7FE, 0x420, 0x820 } },
    { 0x5E94, { 0x000, 0x020, 0x7FE, 0x400, 0x444, 0x544, 0x524, 0x4A4, 0x488, 0x408, 0x410, 0xBFE } },
    { 0x5E95, { 0x000, 0x020, 0x7FE, 0x404, 0x5F8, 0x510, 0x510, 0x5FE, 0x510, 0x508, 0x54A, 0x9A6 } },
    { 0x5EA6, { 0x000, 0x020, 0x7FE, 0x488, 0x7FE, 0x488, 0x4F8, 0x400, 0x5FC, 0x488, 0x470, 0xB8E } },
    { 0x5EA7, { 0x000, 0x020, 0x7FE, 0x400, 0x420, 0x524, 0x524, 0x6AA, 0x420, 0x5FC, 0x420, 0xBFE } },
    { 0x5EB7, { 0x000, 0x020, 0x7FE, 0x420, 0x5FC, 0x424, 0x7FE, 0x424, 0x5FC, 0x524, 0x4A8, 0xB66 } },
    { 0x5EF6, { 0x000, 0xE0E, 0x2F0, 0x410, 0x810, 0xE9E, 0x290, 0xA90, 0xA90, 0x4FE, 0x600, 0x9FE } },
    { 0x5EFA, { 0x000, 0xE20, 0x2FC, 0x424, 0x9FE, 0xE24, 0x2FC, 0xA20, 0xAFC, 0x420, 0x620, 0x9FE } },
    { 0x5F00, { 0x000, 0xFFE, 0x208, 0x208, 0x208, 0x208, 0xFFE, 0x208, 0x208, 0x408, 0x408, 0x808 } },
    { 0x5F02, { 0x000, 0x7FC, 0x404, 0x7FC, 0x400, 0x402, 0x3FE, 0x108, 0xFFE, 0x108, 0x208, 0xC08 } },
    { 0x5F0F, { 0x000, 0x014, 0x012, 0xFFE, 0x010, 0x010, 0xFD0, 0x110, 0x108, 0x10A, 0x1C6, 0xE02 } },
    { 0x5F13, { 0x000, 0x7FC, 0x004, 0x004, 0x7FC, 0x400, 0x400, 0x7FE, 0x002, 0x002, 0x002, 0x03C } },
    { 0x5F15, { 0x000, 0xFC4, 0x044, 0x044, 0xFC4, 0x804, 0x804, 0xFC4, 0x044, 0x044, 0x044, 0x384 } },
    { 0x5F20, { 0x000, 0xE44, 0x244, 0x248, 0xE50, 0x840, 0x9FE, 0xE50, 0x248, 0x248, 0x254, 0xC62 } },
    { 0x5F29, { 0x000, 0x23E, 0xFA2, 0x49C, 0x322, 0xDFC, 0x004, 0x7FC, 0x400, 0x7FE, 0x002, 0x03C } },
    { 0x5F31, { 0x000, 0xFBE, 0x082, 0x082, 0xFBE, 0x820, 0xFBE, 0x8A2, 0x492, 0x28A, 0x492, 0x9A6 } },
    { 0x5F39, { 0x000, 0xE44, 0x228, 0x2FE, 0xE92, 0x8FE, 0x892, 0xEFE, 0x210, 0x2FE, 0x210, 0xC10 } },
    { 0x5F3A, { 0x000, 0xE7C, 0x244, 0x27C, 0xE10, 0x8FE, 0x892, 0xE92, 0x2FE, 0x210, 0x214, 0xCFA } },
    { 0x5F52, { 0x000, 0x17E, 0x902, 0x902, 0x902, 0x902, 0x97E, 0x902, 0x202, 0x202, 0x402, 0x87E } },
    { 0x5F53, { 0x000, 0x040, 0x444, 0x248, 0x040, 0x7FC, 0x004, 0x004, 0x7FC, 0x004, 0x004, 0x7FC } },
    { 0x5F57, { 0x000, 0x208, 0xFBE, 0x208, 0xFBE, 0x208, 0x000, 0x7FC, 0x004, 0x7FC, 0x004, 0x7FC } },
    { 0x5F62, { 0x000, 0xFF2, 0x244, 0x248, 0x240, 0x242, 0xFF4, 0x248, 0x240, 0x442, 0x444, 0x848 } },
    { 0x5F71, { 0x000, 0x7C2, 0x444, 0x7C8, 0x440, 0x7C2, 0x104, 0xFE8, 0x440, 0x7C2, 0x544, 0xB28 } },
    { 0x5F7C, { 0x000, 0x210, 0x4FE, 0x892, 0x290, 0x4FE, 0xCC2, 0x4A2, 0x494, 0x488, 0x494, 0x562 } },
    { 0x5F80, { 0x000, 0x220, 0x410, 0x9FE, 0x210, 0x410, 0xC10, 0x4FC, 0x410, 0x410, 0x410, 0x5FE } },
    { 0x5F85, { 0x000, 0x210, 0x47C, 0x810, 0x210, 0x4FE, 0xC04, 0x4FE, 0x444, 0x424, 0x404, 0x41C } },
    { 0x5F88, { 0x000, 0x2FC, 0x484, 0x8FC, 0x284, 0x484, 0xCFC, 0x492, 0x494, 0x488, 0x4A4, 0x4C2 } },
    { 0x5F92, { 0x000, 0x210, 0x47C, 0x810, 0x210, 0x4FE, 0xC10, 0x450, 0x45E, 0x450, 0x4B0, 0x50E } },
    { 0x5F97, { 0x000, 0x2FC, 0x484, 0x8FC, 0x284, 0x4FC, 0xC00, 0x5FE, 0x408, 0x5FE, 0x488, 0x458 } },
    { 0x5FA1, { 0x000, 0x280, 0x5EE, 0x84A, 0x24A, 0x5EA, 0xC4A, 0x56A, 0x54A, 0x54E, 0x568, 0x588 } },
    { 0x5FAE, { 0x000, 0x2A8, 0x6A8, 0xBEE, 0x212, 0x5EA, 0xC0A, 0x5CA, 0x54A, 0x564, 0x54A, 0x612 } },
    { 0x5FB7, { 0x000, 0x210, 0x4FE, 0x810, 0x2FE, 0x4AA, 0xCFE, 0x400, 0x4FE, 0x454, 0x54A, 0x63A } },
    { 0x5FC3, { 0x000, 0x080, 0x040, 0x020, 0x120, 0x100, 0x504, 0x502, 0x502, 0x90A, 0x108, 0x0F8 } },
    { 0x5FC5, { 0x000, 0x080, 0x048, 0x048, 0x108, 0x510, 0x514, 0x522, 0x942, 0x18A, 0x308, 0xCF8 } },
    { 0x5FCD, { 0x000, 0x7FC, 0x044, 0x244, 0x484, 0x104, 0x618, 0x040, 0x524, 0x522, 0x90A, 0x0F8 } },
    { 0x5FD7, { 0x000, 0x040, 0x040, 0xFFE, 0x040, 0x040, 0x7FC, 0x000, 0x544, 0x522, 0x90A, 0x0F8 } },
    { 0x5FD8, { 0x000, 0x040, 0xFFE, 0x200, 0x200, 0x3FC, 0x000, 0x040, 0x524, 0x522, 0x90A, 0x0F8 } },
    { 0x5FEB, { 0x000, 0x220, 0x220, 0xAFC, 0xB24, 0xA24, 0xA24, 0x3FE, 0x220, 0x250, 0x288, 0x306 } },
    { 0x5FF5, { 0x000, 0x040, 0x0A0, 0x318, 0xC46, 0x020, 0x7FC, 0x008, 0x090, 0x544, 0x50A, 0x8FA } },
    { 0x6012, { 0x000, 0x200, 0xFBE, 0x2A2, 0x494, 0x308, 0xCB6, 0x000, 0x544, 0x522, 0x90A, 0x0F8 } },
    { 0x6015, { 0x000, 0x208, 0x210, 0xA7E, 0xB42, 0xA42, 0xA42, 0x27E, 0x242, 0x242, 0x242, 0x27E } },
    { 0x6016, { 0x000, 0x220, 0x2FE, 0xB20, 0xA50, 0xB90, 0x2FE, 0x292, 0x292, 0x292, 0x296, 0x210 } },
    { 0x6025, { 0x000, 0x1F0, 0x210, 0x7FC, 0x004, 0x7FC, 0x004, 0x7FC, 0x040, 0x524, 0x50A, 0x8FA } },
    { 0x6027, { 0x000, 0x248, 0x248, 0xA7E, 0xB48, 0xA88, 0xA08, 0x27E, 0x208, 0x208, 0x208, 0x2FE } },
    { 0x602A, { 0x000, 0x27C, 0x244, 0xA28, 0xB10, 0xA28, 0xAC6, 0x210, 0x27C, 0x210, 0x210, 0x2FE } },
    { 0x603B, { 0x000, 0x208, 0x110, 0x7FC, 0x404, 0x404, 0x7FC, 0x000, 0x544, 0x522, 0x90A, 0x0F8 } },
    { 0x6050, { 0x000, 0xF7C, 0x224, 0x264, 0x234, 0x324, 0xC06, 0x040, 0x120, 0x104, 0x502, 0x8F8 } },
    { 0x6052, { 0x000, 0x2FE, 0x200, 0xA7C, 0xB44, 0xA44, 0xA7C, 0x244, 0x244, 0x27C, 0x200, 0x2FE } },
    { 0x6062, { 0x000, 0x240, 0x2FE, 0xA40, 0xB48, 0xA4A, 0xA5A, 0x26C, 0x248, 0x248, 0x294, 0x262 } },
    { 0x6069, { 0x000, 0x7FC, 0x444, 0x5F4, 0x444, 0x4A4, 0x514, 0x7FC, 0x040, 0x524, 0x50A, 0x8FA } },
    { 0x606F, { 0x000, 0x080, 0x3F8, 0x208, 0x3F8, 0x208, 0x3F8, 0x208, 0x3F8, 0x544, 0x52A, 0x8FA } },
    { 0x6073, { 0x000, 0x7FC, 0x404, 0x7FC, 0x404, 0x7FC, 0x448, 0xF30, 0x04E, 0x120, 0x504, 0x8F2 } },
    { 0x6076, { 0x000, 0x7FC, 0x0A0, 0x4A4, 0x2A8, 0x0A0, 0xFFE, 0x000, 0x544, 0x522, 0x90A, 0x0F8 } },
    { 0x6089, { 0x000, 0x01C, 0x7E0, 0x248, 0x150, 0xFFE, 0x248, 0xC46, 0x000, 0x544, 0x52A, 0x8FA } },
    { 0x60AC, { 0x000, 0x3F8, 0x208, 0x3F8, 0x208, 0xFFE, 0x208, 0x7F4, 0x040, 0x524, 0x50A, 0x8FA } },
    { 0x60C5, { 0x000, 0x210, 0x27C, 0xA10, 0xB7C, 0xA10, 0xAFE, 0x244, 0x27C, 0x244, 0x27C, 0x244 } },
    { 0x60E7, { 0x000, 0x27C, 0x244, 0xA7C, 0xB44, 0xA7C, 0xA44, 0x27C, 0x244, 0x2FE, 0x244, 0x282 } },
    { 0x60F3, { 0x000, 0x23E, 0xFA2, 0x23E, 0x722, 0xABE, 0x222, 0x23E, 0x140, 0x524, 0x50A, 0x8FA } },
    { 0x6108, { 0x000, 0x1F0, 0x208, 0x7F4, 0xCA6, 0x7A4, 0x4A4, 0x58C, 0x040, 0x124, 0x502, 0x8F8 } },
    { 0x610F, { 0x000, 0x040, 0x7FC, 0x110, 0xFFE, 0x208, 0x3F8, 0x208, 0x3F8, 0x144, 0x52A, 0x8FA } },
    { 0x611F, { 0x000, 0x014, 0x7FE, 0x5D0, 0x414, 0x5C8, 0x54A, 0x9D6, 0x040, 0x524, 0x50A, 0x8FA } },
    { 0x6151, { 0x000, 0x2FE, 0x244, 0xA7C, 0xB44, 0xA5E, 0xAE4, 0x200, 0x2EE, 0x2AA, 0x244, 0x2AA } },
    { 0x6162, { 0x000, 0x27C, 0x244, 0xA7C, 0xB44, 0xAFE, 0xAAA, 0x2FE, 0x244, 0x228, 0x210, 0x2EE } },
    { 0x6167, { 0x000, 0x208, 0xFBE, 0x208, 0xFBE, 0x208, 0x7FC, 0x004, 0x7FC, 0x140, 0x52A, 0x8FA } },
    { 0x620F, { 0x000, 0x028, 0xF24, 0x120, 0x93E, 0x5E0, 0x524, 0x228, 0x210, 0x512, 0x52A, 0x846 } },
    { 0x6210, { 0x000, 0x028, 0x024, 0x7FE, 0x420, 0x7A4, 0x4A4, 0x4A8, 0x490, 0x592, 0x42A, 0x8C6 } },
    { 0x6211, { 0x000, 0x194, 0xE12, 0x210, 0xFFE, 0x210, 0x214, 0x394, 0xE08, 0x20A, 0x216, 0x622 } },
    { 0x6212, { 0x000, 0x028, 0x024, 0xFFE, 0x020, 0x524, 0x524, 0xFA8, 0x510, 0x512, 0x52A, 0x946 } },
    { 0x6216, { 0x000, 0x028, 0x024, 0xFFE, 0x020, 0x7A4, 0x4A4, 0x4A8, 0x790, 0x012, 0x1AA, 0xE46 } },
    { 0x6218, { 0x000, 0x214, 0x212, 0x390, 0x21E, 0x270, 0x212, 0xF94, 0x888, 0x88A, 0x896, 0xFA2 } },
    { 0x622E, { 0x000, 0xEEA, 0x22A, 0xAA8, 0x67E, 0xAA8, 0x38A, 0x44A, 0x9A4, 0x604, 0x0CA, 0xF12 } },
    { 0x6234, { 0x000, 0x114, 0x7D2, 0x110, 0xFFE, 0x550, 0x7D4, 0x554, 0x7C8, 0x28A, 0xFD6, 0x4A2 } },
    { 0x6240, { 0x000, 0x186, 0x638, 0x420, 0x7A0, 0x4BE, 0x4A4, 0x7A4, 0x424, 0x424, 0x424, 0x844 } },
    { 0x6247, { 0x000, 0x020, 0x7FE, 0x402, 0x7FE, 0x400, 0x7DE, 0x54A, 0x4C6, 0x54A, 0x652, 0x8C6 } },
    { 0x624B, { 0x000, 0x03C, 0x7C0, 0x040, 0x040, 0x7FC, 0x040, 0x040, 0xFFE, 0x040, 0x040, 0x1C0 } },
    { 0x624D, { 0x000, 0x010, 0x010, 0xFFE, 0x010, 0x030, 0x050, 0x090, 0x310, 0xC10, 0x010, 0x070 } },
    { 0x6253, { 0x000, 0x27E, 0x208, 0xF08, 0x208, 0x208, 0x308, 0xE08, 0x208, 0x208, 0x208, 0xE38 } },
    { 0x6267, { 0x000, 0x220, 0x220, 0xF7C, 0x224, 0x224, 0x264, 0x334, 0xE24, 0x244, 0x242, 0x682 } },
    { 0x6269, { 0x000, 0x208, 0x27E, 0xF40, 0x240, 0x240, 0x340, 0xE40, 0x240, 0x240, 0x240, 0xE80 } },
    { 0x626B, { 0x000, 0x4FE, 0x402, 0xE02, 0x402, 0x402, 0x6FE, 0xC02, 0x402, 0x402, 0x402, 0xCFE } },
    { 0x627E, { 0x000, 0x428, 0x424, 0xE20, 0x43E, 0x5E0, 0x624, 0xC28, 0x410, 0x412, 0x46A, 0xD86 } },
    { 0x6280, { 0x000, 0x410, 0x410, 0xEFE, 0x410, 0x410, 0x6FC, 0xC84, 0x484, 0x448, 0x430, 0xDCE } },
    { 0x628A, { 0x000, 0x4FE, 0x492, 0xE92, 0x492, 0x492, 0x6FE, 0xC80, 0x480, 0x482, 0x482, 0xC7E } },
    { 0x6293, { 0x000, 0x40E, 0x4F4, 0xE94, 0x494, 0x494, 0x694, 0xC94, 0x494, 0x494, 0x492, 0xD12 } },
    { 0x6295, { 0x000, 0x478, 0x448, 0xE48, 0x448, 0x58E, 0x600, 0xCFC, 0x484, 0x448, 0x430, 0xDCE } },
    { 0x6297, { 0x000, 0x420, 0x410, 0xEFE, 0x400, 0x478, 0x648, 0xC48, 0x448, 0x44A, 0x48A, 0xD0E } },
    { 0x6298, { 0x000, 0x40C, 0x4F0, 0xE80, 0x480, 0x4FE, 0x688, 0xC88, 0x488, 0x488, 0x488, 0xD08 } },
    { 0x62A4, { 0x000, 0x210, 0x208, 0xF7E, 0x242, 0x242, 0x37E, 0xE40, 0x240, 0x240, 0x240, 0xE80 } },
    { 0x62A5, { 0x000, 0x27E, 0x242, 0xF42, 0x24E, 0x240, 0x37E, 0xE62, 0x254, 0x248, 0x254, 0xE62 } },
    { 0x62B5, { 0x000, 0x40C, 0x4F0, 0xE90, 0x490, 0x490, 0x6FE, 0xC90, 0x488, 0x48A, 0x4A6, 0xCD2 } },
    { 0x62B9, { 0x000, 0x410, 0x410, 0xEFE, 0x410, 0x410, 0x67C, 0xC10, 0x438, 0x454, 0x492, 0xC10 } },
    { 0x62CD, { 0x000, 0x208, 0x210, 0xF7E, 0x242, 0x242, 0x342, 0xE7E, 0x242, 0x242, 0x242, 0xE7E } },
    { 0x62D2, { 0x000, 0x4FE, 0x480, 0xE80, 0x4FC, 0x484, 0x684, 0xC84, 0x4FC, 0x480, 0x480, 0xCFE } },
    { 0x62D6, { 0x000, 0x240, 0x27E, 0xF90, 0x296, 0x25A, 0x272, 0x3D2, 0xE56, 0x250, 0x242, 0x63E } },
    { 0x62DC, { 0x000, 0x1BE, 0xE08, 0x23E, 0x208, 0xF88, 0x23E, 0x208, 0xF88, 0x23E, 0x408, 0x808 } },
    { 0x62E5, { 0x000, 0x4FE, 0x492, 0xE92, 0x4FE, 0x492, 0x692, 0xCFE, 0x492, 0x492, 0x492, 0xD16 } },
    { 0x62E9, { 0x000, 0x4FE, 0x482, 0xE44, 0x438, 0x4C6, 0x610, 0xC7C, 0x410, 0x4FE, 0x410, 0xC10 } },
    { 0x62F3, { 0x000, 0x248, 0x250, 0x7FC, 0x110, 0xFFE, 0x248, 0xDF4, 0x042, 0xFFE, 0x040, 0x1C0 } },
    { 0x62FF, { 0x000, 0x0E0, 0x318, 0xDF6, 0x000, 0x3F8, 0x208, 0x7FC, 0x040, 0xFFE, 0x040, 0x1C0 } },
    { 0x6301, { 0x000, 0x410, 0x47C, 0xE10, 0x410, 0x4FE, 0x604, 0xCFE, 0x444, 0x424, 0x404, 0xC1C } },
    { 0x6307, { 0x000, 0x482, 0x48C, 0xEF0, 0x482, 0x47E, 0x600, 0xCFE, 0x482, 0x4FE, 0x482, 0xCFE } },
    { 0x6309, { 0x000, 0x410, 0x4FE, 0xE82, 0x410, 0x410, 0x6FE, 0xC24, 0x444, 0x428, 0x418, 0xCE6 } },
    { 0x6316, { 0x000, 0x410, 0x4FE, 0xEAA, 0x444, 0x400, 0x6FC, 0xC08, 0x430, 0x440, 0x482, 0xC7E } },
    { 0x6320, { 0x000, 0x420, 0x426, 0xEF8, 0x424, 0x41A, 0x6E6, 0xC00, 0x4FE, 0x428, 0x44A, 0xD8E } },
    { 0x6321, { 0x000, 0x410, 0x492, 0xE54, 0x410, 0x4FE, 0x602, 0xC02, 0x4FE, 0x402, 0x402, 0xCFE } },
    { 0x6325, { 0x000, 0x4FE, 0x482, 0xE20, 0x4FE, 0x440, 0x690, 0xCFE, 0x410, 0x4FE, 0x410, 0xC10 } },
    { 0x633A, { 0x000, 0x5C2, 0x45C, 0xE84, 0x504, 0x5DE, 0x644, 0xD44, 0x544, 0x49E, 0x540, 0xD3E } },
    { 0x635F, { 0x000, 0x47C, 0x444, 0xE7C, 0x400, 0x4FE, 0x682, 0xC92, 0x492, 0x428, 0x444, 0xC82 } },
    { 0x6362, { 0x000, 0x420, 0x438, 0xE48, 0x4FC, 0x494, 0x694, 0xC94, 0x5FE, 0x428, 0x444, 0xD82 } },
    { 0x636E, { 0x000, 0x4FE, 0x482, 0xE82, 0x4FE, 0x488, 0x6FE, 0xC88, 0x4BE, 0x4A2, 0x4A2, 0xD3E } },
    { 0x6377, { 0x000, 0x420, 0x5FE, 0xE24, 0x5FE, 0x424, 0x6FC, 0xC20, 0x4BC, 0x4A0, 0x560, 0xD1E } },
    { 0x6380, { 0x000, 0x428, 0x4C8, 0xE8E, 0x48A, 0x4F6, 0x6A4, 0xCA4, 0x4A4, 0x4AA, 0x4AA, 0xD32 } },
    { 0x6389, { 0x000, 0x410, 0x41E, 0xE10, 0x4FC, 0x484, 0x6FC, 0xC84, 0x4FC, 0x410, 0x5FE, 0xC10 } },
    { 0x638C, { 0x000, 0x248, 0xFFE, 0x802, 0x3F8, 0x208, 0x7FC, 0x040, 0x7FC, 0x040, 0xFFE, 0x040 } },
    { 0x6392, { 0x000, 0x428, 0x428, 0xEEE, 0x428, 0x428, 0x6EE, 0xC28, 0x428, 0x4EE, 0x428, 0xC28 } },
    { 0x63A0, { 0x000, 0x410, 0x5FE, 0xE00, 0x4FC, 0x484, 0x684, 0xCFC, 0x410, 0x494, 0x512, 0xC30 } },
    { 0x63A2, { 0x000, 0x4FE, 0x482, 0xE28, 0x444, 0x482, 0x610, 0xCFE, 0x410, 0x438, 0x454, 0xC92 } },
    { 0x63A5, { 0x000, 0x410, 0x4FE, 0xE44, 0x428, 0x4FE, 0x610, 0xCFE, 0x424, 0x448, 0x438, 0xCC6 } },
    { 0x63A7, { 0x000, 0x410, 0x4FE, 0xE82, 0x428, 0x444, 0x682, 0xC7C, 0x410, 0x410, 0x410, 0xCFE } },
    { 0x63A8, { 0x000, 0x450, 0x448, 0xEFE, 0x588, 0x4FE, 0x688, 0xC88, 0x4FE, 0x488, 0x488, 0xCFE } },
    { 0x63B7, { 0x000, 0x51E, 0x4AA, 0xFFA, 0x44A, 0x44C, 0x64A, 0xDFA, 0x44A, 0x4AE, 0x498, 0xD08 } },
    { 0x63D0, { 0x000, 0x4FC, 0x484, 0xEFC, 0x484, 0x4FC, 0x600, 0xDFE, 0x450, 0x45E, 0x4B0, 0xD0E } },
    { 0x63D2, { 0x000, 0x40C, 0x470, 0xE10, 0x4FE, 0x410, 0x650, 0xC96, 0x492, 0x4D6, 0x492, 0xCFE } },
    { 0x63E1, { 0x000, 0x4FE, 0x482, 0xEFE, 0x480, 0x4FE, 0x6A4, 0xCFA, 0x488, 0x4BE, 0x488, 0xD7E } },
    { 0x63ED, { 0x000, 0x4FC, 0x484, 0xEFC, 0x484, 0x4FC, 0x640, 0xCFE, 0x512, 0x4AA, 0x4FA, 0xC06 } },
    { 0x642C, { 0x000, 0x49C, 0x5D4, 0xF54, 0x5D4, 0x566, 0x740, 0x5FE, 0xD52, 0x5D4, 0x54C, 0xD72 } },
    { 0x643A, { 0x000, 0x448, 0x4FE, 0xF88, 0x4FE, 0x488, 0x6FE, 0xC00, 0x4FC, 0x426, 0x442, 0xD8C } },
    { 0x6444, { 0x000, 0x4FE, 0x444, 0xE7C, 0x444, 0x45E, 0x6E4, 0xC00, 0x4EE, 0x4AA, 0x444, 0xCAA } },
    { 0x6446, { 0x000, 0x4FE, 0x4AA, 0xEAA, 0x4FE, 0x410, 0x67C, 0xC10, 0x4FE, 0x420, 0x444, 0xCFA } },
    { 0x6447, { 0x000, 0x406, 0x4F8, 0xE92, 0x454, 0x480, 0x4FE, 0x610, 0xCFE, 0x410, 0x492, 0xCFE } },
    { 0x6478, { 0x000, 0x448, 0x5FE, 0xE48, 0x4FC, 0x484, 0x6FC, 0xC84, 0x5FE, 0x430, 0x448, 0xD86 } },
    { 0x6491, { 0x000, 0x454, 0x4FE, 0xE82, 0x47C, 0x444, 0x67C, 0xC10, 0x47C, 0x410, 0x4FE, 0xC10 } },
    { 0x6495, { 0x000, 0x4A2, 0x5FC, 0xEA8, 0x4E8, 0x4AE, 0x6EA, 0xCAA, 0x5FA, 0x40A, 0x4AA, 0xD12 } },
    { 0x64A4, { 0x000, 0x448, 0x5E8, 0xE8E, 0x52A, 0x5D2, 0x72A, 0xDEA, 0x52A, 0x5E4, 0x52A, 0xD72 } },
    { 0x64C5, { 0x000, 0x410, 0x5FE, 0xEBA, 0x4AA, 0x4BA, 0x682, 0xCFE, 0x444, 0x47C, 0x444, 0xDFE } },
    { 0x64CD, { 0x000, 0x47C, 0x444, 0xE7C, 0x4EE, 0x4AA, 0x6EE, 0xC10, 0x4FE, 0x438, 0x454, 0xC92 } },
    { 0x652F, { 0x000, 0x040, 0x040, 0xFFE, 0x040, 0x040, 0x7FC, 0x208, 0x110, 0x0E0, 0x318, 0xC06 } },
    { 0x6536, { 0x000, 0x120, 0x920, 0x93E, 0x944, 0x9A4, 0x924, 0x928, 0xB28, 0xD10, 0x128, 0x146 } },
    { 0x6539, { 0x000, 0x020, 0xF20, 0x13E, 0x144, 0x1A4, 0xF24, 0x828, 0x828, 0x910, 0xA28, 0xCC6 } },
    { 0x653B, { 0x000, 0x020, 0xF20, 0x23E, 0x244, 0x2A4, 0x224, 0x228, 0x328, 0xC10, 0x028, 0x0C6 } },
    { 0x653E, { 0x000, 0x420, 0x220, 0xFBE, 0x444, 0x424, 0x7A4, 0x4A8, 0x4A8, 0x490, 0x4A8, 0x9C6 } },
    { 0x653F, { 0x000, 0x020, 0xFA0, 0x23E, 0x244, 0xBA4, 0xA24, 0xA28, 0xA28, 0xB90, 0xC28, 0x0C6 } },
    { 0x6545, { 0x000, 0x220, 0x220, 0xFBE, 0x244, 0x224, 0x224, 0xFA8, 0x8A8, 0x890, 0x8A8, 0xFC6 } },
    { 0x6548, { 0x000, 0x110, 0xFD0, 0x01E, 0x4A4, 0x854, 0x494, 0x494, 0x294, 0x108, 0x294, 0xC62 } },
    { 0x654C, { 0x000, 0x1A0, 0xE20, 0x23E, 0x244, 0xFA4, 0x224, 0x228, 0xFA8, 0x890, 0x8A8, 0xFC6 } },
    { 0x654F, { 0x000, 0x410, 0x7D0, 0x81E, 0x7E4, 0x554, 0x4D4, 0xFF4, 0x554, 0x4C8, 0x7D4, 0x062 } },
    { 0x6559, { 0x000, 0x210, 0xF50, 0x29E, 0xFE4, 0x224, 0x7D4, 0x894, 0x1D4, 0xF08, 0x114, 0x362 } },
    { 0x655E, { 0x000, 0x950, 0x590, 0x11E, 0xFE4, 0x854, 0xF54, 0xD54, 0xD54, 0xF48, 0x854, 0x8E2 } },
    { 0x6563, { 0x000, 0x510, 0xF90, 0x51E, 0xFA4, 0x054, 0xF94, 0x894, 0xF94, 0x888, 0xF94, 0x8A2 } },
    { 0x6570, { 0x000, 0x950, 0x590, 0xFDE, 0x324, 0x594, 0x954, 0x214, 0xFD4, 0x248, 0x394, 0xC62 } },
    { 0x6572, { 0x000, 0x208, 0xFC8, 0x48E, 0x788, 0x008, 0xFDE, 0x852, 0xF52, 0xD4A, 0xF44, 0x8DA } },
    { 0x6574, { 0x000, 0x110, 0xFFE, 0x554, 0x7D4, 0x388, 0x554, 0xFFE, 0x040, 0x27C, 0x240, 0xFFE } },
    { 0x6587, { 0x000, 0x080, 0x040, 0xFFE, 0x208, 0x208, 0x110, 0x110, 0x0A0, 0x040, 0x1B0, 0xE0E } },
    { 0x6597, { 0x000, 0x110, 0x090, 0x050, 0x410, 0x210, 0x110, 0x01E, 0x0F0, 0xF10, 0x010, 0x010 } },
    { 0x6599, { 0x000, 0x204, 0xB24, 0x614, 0x204, 0xF44, 0x224, 0x606, 0x71C, 0xA64, 0x204, 0x204 } },
    { 0x65A5, { 0x000, 0x01C, 0x3E0, 0x200, 0x200, 0x3FE, 0x210, 0x270, 0x218, 0x416, 0x410, 0x810 } },
    { 0x65A7, { 0x000, 0x110, 0x208, 0xD16, 0x0E0, 0x318, 0xDE6, 0x200, 0x3FC, 0x210, 0x210, 0x410 } },
    { 0x65A9, { 0x000, 0x206, 0xFB8, 0x420, 0xA20, 0xA3E, 0xFA4, 0x224, 0x3A4, 0xE24, 0x224, 0x244 } },
    { 0x65AD, { 0x000, 0x906, 0xD78, 0xBA0, 0x920, 0xFFE, 0x924, 0xBA4, 0xD64, 0x924, 0x824, 0xFC4 } },
    { 0x65B0, { 0x000, 0x106, 0xFD8, 0x450, 0x290, 0xFDE, 0x114, 0xFD4, 0x114, 0x554, 0x924, 0x324 } },
    { 0x65B9, { 0x000, 0x080, 0x040, 0xFFE, 0x080, 0x080, 0x0FC, 0x084, 0x104, 0x104, 0x204, 0xC18 } },
    { 0x65BD, { 0x000, 0x440, 0x47E, 0xF90, 0x496, 0x45A, 0x772, 0x5D2, 0x956, 0x950, 0x142, 0x63E } },
    { 0x65C5, { 0x000, 0x440, 0x47E, 0xF88, 0x490, 0x428, 0x7EA, 0x4AA, 0x4A4, 0x8A4, 0x8A2, 0x332 } },
    { 0x65CB, { 0x000, 0x440, 0x47E, 0xF40, 0x47E, 0x492, 0x710, 0x55E, 0x550, 0x950, 0x970, 0x38E } },
    { 0x65E0, { 0x000, 0x7FC, 0x040, 0x040, 0x040, 0xFFE, 0x0A0, 0x0A0, 0x120, 0x122, 0x222, 0xC3E } },
    { 0x65E5, { 0x000, 0x7FC, 0x404, 0x404, 0x404, 0x404, 0x7FC, 0x404, 0x404, 0x404, 0x404, 0x7FC } },
    { 0x65E9, { 0x000, 0x7FC, 0x404, 0x7FC, 0x404, 0x7FC, 0x040, 0x040, 0xFFE, 0x040, 0x040, 0x040 } },
    { 0x65F6, { 0x000, 0x004, 0xF04, 0x97E, 0x904, 0x904, 0xF44, 0x924, 0x924, 0x904, 0xF04, 0x01C } },
    { 0x660E, { 0x000, 0xF7E, 0x942, 0x942, 0x97E, 0xF42, 0x942, 0x97E, 0x942, 0xF42, 0x082, 0x10E } },
    { 0x660F, { 0x000, 0xFFC, 0x840, 0xFFE, 0x810, 0x98A, 0xE06, 0x7FC, 0x404, 0x7FC, 0x404, 0x7FC } },
    { 0x6613, { 0x000, 0x7FC, 0x404, 0x7FC, 0x404, 0x7FC, 0x200, 0x3FE, 0x492, 0x892, 0x122, 0x24C } },
    { 0x661F, { 0x000, 0x7FC, 0x404, 0x7FC, 0x404, 0x7FC, 0x440, 0x7FC, 0x840, 0x7FC, 0x040, 0xFFE } },
    { 0x6625, { 0x000, 0x040, 0x7FC, 0x080, 0x7FC, 0x100, 0xFFE, 0x208, 0x60C, 0xBFA, 0x208, 0x3F8 } },
    { 0x662F, { 0x000, 0x7FC, 0x404, 0x7FC, 0x404, 0x7FC, 0x000, 0xFFE, 0x240, 0x27C, 0x5C0, 0x83E } },
    { 0x663E, { 0x000, 0x7FC, 0x404, 0x7FC, 0x404, 0x7FC, 0x110, 0x912, 0x514, 0x318, 0x110, 0xFFE } },
    { 0x6655, { 0x000, 0x7FC, 0x404, 0x7FC, 0x404, 0xFFE, 0x882, 0x7FC, 0x140, 0x240, 0xFFE, 0x040 } },
    { 0x666E, { 0x000, 0x110, 0xFFE, 0x4A4, 0x2A8, 0xFFE, 0x000, 0x7FC, 0x404, 0x7FC, 0x404, 0x7FC } },
    { 0x6676, { 0x000, 0x3F8, 0x208, 0x3F8, 0x208, 0x3F8, 0x000, 0xFBE, 0x8A2, 0xFBE, 0x8A2, 0xFBE } },
    { 0x667A, { 0x000, 0x400, 0x7DE, 0x912, 0x7D2, 0x29E, 0xC40, 0x7FC, 0x404, 0x7FC, 0x404, 0x7FC } },
    { 0x6682, { 0x000, 0x206, 0xFB8, 0x420, 0xA3E, 0xFA4, 0x244, 0x7FC, 0x404, 0x7FC, 0x404, 0x7FC } },
    { 0x6696, { 0x000, 0x00E, 0xEF2, 0xA54, 0xAFE, 0xA20, 0xEFE, 0xA40, 0xA7C, 0xAA4, 0xF18, 0x0E6 } },
    { 0x6697, { 0x000, 0x010, 0xEFE, 0xA44, 0xA28, 0xAFE, 0xE00, 0xA7C, 0xA44, 0xA7C, 0xE44, 0x07C } },
    { 0x66AE, { 0x000, 0x110, 0xFFE, 0x110, 0x7FC, 0x404, 0xFFE, 0x208, 0x60C, 0xBFA, 0x208, 0x3F8 } },
    { 0x66B4, { 0x000, 0x7FC, 0x404, 0x7FC, 0x404, 0xFFE, 0x110, 0xFFE, 0x248, 0xD56, 0x248, 0xCC6 } },
    { 0x66F4, { 0x000, 0xFFE, 0x040, 0x7FC, 0x444, 0x7FC, 0x444, 0x7FC, 0x440, 0x240, 0x180, 0xE7E } },
    { 0x6700, { 0x000, 0x7FC, 0x404, 0x7FC, 0x404, 0xFFE, 0x480, 0x7BE, 0x4A2, 0x5D4, 0xE88, 0x0B6 } },
    { 0x6708, { 0x000, 0x3FC, 0x204, 0x204, 0x3FC, 0x204, 0x204, 0x3FC, 0x204, 0x404, 0x404, 0x81C } },
    { 0x6709, { 0x000, 0x080, 0xFFE, 0x100, 0x200, 0x3FC, 0x604, 0xBFC, 0x204, 0x3FC, 0x204, 0x21C } },
    { 0x670D, { 0x000, 0x7BE, 0x4A2, 0x4A2, 0x7AE, 0x4A0, 0x4BE, 0x7B2, 0x4AA, 0x4A4, 0x4AA, 0x9B2 } },
    { 0x671B, { 0x000, 0x23E, 0xFE2, 0x43E, 0x422, 0x7BE, 0x042, 0xFFE, 0x040, 0x7FC, 0x040, 0xFFE } },
    { 0x671D, { 0x000, 0x23E, 0xFA2, 0x222, 0xFBE, 0x8A2, 0xFA2, 0x8BE, 0xFA2, 0x222, 0xFA2, 0x246 } },
    { 0x672A, { 0x000, 0x040, 0x040, 0x7FC, 0x040, 0x040, 0xFFE, 0x150, 0x150, 0x248, 0xC46, 0x040 } },
    { 0x672B, { 0x000, 0x040, 0x040, 0xFFE, 0x040, 0x040, 0x7FC, 0x150, 0x150, 0x248, 0xC46, 0x040 } },
    { 0x672C, { 0x000, 0x040, 0x040, 0xFFE, 0x150, 0x150, 0x150, 0x248, 0x248, 0x5F4, 0x842, 0x040 } },
    { 0x672F, { 0x000, 0x048, 0x044, 0x040, 0xFFE, 0x150, 0x150, 0x248, 0x248, 0x444, 0x842, 0x040 } },
    { 0x673A, { 0x000, 0x278, 0x248, 0xF48, 0x248, 0x248, 0x648, 0x748, 0xA48, 0x24A, 0x24A, 0x28E } },
    { 0x673D, { 0x000, 0x2FE, 0x220, 0xF20, 0x240, 0x27E, 0x602, 0x702, 0xA02, 0x202, 0x202, 0x20C } },
    { 0x6740, { 0x000, 0x604, 0x198, 0x060, 0x190, 0x60C, 0x040, 0xFFE, 0x040, 0x248, 0x444, 0x8C2 } },
    { 0x6750, { 0x000, 0x204, 0x204, 0xF7E, 0x204, 0x20C, 0x60C, 0x714, 0xA24, 0x2C4, 0x204, 0x21C } },
    { 0x6756, { 0x000, 0x208, 0x208, 0xF7E, 0x208, 0x248, 0x648, 0x728, 0xA28, 0x210, 0x228, 0x2C6 } },
    { 0x675F, { 0x000, 0x040, 0xFFE, 0x040, 0x7FC, 0x444, 0x444, 0x7FC, 0x150, 0x248, 0xC46, 0x040 } },
    { 0x6761, { 0x000, 0x100, 0x1F8, 0x208, 0xD10, 0x0E0, 0xF1E, 0x040, 0x7FC, 0x040, 0x248, 0xCC6 } },
    { 0x6765, { 0x000, 0x040, 0x7FC, 0x040, 0x248, 0x150, 0xFFE, 0x0E0, 0x150, 0x248, 0xC46, 0x040 } },
    { 0x677F, { 0x000, 0x206, 0x278, 0xF40, 0x240, 0x27E, 0x642, 0x762, 0xA54, 0x248, 0x254, 0x2A2 } },
    { 0x6781, { 0x000, 0x2FC, 0x244, 0xF44, 0x248, 0x24E, 0x642, 0x762, 0xA54, 0x248, 0x254, 0x2A2 } },
    { 0x6784, { 0x000, 0x240, 0x27E, 0xF42, 0x2A2, 0x222, 0x622, 0x74A, 0xA4A, 0x2F6, 0x202, 0x20C } },
    { 0x6797, { 0x000, 0x210, 0x210, 0xFFE, 0x210, 0x210, 0x638, 0x754, 0xA92, 0x210, 0x210, 0x210 } },
    { 0x679A, { 0x000, 0x220, 0x220, 0xF3E, 0x244, 0x2A4, 0x624, 0x728, 0xA28, 0x210, 0x228, 0x2C6 } },
    { 0x679C, { 0x000, 0x7FC, 0x444, 0x7FC, 0x444, 0x7FC, 0x040, 0xFFE, 0x150, 0x248, 0xC46, 0x040 } },
    { 0x67AF, { 0x000, 0x210, 0x210, 0xF7E, 0x210, 0x210, 0x610, 0x77C, 0xA44, 0x244, 0x244, 0x27C } },
    { 0x67C4, { 0x000, 0x2FE, 0x210, 0xF10, 0x2FE, 0x292, 0x692, 0x7AA, 0xAC6, 0x282, 0x282, 0x286 } },
    { 0x67D0, { 0x000, 0x208, 0xFFE, 0x208, 0x3F8, 0x208, 0x3F8, 0x040, 0xFFE, 0x150, 0x248, 0xC46 } },
    { 0x67D4, { 0x000, 0x3F8, 0x010, 0xFFE, 0x144, 0x248, 0xCC0, 0x040, 0xFFE, 0x150, 0x248, 0xC46 } },
    { 0x67F1, { 0x000, 0x220, 0x210, 0xF7E, 0x210, 0x210, 0x610, 0x77C, 0xA10, 0x210, 0x210, 0x2FE } },
    { 0x6807, { 0x000, 0x27C, 0x200, 0xF00, 0x2FE, 0x210, 0x610, 0x754, 0xA52, 0x252, 0x292, 0x230 } },
    { 0x680F, { 0x000, 0x244, 0x228, 0xEFE, 0x200, 0x200, 0x600, 0x77C, 0xA00, 0x200, 0x200, 0x2FE } },
    { 0x6811, { 0x000, 0x204, 0x2E4, 0xF3E, 0x2A4, 0x2A4, 0x654, 0x74C, 0xAA4, 0x2A4, 0x304, 0x20C } },
    { 0x6837, { 0x000, 0x244, 0x228, 0xFFE, 0x210, 0x210, 0x67C, 0x710, 0xA10, 0x2FE, 0x210, 0x210 } },
    { 0x6838, { 0x000, 0x210, 0x2FE, 0xF20, 0x244, 0x2F8, 0x610, 0x722, 0xAC4, 0x208, 0x234, 0x2C2 } },
    { 0x6839, { 0x000, 0x27E, 0x242, 0xF7E, 0x242, 0x242, 0x67E, 0x748, 0xA4A, 0x244, 0x254, 0x262 } },
    { 0x683C, { 0x000, 0x220, 0x23C, 0xF44, 0x2A8, 0x210, 0x628, 0x6C6, 0xB7C, 0x244, 0x244, 0x27C } },
    { 0x6848, { 0x000, 0x040, 0xFFE, 0x882, 0x7FC, 0x110, 0x1E0, 0xE1E, 0x040, 0xFFE, 0x248, 0xC46 } },
    { 0x6863, { 0x000, 0x210, 0x292, 0xF54, 0x210, 0x2FE, 0x602, 0x702, 0xAFE, 0x202, 0x202, 0x2FE } },
    { 0x6885, { 0x000, 0x240, 0x27E, 0xF80, 0x27C, 0x254, 0x64C, 0x6FE, 0xB54, 0x24C, 0x27E, 0x204 } },
    { 0x68AF, { 0x000, 0x244, 0x228, 0xFFE, 0x212, 0x2FE, 0x690, 0x6FE, 0xB32, 0x252, 0x296, 0x210 } },
    { 0x68B0, { 0x000, 0x40A, 0x40A, 0xEFE, 0x408, 0x4AA, 0xEAA, 0xDFA, 0x4A4, 0x4A4, 0x4AA, 0x532 } },
    { 0x68CD, { 0x000, 0x2FC, 0x284, 0xFFC, 0x284, 0x2FC, 0x600, 0x68A, 0xBEC, 0x288, 0x2AA, 0x2CE } },
    { 0x68D5, { 0x000, 0x210, 0x2FE, 0xF82, 0x200, 0x27C, 0x600, 0x6FE, 0xB10, 0x254, 0x292, 0x230 } },
    { 0x68D8, { 0x000, 0x208, 0xFBE, 0x208, 0xFBE, 0xAAA, 0xAAA, 0xBAE, 0x208, 0x71C, 0xAAA, 0x208 } },
    { 0x68EE, { 0x000, 0x040, 0xFFE, 0x150, 0x248, 0xC46, 0x208, 0xFBE, 0x208, 0x71C, 0xAAA, 0x208 } },
    { 0x68F1, { 0x000, 0x210, 0x27C, 0xF10, 0x2FE, 0x244, 0x6A2, 0x73C, 0xA44, 0x2A8, 0x210, 0x2EE } },
    { 0x68F5, { 0x000, 0x2FE, 0x292, 0xFFE, 0x292, 0x2FE, 0x710, 0x6FE, 0xA38, 0x254, 0x292, 0x210 } },
    { 0x697C, { 0x000, 0x292, 0x254, 0xFFE, 0x238, 0x254, 0x692, 0x720, 0xAFE, 0x224, 0x238, 0x2C6 } },
    { 0x69CC, { 0x000, 0x288, 0x25E, 0xF12, 0x21E, 0x2D0, 0x65E, 0x752, 0xA52, 0x25E, 0x2A0, 0x29E } },
    { 0x69FD, { 0x000, 0x228, 0x2FE, 0xF28, 0x2FE, 0x2AA, 0x6FE, 0x7AA, 0xAFE, 0x244, 0x244, 0x27C } },
    { 0x6A21, { 0x000, 0x228, 0x2FE, 0xF28, 0x27C, 0x244, 0x67C, 0x744, 0xAFE, 0x210, 0x228, 0x2C6 } },
    { 0x6A2A, { 0x000, 0x228, 0x27C, 0xF28, 0x2FE, 0x210, 0x67C, 0x754, 0xA7C, 0x254, 0x27C, 0x2C6 } },
    { 0x6B21, { 0x000, 0x840, 0x440, 0x47E, 0x082, 0x114, 0x010, 0x410, 0x428, 0x428, 0x844, 0x982 } },
    { 0x6B22, { 0x000, 0x040, 0xF40, 0x17E, 0x942, 0x594, 0x510, 0x210, 0x228, 0x528, 0x544, 0x882 } },
    { 0x6B47, { 0x000, 0x7D0, 0x450, 0x7DE, 0x462, 0x7CA, 0x208, 0x7C8, 0xA48, 0x554, 0x754, 0x0E2 } },
    { 0x6B4C, { 0x000, 0xFD0, 0xA90, 0xA9E, 0xEA2, 0x0AA, 0xFC8, 0xA88, 0xA88, 0xE94, 0x094, 0x1A2 } },
    { 0x6B62, { 0x000, 0x040, 0x040, 0x040, 0x240, 0x27C, 0x240, 0x240, 0x240, 0x240, 0x240, 0xFFE } },
    { 0x6B63, { 0x000, 0xFFE, 0x040, 0x040, 0x040, 0x240, 0x27C, 0x240, 0x240, 0x240, 0x240, 0xFFE } },
    { 0x6B64, { 0x000, 0x110, 0x110, 0x112, 0x514, 0x5D8, 0x510, 0x510, 0x510, 0x512, 0x5D2, 0xE0E } },
    { 0x6B65, { 0x000, 0x040, 0x27C, 0x240, 0x240, 0xFFE, 0x040, 0x244, 0xC48, 0x010, 0x060, 0x780 } },
    { 0x6B66, { 0x000, 0x7D4, 0x012, 0xFFE, 0x010, 0x110, 0x510, 0x5D0, 0x508, 0x50A, 0x5C6, 0xE02 } },
    { 0x6B7B, { 0x000, 0xFFE, 0x220, 0x220, 0x3A2, 0x4A4, 0x4B8, 0xAA0, 0x120, 0x122, 0x222, 0xC1E } },
    { 0x6B86, { 0x000, 0xF10, 0x410, 0x424, 0x744, 0x9FA, 0x900, 0x57E, 0x242, 0x242, 0x442, 0x87E } },
    { 0x6B8B, { 0x000, 0xF14, 0x412, 0x41E, 0x770, 0x910, 0x91E, 0x570, 0x212, 0x20C, 0x41A, 0x8E6 } },
    { 0x6BB4, { 0x000, 0xF9C, 0x814, 0xC94, 0xA94, 0xAA6, 0x900, 0x93E, 0xAA2, 0xC94, 0x808, 0xFB6 } },
    { 0x6BBF, { 0x000, 0xFDC, 0x854, 0xFD4, 0x814, 0xAA6, 0xFC0, 0xABE, 0xFE2, 0x814, 0xA88, 0x476 } },
    { 0x6BC1, { 0x000, 0x43C, 0x9A4, 0x8A4, 0xDA4, 0x8C6, 0xF80, 0x07E, 0xFA2, 0x224, 0x398, 0xC66 } },
    { 0x6BCD, { 0x000, 0x3FC, 0x204, 0x244, 0x224, 0xFFE, 0x404, 0x444, 0x424, 0x7FE, 0x004, 0x018 } },
    { 0x6BCF, { 0x000, 0x200, 0x3FE, 0x400, 0xBFC, 0x244, 0x224, 0xFFE, 0x444, 0x424, 0x7FE, 0x004 } },
    { 0x6BD2, { 0x000, 0x040, 0x7FC, 0x040, 0x7FC, 0x040, 0xFFE, 0x244, 0xFFE, 0x424, 0x7FE, 0x004 } },
    { 0x6BD4, { 0x000, 0x820, 0x820, 0x822, 0x824, 0xFB8, 0x820, 0x820, 0x820, 0x822, 0x9A2, 0xE1E } },
    { 0x6BEB, { 0x000, 0x040, 0xFFE, 0x208, 0x3F8, 0x000, 0xFFE, 0x872, 0x780, 0x0FC, 0xF82, 0x07E } },
    { 0x6C11, { 0x000, 0xFFC, 0x804, 0x804, 0xFFC, 0x840, 0x840, 0xFFE, 0x820, 0x810, 0x98A, 0xE06 } },
    { 0x6C14, { 0x000, 0x400, 0x7FC, 0x800, 0x7F8, 0x000, 0xFF8, 0x008, 0x008, 0x00A, 0x00A, 0x004 } },
    { 0x6C34, { 0x000, 0x040, 0x040, 0x042, 0xF64, 0x168, 0x150, 0x250, 0x248, 0x444, 0x842, 0x1C0 } },
    { 0x6C38, { 0x000, 0x0C0, 0x020, 0x3C2, 0x044, 0xF68, 0x150, 0x150, 0x248, 0x444, 0x842, 0x1C0 } },
    { 0x6C42, { 0x000, 0x048, 0x044, 0xFFE, 0x040, 0x444, 0x268, 0x050, 0x0C8, 0x344, 0xC42, 0x1C0 } },
    { 0x6C50, { 0x000, 0x020, 0x83E, 0x422, 0x042, 0x882, 0x424, 0x014, 0x408, 0x410, 0x860, 0x980 } },
    { 0x6C60, { 0x000, 0x410, 0x290, 0x096, 0x8BA, 0x5D2, 0x092, 0x096, 0x490, 0x482, 0x882, 0x87E } },
    { 0x6C89, { 0x000, 0x9FE, 0x502, 0x102, 0x878, 0x448, 0x048, 0x048, 0x448, 0x44A, 0x88A, 0x90E } },
    { 0x6C99, { 0x000, 0x410, 0x210, 0x094, 0x892, 0x492, 0x110, 0x012, 0x404, 0x408, 0x830, 0x9C0 } },
    { 0x6C9B, { 0x000, 0x410, 0x210, 0x0FE, 0x810, 0x4FE, 0x092, 0x092, 0x492, 0x496, 0x810, 0x810 } },
    { 0x6CA1, { 0x000, 0x478, 0x248, 0x048, 0x848, 0x58E, 0x000, 0x0FC, 0x484, 0x448, 0x830, 0x9CE } },
    { 0x6CBB, { 0x000, 0x420, 0x220, 0x048, 0x884, 0x5FA, 0x002, 0x0FC, 0x484, 0x484, 0x884, 0x8FC } },
    { 0x6CC9, { 0x000, 0x080, 0x7FC, 0x404, 0x7FC, 0x404, 0x7FC, 0x042, 0xF6C, 0x150, 0x248, 0xCC6 } },
    { 0x6CD5, { 0x000, 0x410, 0x210, 0x0FC, 0x810, 0x410, 0x1FE, 0x020, 0x444, 0x444, 0x89A, 0x9E2 } },
    { 0x6CE2, { 0x000, 0x410, 0x2FE, 0x092, 0x890, 0x4FE, 0x0C2, 0x0A2, 0x494, 0x488, 0x894, 0x962 } },
    { 0x6CE5, { 0x000, 0x4FE, 0x282, 0x082, 0x8FE, 0x480, 0x0A0, 0x0A6, 0x4B8, 0x4A0, 0x8A2, 0x91E } },
    { 0x6CE8, { 0x000, 0x820, 0x410, 0x1FE, 0x810, 0x410, 0x010, 0x0FC, 0x410, 0x410, 0x810, 0x9FE } },
    { 0x6CF0, { 0x000, 0x040, 0x7FC, 0x080, 0x7FC, 0x100, 0xFFE, 0x248, 0x554, 0x8E2, 0x150, 0x6CC } },
    { 0x6CFB, { 0x000, 0x4FE, 0x282, 0x020, 0x83C, 0x440, 0x07E, 0x002, 0x402, 0x4FA, 0x802, 0x81C } },
    { 0x6D17, { 0x000, 0x490, 0x290, 0x0FC, 0x910, 0x410, 0x1FE, 0x048, 0x448, 0x48A, 0x88A, 0x90E } },
    { 0x6D1E, { 0x000, 0x9FE, 0x502, 0x17A, 0x902, 0x57A, 0x14A, 0x14A, 0x54A, 0x57A, 0x902, 0x906 } },
    { 0x6D32, { 0x000, 0x492, 0x292, 0x092, 0x9DA, 0x5B6, 0x2B6, 0x092, 0x492, 0x492, 0x892, 0x912 } },
    { 0x6D3B, { 0x000, 0x40C, 0x2F0, 0x010, 0x810, 0x5FE, 0x010, 0x010, 0x4FC, 0x484, 0x884, 0x8FC } },
    { 0x6D3E, { 0x000, 0x40C, 0x2F0, 0x086, 0x8B8, 0x4A8, 0x0AA, 0x0AC, 0x4A8, 0x4A4, 0x8B4, 0x922 } },
    { 0x6D41, { 0x000, 0x820, 0x5FE, 0x040, 0x884, 0x5FA, 0x000, 0x0A8, 0x4A8, 0x4A8, 0x8AA, 0x92E } },
    { 0x6D45, { 0x000, 0x828, 0x424, 0x03E, 0x9E0, 0x420, 0x03E, 0x1E0, 0x424, 0x418, 0x832, 0x9CE } },
    { 0x6D69, { 0x000, 0x890, 0x4FC, 0x110, 0x810, 0x5FE, 0x000, 0x0FC, 0x484, 0x484, 0x884, 0x8FC } },
    { 0x6D6A, { 0x000, 0x420, 0x2FC, 0x084, 0x8FC, 0x484, 0x0FC, 0x092, 0x494, 0x488, 0x8A4, 0x8C2 } },
    { 0x6D74, { 0x000, 0x848, 0x484, 0x132, 0x848, 0x484, 0x302, 0x0FC, 0x484, 0x484, 0x884, 0x8FC } },
    { 0x6D77, { 0x000, 0x880, 0x4FE, 0x100, 0x8FC, 0x4A4, 0x094, 0x1FE, 0x4A4, 0x494, 0x8FE, 0x804 } },
    { 0x6D82, { 0x000, 0x838, 0x444, 0x182, 0x87C, 0x410, 0x010, 0x1FE, 0x410, 0x494, 0x912, 0x830 } },
    { 0x6D88, { 0x000, 0x492, 0x254, 0x010, 0x8FE, 0x482, 0x0FE, 0x082, 0x4FE, 0x482, 0x882, 0x886 } },
    { 0x6D8C, { 0x000, 0x4FC, 0x228, 0x010, 0x8FE, 0x492, 0x0FE, 0x092, 0x4FE, 0x492, 0x892, 0x896 } },
    { 0x6DA8, { 0x000, 0x9D2, 0x452, 0x054, 0x9D8, 0x510, 0x13E, 0x1D8, 0x454, 0x454, 0x852, 0x99A } },
    { 0x6DB2, { 0x000, 0x820, 0x5FE, 0x050, 0x85E, 0x492, 0x0AA, 0x1A4, 0x4D4, 0x488, 0x894, 0x8A2 } },
    { 0x6DD8, { 0x000, 0x880, 0x4FE, 0x182, 0x8FA, 0x522, 0x0FA, 0x022, 0x4AA, 0x4FA, 0x802, 0x80C } },
    { 0x6DE1, { 0x000, 0x410, 0x252, 0x094, 0x810, 0x428, 0x1C6, 0x010, 0x452, 0x494, 0x828, 0x9C6 } },
    { 0x6DF1, { 0x000, 0x9FE, 0x502, 0x028, 0x844, 0x582, 0x010, 0x1FE, 0x410, 0x438, 0x854, 0x992 } },
    { 0x6DF7, { 0x000, 0x9FC, 0x504, 0x1FC, 0x904, 0x5FC, 0x000, 0x112, 0x5DC, 0x510, 0x952, 0x98E } },
    { 0x6DF9, { 0x000, 0x820, 0x5FC, 0x088, 0x924, 0x7FE, 0x124, 0x1FC, 0x524, 0x5FC, 0x822, 0x81E } },
    { 0x6DFB, { 0x000, 0x4FC, 0x220, 0x020, 0x9FE, 0x448, 0x084, 0x122, 0x4B4, 0x4AA, 0x92A, 0x860 } },
    { 0x6E05, { 0x000, 0x410, 0x2FC, 0x010, 0x8FC, 0x410, 0x1FE, 0x084, 0x4FC, 0x484, 0x8FC, 0x884 } },
    { 0x6E0A, { 0x000, 0x492, 0x292, 0x0D6, 0x8BA, 0x492, 0x0FE, 0x092, 0x4BA, 0x4D6, 0x892, 0x912 } },
    { 0x6E10, { 0x000, 0x842, 0x5EC, 0x088, 0x948, 0x54E, 0x1EA, 0x04A, 0x46A, 0x5CA, 0x84A, 0x852 } },
    { 0x6E21, { 0x000, 0x810, 0x5FE, 0x144, 0x9FE, 0x544, 0x17C, 0x100, 0x57C, 0x544, 0x938, 0xAC6 } },
    { 0x6E29, { 0x000, 0x47C, 0x244, 0x07C, 0x844, 0x47C, 0x000, 0x0FE, 0x4AA, 0x4AA, 0x8AA, 0x9FE } },
    { 0x6E34, { 0x000, 0x4FC, 0x284, 0x0FC, 0x884, 0x4FC, 0x040, 0x0FE, 0x512, 0x4AA, 0x8FA, 0x806 } },
    { 0x6E38, { 0x000, 0x910, 0x490, 0x3DE, 0x920, 0x51C, 0x1C4, 0x148, 0x57E, 0x548, 0x948, 0xAD8 } },
    { 0x6E83, { 0x000, 0x410, 0x2FC, 0x094, 0x8FC, 0x410, 0x1FE, 0x084, 0x494, 0x494, 0x828, 0x8C6 } },
    { 0x6E90, { 0x000, 0x9FE, 0x510, 0x17C, 0x944, 0x57C, 0x144, 0x17C, 0x510, 0x554, 0x952, 0xAB2 } },
    { 0x6EBA, { 0x000, 0x9EE, 0x422, 0x022, 0x9EE, 0x508, 0x1EE, 0x122, 0x4AA, 0x466, 0x8AA, 0x966 } },
    { 0x6ECB, { 0x000, 0x884, 0x448, 0x1FE, 0x884, 0x484, 0x128, 0x1CE, 0x484, 0x508, 0x94A, 0x9AE } },
    { 0x6EDA, { 0x000, 0x010, 0x9FE, 0x448, 0x0A4, 0x92A, 0x444, 0x0FC, 0x452, 0x594, 0x888, 0x8E6 } },
    { 0x6EE1, { 0x000, 0x848, 0x5FE, 0x048, 0x9FE, 0x448, 0x1FE, 0x14A, 0x54A, 0x5B6, 0x902, 0x906 } },
    { 0x6F02, { 0x000, 0x4FE, 0x228, 0x0FE, 0x8AA, 0x4FE, 0x000, 0x07C, 0x400, 0x4FE, 0x854, 0x8B2 } },
    { 0x6F0F, { 0x000, 0x9FE, 0x502, 0x1FE, 0x900, 0x57E, 0x108, 0x17E, 0x56E, 0x55A, 0x96E, 0xA5A } },
    { 0x6F2B, { 0x000, 0x4FC, 0x284, 0x0FC, 0x884, 0x5FE, 0x14A, 0x1FE, 0x484, 0x448, 0x830, 0x9CE } },
    { 0x6F5C, { 0x000, 0x444, 0x2EE, 0x044, 0x9EE, 0x444, 0x1AA, 0x0FC, 0x484, 0x4FC, 0x884, 0x8FC } },
    { 0x6F6E, { 0x000, 0x84E, 0x5EA, 0x04A, 0x9EE, 0x52A, 0x1EA, 0x12E, 0x5EA, 0x44A, 0x9EA, 0x856 } },
    { 0x6F88, { 0x000, 0x848, 0x5E8, 0x08E, 0x92A, 0x5D2, 0x12A, 0x1EA, 0x52A, 0x5E4, 0x92A, 0x972 } },
    { 0x6FC0, { 0x000, 0x888, 0x5E8, 0x12E, 0x9F2, 0x52A, 0x1EA, 0x04A, 0x5FA, 0x4A4, 0x8AA, 0x972 } },
    { 0x704C, { 0x000, 0x444, 0x2FE, 0x044, 0x8AA, 0x4EE, 0x048, 0x07E, 0x4C8, 0x57E, 0x848, 0x87E } },
    { 0x706B, { 0x000, 0x040, 0x040, 0x244, 0x244, 0x448, 0x040, 0x0A0, 0x0A0, 0x110, 0x208, 0xC06 } },
    { 0x706D, { 0x000, 0xFFE, 0x040, 0x040, 0x244, 0x244, 0x448, 0x0A0, 0x0A0, 0x110, 0x208, 0xC06 } },
    { 0x7070, { 0x000, 0x200, 0xFFE, 0x200, 0x220, 0x2A4, 0x2A4, 0x328, 0x420, 0x450, 0x888, 0x306 } },
    { 0x7075, { 0x000, 0x7FC, 0x004, 0x3FC, 0x004, 0x7FC, 0x040, 0x244, 0x448, 0x0A0, 0x318, 0xC06 } },
    { 0x707C, { 0x000, 0x240, 0x240, 0xB7E, 0xA82, 0xA02, 0x222, 0x212, 0x212, 0x502, 0x502, 0x80C } },
    { 0x707E, { 0x000, 0x040, 0xFFE, 0x802, 0x040, 0x244, 0x244, 0x4A8, 0x0A0, 0x110, 0x208, 0xC06 } },
    { 0x7089, { 0x000, 0x210, 0x208, 0xA7E, 0xB42, 0xA42, 0x27E, 0x240, 0x240, 0x540, 0x540, 0x880 } },
    { 0x70AE, { 0x000, 0x240, 0x27E, 0xA82, 0xB7A, 0xA4A, 0x24A, 0x27A, 0x246, 0x540, 0x542, 0x83E } },
    { 0x70B8, { 0x000, 0x220, 0x220, 0xA3E, 0xB50, 0xA90, 0x21E, 0x210, 0x210, 0x51E, 0x510, 0x810 } },
    { 0x70B9, { 0x000, 0x040, 0x07E, 0x040, 0x040, 0x7FC, 0x404, 0x404, 0x7FC, 0x000, 0x524, 0x892 } },
    { 0x70BC, { 0x000, 0x220, 0x2FE, 0xA40, 0xBF0, 0xA90, 0x2FE, 0x210, 0x254, 0x552, 0x492, 0x830 } },
    { 0x70C1, { 0x000, 0x20C, 0x270, 0xB40, 0xA90, 0xA90, 0x2FE, 0x210, 0x254, 0x552, 0x492, 0x830 } },
    { 0x70C2, { 0x000, 0x244, 0x228, 0xAFE, 0xB00, 0xA00, 0x200, 0x27C, 0x200, 0x500, 0x500, 0x8FE } },
    { 0x70C8, { 0x000, 0xFC2, 0x212, 0x3D2, 0x652, 0x952, 0x092, 0x302, 0xC06, 0x000, 0x524, 0x892 } },
    { 0x70D9, { 0x000, 0x220, 0x23C, 0xB44, 0xAA8, 0xA10, 0x228, 0x2C6, 0x27C, 0x544, 0x544, 0x87C } },
    { 0x70DB, { 0x000, 0x210, 0x210, 0xAFE, 0xB92, 0xA92, 0x292, 0x2FE, 0x210, 0x514, 0x51A, 0x8E2 } },
    { 0x70E7, { 0x000, 0x220, 0x226, 0xAF8, 0xB24, 0xA1A, 0x2E6, 0x200, 0x2FE, 0x528, 0x54A, 0x88E } },
    { 0x70EB, { 0x000, 0x4FC, 0x210, 0x8FE, 0x44A, 0x292, 0xC26, 0x000, 0x244, 0x448, 0x0A0, 0xF1E } },
    { 0x70EC, { 0x000, 0x27E, 0x242, 0xA42, 0xB7E, 0xA44, 0x244, 0x2A2, 0x29A, 0x500, 0x560, 0x81C } },
    { 0x70ED, { 0x000, 0x210, 0xF7C, 0x214, 0x214, 0x364, 0xE24, 0x252, 0x64A, 0x000, 0x524, 0x892 } },
    { 0x7130, { 0x000, 0x220, 0x23C, 0xB44, 0xA88, 0xA20, 0x2CE, 0x282, 0x2EE, 0x582, 0x482, 0x8FE } },
    { 0x7136, { 0x000, 0x414, 0x792, 0x4FC, 0xA90, 0x110, 0x528, 0x244, 0xC82, 0x000, 0x524, 0x892 } },
    { 0x7167, { 0x000, 0xF7E, 0x912, 0x922, 0xF46, 0x900, 0x97E, 0x942, 0xF7E, 0x000, 0x524, 0x892 } },
    { 0x7184, { 0x000, 0x220, 0x2FC, 0xA84, 0xBFC, 0xA84, 0x2FC, 0x284, 0x2FC, 0x550, 0x4C4, 0x97A } },
    { 0x718A, { 0x000, 0x426, 0x938, 0xFA2, 0x89E, 0xFA4, 0x8B8, 0xFA2, 0x89E, 0x000, 0x524, 0x892 } },
    { 0x7194, { 0x000, 0x210, 0x2FE, 0xAAA, 0xB44, 0xA10, 0x228, 0x2C6, 0x27C, 0x544, 0x544, 0x87C } },
    { 0x719F, { 0x000, 0x110, 0xFD0, 0x4BC, 0x794, 0x134, 0xFD4, 0x12A, 0x342, 0x000, 0x524, 0x892 } },
    { 0x71C3, { 0x000, 0x2EA, 0x2AA, 0xABE, 0xB68, 0xAA8, 0x248, 0x294, 0x522, 0x400, 0x8A4, 0x912 } },
    { 0x7206, { 0x000, 0x27C, 0x244, 0xA7C, 0xB44, 0xAFE, 0x228, 0x2FE, 0x254, 0x5BA, 0x554, 0x8B2 } },
    { 0x722A, { 0x000, 0x03C, 0x7C8, 0x448, 0x448, 0x448, 0x448, 0x448, 0x448, 0x444, 0x444, 0x842 } },
    { 0x722C, { 0x000, 0x1C0, 0xEBE, 0xAAA, 0xAAA, 0xABE, 0xAA0, 0xAA2, 0xAA2, 0xA9E, 0xA40, 0xA3E } },
    { 0x7231, { 0x000, 0x01C, 0x7E4, 0x248, 0xFFE, 0x882, 0x7FC, 0x100, 0x3F8, 0xD08, 0x0F0, 0x70E } },
    { 0x7247, { 0x000, 0x210, 0x210, 0x210, 0x3FE, 0x200, 0x200, 0x3F8, 0x208, 0x408, 0x408, 0x808 } },
    { 0x724C, { 0x000, 0x520, 0x57E, 0x552, 0x7FE, 0x452, 0x47E, 0x728, 0x548, 0x5FE, 0x508, 0x908 } },
    { 0x7259, { 0x000, 0x7FC, 0x210, 0x210, 0x410, 0x7FE, 0x030, 0x050, 0x090, 0x310, 0xC10, 0x070 } },
    { 0x725F, { 0x000, 0x100, 0x208, 0x7F4, 0x000, 0x440, 0x7FC, 0x840, 0x040, 0xFFE, 0x040, 0x040 } },
    { 0x7262, { 0x000, 0x040, 0xFFE, 0x802, 0x240, 0x3FC, 0x440, 0x040, 0xFFE, 0x040, 0x040, 0x040 } },
    { 0x7269, { 0x000, 0x240, 0xA40, 0xF7E, 0xAAA, 0x22A, 0x32A, 0xE4A, 0x252, 0x292, 0x222, 0x24C } },
    { 0x72C2, { 0x000, 0xAFE, 0x410, 0x410, 0xA10, 0x210, 0x2FE, 0x610, 0xA10, 0x210, 0x210, 0xCFE } },
    { 0x72E9, { 0x000, 0xA10, 0x4FE, 0x482, 0xA8A, 0x208, 0x2FE, 0x608, 0xA48, 0x228, 0x208, 0xC18 } },
    { 0x72F1, { 0x000, 0xA8A, 0x44A, 0x408, 0xA3E, 0x388, 0x288, 0x694, 0xA94, 0x294, 0x2D2, 0xCA2 } },
    { 0x72FC, { 0x000, 0xA20, 0x4FC, 0x484, 0xAFC, 0x284, 0x2FC, 0x692, 0xA94, 0x288, 0x2A4, 0xCC2 } },
    { 0x730E, { 0x000, 0xA48, 0x4FC, 0x448, 0xA48, 0x3FE, 0x200, 0x6FC, 0xA84, 0x2FC, 0x284, 0xCFC } },
    { 0x731B, { 0x000, 0xA7C, 0x408, 0x410, 0xAFE, 0x210, 0x230, 0x600, 0xAFE, 0x2AA, 0x2AA, 0xDFE } },
    { 0x732E, { 0x000, 0x20A, 0xFCA, 0x208, 0xFFE, 0xD48, 0xA48, 0xFC8, 0xA54, 0xFD4, 0xA54, 0xAE2 } },
    { 0x7387, { 0x000, 0x040, 0xFFE, 0x444, 0x2A8, 0x040, 0x4A4, 0x9F2, 0x040, 0xFFE, 0x040, 0x040 } },
    { 0x7389, { 0x000, 0xFFE, 0x040, 0x040, 0x040, 0x040, 0x7FC, 0x040, 0x048, 0x044, 0x040, 0xFFE } },
    { 0x738B, { 0x000, 0xFFE, 0x040, 0x040, 0x040, 0x040, 0x7FC, 0x040, 0x040, 0x040, 0x040, 0xFFE } },
    { 0x73A9, { 0x000, 0x0FC, 0xE00, 0x400, 0x400, 0x5FE, 0xE48, 0x448, 0x448, 0x68A, 0xC8A, 0x10E } },
    { 0x73AF, { 0x000, 0x0FE, 0xF08, 0x210, 0x210, 0x234, 0xF52, 0x292, 0x210, 0x310, 0xC10, 0x010 } },
    { 0x73B0, { 0x000, 0x0FC, 0xE84, 0x494, 0x494, 0x494, 0xE94, 0x494, 0x410, 0x62A, 0xC4A, 0x18E } },
    { 0x73BB, { 0x000, 0x010, 0xEFE, 0x492, 0x490, 0x4FE, 0xEC2, 0x4A2, 0x494, 0x688, 0xC94, 0x162 } },
    { 0x73C0, { 0x000, 0x008, 0xF10, 0x27E, 0x242, 0x242, 0xF42, 0x27E, 0x242, 0x342, 0xC42, 0x07E } },
    { 0x73E0, { 0x000, 0x090, 0xE90, 0x4FC, 0x510, 0x410, 0xEFE, 0x410, 0x438, 0x654, 0xD92, 0x010 } },
    { 0x7403, { 0x000, 0x014, 0xE12, 0x4FE, 0x410, 0x492, 0xE54, 0x418, 0x434, 0x652, 0xC90, 0x030 } },
    { 0x7406, { 0x000, 0x0FE, 0xE92, 0x492, 0x4FE, 0x492, 0xE92, 0x4FE, 0x410, 0x6FE, 0xC10, 0x1FE } },
    { 0x7425, { 0x000, 0x01C, 0xE10, 0x4FE, 0x492, 0x49C, 0xEF2, 0x49E, 0x480, 0x6B8, 0xCAA, 0x14E } },
    { 0x7455, { 0x000, 0x0EE, 0xEA2, 0x4A2, 0x4EE, 0x480, 0xEEE, 0x48A, 0x48A, 0x6E4, 0xC8A, 0x092 } },
    { 0x7483, { 0x000, 0x010, 0xEFE, 0x428, 0x492, 0x4AA, 0xEFE, 0x410, 0x4FE, 0x6AA, 0xCF6, 0x082 } },
    { 0x751F, { 0x000, 0x440, 0x440, 0x7FC, 0x440, 0x840, 0x040, 0x7FC, 0x040, 0x040, 0x040, 0xFFE } },
    { 0x7528, { 0x000, 0x7FC, 0x444, 0x444, 0x7FC, 0x444, 0x444, 0x7FC, 0x444, 0x444, 0x444, 0x84C } },
    { 0x7531, { 0x000, 0x040, 0x040, 0xFFE, 0x842, 0x842, 0x842, 0xFFE, 0x842, 0x842, 0x842, 0xFFE } },
    { 0x7532, { 0x000, 0xFFE, 0x842, 0x842, 0xFFE, 0x842, 0x842, 0xFFE, 0x040, 0x040, 0x040, 0x040 } },
    { 0x7535, { 0x000, 0x080, 0xFF8, 0x888, 0x888, 0xFF8, 0x888, 0x888, 0xFF8, 0x082, 0x082, 0x07E } },
    { 0x753B, { 0x000, 0xFFE, 0x000, 0x3F8, 0xA4A, 0xA4A, 0xBFA, 0xA4A, 0xA4A, 0xBFA, 0x802, 0xFFE } },
    { 0x754C, { 0x000, 0x7FC, 0x444, 0x7FC, 0x444, 0x7FC, 0x110, 0x208, 0xD16, 0x110, 0x210, 0xC10 } },
    { 0x7559, { 0x000, 0x1BE, 0xE12, 0x812, 0x8A2, 0xF46, 0x000, 0x7FC, 0x444, 0x7FC, 0x444, 0x7FC } },
    { 0x7597, { 0x000, 0x020, 0x7FE, 0x400, 0xDFC, 0x408, 0x410, 0xC20, 0x420, 0x420, 0x420, 0x8E0 } },
    { 0x75AB, { 0x000, 0x020, 0x7FE, 0x400, 0xCF8, 0x488, 0x70E, 0xC00, 0x5FC, 0x488, 0x470, 0xB8E } },
    { 0x75AF, { 0x000, 0x020, 0x7FE, 0x400, 0xDFC, 0x504, 0x58C, 0xD54, 0x524, 0x554, 0x58E, 0xA02 } },
    { 0x75B5, { 0x000, 0x020, 0x7FE, 0x448, 0xC48, 0x54A, 0x57C, 0xD48, 0x548, 0x548, 0x97A, 0xB8E } },
    { 0x75BE, { 0x000, 0x020, 0x7FE, 0x400, 0xC80, 0x4FC, 0x520, 0xC20, 0x5FE, 0x450, 0x488, 0xB06 } },
    { 0x75C5, { 0x000, 0x020, 0x7FE, 0x400, 0xDFE, 0x410, 0x5FE, 0xD12, 0x52A, 0x5C6, 0x502, 0x906 } },
    { 0x75D5, { 0x000, 0x020, 0x7FE, 0x400, 0xDFC, 0x504, 0x5FC, 0xD04, 0x5FC, 0x514, 0x548, 0x986 } },
    { 0x75DB, { 0x000, 0x020, 0x7FE, 0x400, 0xDF8, 0x450, 0x5FC, 0xD24, 0x5FC, 0x524, 0x5FC, 0x924 } },
    { 0x75F4, { 0x000, 0x020, 0x7FE, 0x500, 0xDDE, 0x692, 0x492, 0xFF2, 0x492, 0x552, 0x55E, 0xA00 } },
    { 0x761F, { 0x000, 0x020, 0x7FE, 0x400, 0xCF8, 0x488, 0x4F8, 0xC88, 0x5FC, 0x554, 0x554, 0xBFE } },
    { 0x767D, { 0x000, 0x040, 0x080, 0x7FC, 0x404, 0x404, 0x404, 0x7FC, 0x404, 0x404, 0x404, 0x7FC } },
    { 0x767E, { 0x000, 0xFFE, 0x040, 0x080, 0x7FC, 0x404, 0x404, 0x7FC, 0x404, 0x404, 0x404, 0x7FC } },
    { 0x7684, { 0x000, 0x220, 0x420, 0xFBE, 0x8C2, 0x882, 0x892, 0xF8A, 0x88A, 0x882, 0x882, 0xF8C } },
    { 0x7686, { 0x000, 0x820, 0xFA6, 0x838, 0x9A2, 0xE3E, 0x080, 0x7FC, 0x404, 0x7FC, 0x404, 0x7FC } },
    { 0x7687, { 0x000, 0x080, 0x3F8, 0x208, 0x3F8, 0x208, 0x208, 0x7FC, 0x040, 0x7FC, 0x040, 0xFFE } },
    { 0x76AE, { 0x000, 0x020, 0x7FE, 0x422, 0x420, 0x7FC, 0x504, 0x484, 0x448, 0x430, 0x4C8, 0xB06 } },
    { 0x76D4, { 0x000, 0x200, 0xFFE, 0x220, 0x524, 0x554, 0x888, 0x306, 0x7FC, 0x4A4, 0x4A4, 0xFFE } },
    { 0x76D6, { 0x000, 0x110, 0xFFE, 0x040, 0x7FC, 0x040, 0xFFE, 0x000, 0x7FC, 0x4A4, 0x4A4, 0xFFE } },
    { 0x76D8, { 0x000, 0x040, 0x3FC, 0x244, 0x224, 0xFFE, 0x244, 0x42C, 0x000, 0x7FC, 0x4A4, 0xFFE } },
    { 0x76EE, { 0x000, 0x7FC, 0x404, 0x404, 0x7FC, 0x404, 0x404, 0x404, 0x7FC, 0x404, 0x404, 0x7FC } },
    { 0x76F4, { 0x000, 0x040, 0x7FC, 0x040, 0x3F8, 0x208, 0x3F8, 0x208, 0x3F8, 0x208, 0x208, 0xFFE } },
    { 0x76F8, { 0x000, 0x27E, 0x242, 0xFC2, 0x27E, 0x242, 0x742, 0x6C2, 0xA7E, 0x242, 0x242, 0x27E } },
    { 0x76FE, { 0x000, 0x7FC, 0x420, 0x7FE, 0x420, 0x5FC, 0x504, 0x5FC, 0x504, 0x5FC, 0x504, 0x9FC } },
    { 0x7701, { 0x000, 0x248, 0x444, 0x84A, 0x050, 0x1FC, 0xE04, 0x3FC, 0x204, 0x3FC, 0x204, 0x3FC } },
    { 0x770B, { 0x000, 0x7FC, 0x040, 0x7FC, 0x080, 0xFFE, 0x204, 0x7FC, 0xA04, 0x3FC, 0x204, 0x3FC } },
    { 0x771F, { 0x000, 0x040, 0x7FC, 0x040, 0x3F8, 0x208, 0x3F8, 0x208, 0x208, 0xFFE, 0x208, 0xC06 } },
    { 0x7729, { 0x000, 0xE20, 0xA10, 0xAFE, 0xE10, 0xA20, 0xA44, 0xEF8, 0xA10, 0xA24, 0xE44, 0x0FA } },
    { 0x773C, { 0x000, 0xEFC, 0xA84, 0xAFC, 0xE84, 0xA84, 0xAFC, 0xE92, 0xA94, 0xA88, 0xEA4, 0x0C2 } },
    { 0x7740, { 0x000, 0x110, 0xFFE, 0x080, 0x7FC, 0x100, 0xFFE, 0x204, 0x604, 0xBFC, 0x204, 0x3FC } },
    { 0x775B, { 0x000, 0xE10, 0xAFC, 0xA10, 0xEFC, 0xA10, 0xBFE, 0xE84, 0xAFC, 0xA84, 0xEFC, 0x084 } },
    { 0x7761, { 0x000, 0xE0C, 0xA70, 0xA10, 0xEFE, 0xA54, 0xAFE, 0xE54, 0xA54, 0xAFE, 0xE10, 0x07C } },
    { 0x7784, { 0x000, 0xE44, 0xAFE, 0xA44, 0xE00, 0xAFE, 0xA92, 0xE92, 0xAFE, 0xA92, 0xE92, 0x0FE } },
    { 0x77AC, { 0x000, 0x0FE, 0xE52, 0xA54, 0xFFE, 0xA82, 0xAF4, 0xE9E, 0xAF4, 0xB14, 0xE3E, 0x0C4 } },
    { 0x77DB, { 0x000, 0x7FC, 0x008, 0x190, 0x060, 0xFFE, 0x0C2, 0x144, 0x248, 0xC40, 0x040, 0x1C0 } },
    { 0x77E2, { 0x000, 0x200, 0x3FC, 0x440, 0x840, 0x040, 0xFFE, 0x040, 0x0A0, 0x110, 0x208, 0xC06 } },
    { 0x77E5, { 0x000, 0x400, 0x7DE, 0x512, 0x912, 0x112, 0xFD2, 0x112, 0x292, 0x252, 0x45E, 0x800 } },
    { 0x77ED, { 0x000, 0x4FE, 0x700, 0xA7C, 0x244, 0x244, 0xF7C, 0x200, 0x244, 0x524, 0x528, 0x8FE } },
    { 0x77EE, { 0x000, 0x40E, 0x770, 0xA10, 0x2FE, 0x254, 0xF92, 0x220, 0x2FE, 0x524, 0x538, 0x8C6 } },
    { 0x77F3, { 0x000, 0xFFE, 0x080, 0x080, 0x100, 0x100, 0x3FC, 0x604, 0xA04, 0x204, 0x204, 0x3FC } },
    { 0x77FF, { 0x000, 0xF08, 0x27E, 0x240, 0x440, 0x740, 0xD40, 0x540, 0x540, 0x540, 0x740, 0x080 } },
    { 0x7827, { 0x000, 0xF10, 0x210, 0x21E, 0x410, 0x710, 0xD10, 0x57E, 0x542, 0x542, 0x742, 0x07E } },
    { 0x7834, { 0x000, 0xF08, 0x27E, 0x24A, 0x448, 0x77E, 0xD42, 0x562, 0x554, 0x548, 0x754, 0x0A2 } },
    { 0x7838, { 0x000, 0xEFE, 0x488, 0x488, 0x8BE, 0xEAA, 0xAAA, 0xAAA, 0xAAE, 0xA88, 0xE88, 0x0FE } },
    { 0x783A, { 0x000, 0xF7E, 0x240, 0x27E, 0x450, 0x750, 0xD5E, 0x552, 0x552, 0x552, 0x752, 0x0A6 } },
    { 0x7840, { 0x000, 0xE10, 0x492, 0x492, 0x892, 0xEFE, 0xA10, 0xA10, 0xA92, 0xA92, 0xE92, 0x0FE } },
    { 0x786C, { 0x000, 0xEFE, 0x410, 0x4FE, 0x892, 0xEFE, 0xA92, 0xAFE, 0xA50, 0xA20, 0xE50, 0x18E } },
    { 0x786E, { 0x000, 0xF20, 0x23C, 0x244, 0x4FE, 0x752, 0xD7E, 0x552, 0x57E, 0x552, 0x752, 0x096 } },
    { 0x788E, { 0x000, 0xF10, 0x2FE, 0x200, 0x444, 0x744, 0xDAA, 0x510, 0x5FE, 0x510, 0x710, 0x010 } },
    { 0x78B0, { 0x000, 0xF44, 0x228, 0x2FE, 0x428, 0x728, 0xD28, 0x5AA, 0x56C, 0x528, 0x728, 0x0FE } },
    { 0x78BE, { 0x000, 0xEFE, 0x482, 0x4FE, 0x894, 0xEFE, 0xA94, 0xAFE, 0xAA8, 0xAAA, 0xEA4, 0x132 } },
    { 0x78E8, { 0x000, 0x020, 0x7FE, 0x488, 0x7FE, 0x5DC, 0x6AA, 0x7FE, 0x440, 0x4FE, 0x582, 0xAFE } },
    { 0x793A, { 0x000, 0x7FC, 0x000, 0x000, 0xFFE, 0x040, 0x040, 0x248, 0x244, 0x442, 0x842, 0x1C0 } },
    { 0x793C, { 0x000, 0x420, 0x220, 0xF20, 0x120, 0x220, 0x320, 0x6A0, 0xA20, 0x222, 0x222, 0x21E } },
    { 0x7956, { 0x000, 0x47C, 0x244, 0xF44, 0x17C, 0x244, 0x344, 0x6FC, 0xA44, 0x244, 0x244, 0x2FE } },
    { 0x795D, { 0x000, 0x8FC, 0x484, 0xE84, 0x284, 0x484, 0x6FC, 0xD48, 0x448, 0x44A, 0x48A, 0x50E } },
    { 0x795E, { 0x000, 0x810, 0x410, 0xEFE, 0x292, 0x492, 0x6FE, 0xD92, 0x492, 0x4FE, 0x410, 0x410 } },
    { 0x7968, { 0x000, 0xFFE, 0x0A0, 0x7FC, 0x4A4, 0x7FC, 0x000, 0x7FC, 0x000, 0xFFE, 0x248, 0xCC6 } },
    { 0x796D, { 0x000, 0x420, 0x7BE, 0xAA2, 0x514, 0x208, 0xDF6, 0x000, 0x7FC, 0x040, 0x248, 0xCC6 } },
    { 0x7977, { 0x000, 0x810, 0x4FE, 0xE10, 0x2FE, 0x420, 0x6FE, 0xD44, 0x4FE, 0x544, 0x424, 0x40C } },
    { 0x798F, { 0x000, 0x8FE, 0x400, 0xE7C, 0x244, 0x47C, 0x600, 0xDFE, 0x492, 0x4FE, 0x492, 0x4FE } },
    { 0x79BB, { 0x000, 0x040, 0xFFE, 0x110, 0x4E4, 0x514, 0x7FC, 0x040, 0xFFE, 0x912, 0xBEA, 0x806 } },
    { 0x79BD, { 0x000, 0x0E0, 0x318, 0xC46, 0x7FC, 0x110, 0x4A4, 0x7FC, 0x080, 0xFFE, 0x912, 0xBEA } },
    { 0x79CD, { 0x000, 0x110, 0xE10, 0x2FE, 0x292, 0xF92, 0x292, 0x6FE, 0x710, 0xA10, 0x210, 0x210 } },
    { 0x79D2, { 0x000, 0x110, 0xE10, 0x254, 0x252, 0xF52, 0x290, 0x612, 0x704, 0xA08, 0x230, 0x2C0 } },
    { 0x79D8, { 0x000, 0x120, 0xE12, 0x202, 0x224, 0xF24, 0x2A8, 0x6AA, 0x732, 0xA20, 0x262, 0x29E } },
    { 0x79EF, { 0x000, 0x17C, 0xE44, 0x244, 0x244, 0xF44, 0x27C, 0x600, 0x700, 0xA28, 0x244, 0x282 } },
    { 0x79FB, { 0x000, 0x110, 0xE3E, 0x2C2, 0x224, 0xF18, 0x2E0, 0x63E, 0x6C2, 0xB24, 0x218, 0x2E0 } },
    { 0x7A00, { 0x000, 0x166, 0xE18, 0x266, 0x210, 0xF7E, 0x228, 0x67E, 0x6CA, 0xB4A, 0x24E, 0x208 } },
    { 0x7A0B, { 0x000, 0x17C, 0xE44, 0x244, 0x27C, 0xF00, 0x2FE, 0x610, 0x77C, 0xA10, 0x210, 0x2FE } },
    { 0x7A0E, { 0x000, 0x144, 0xE28, 0x27C, 0x244, 0xF44, 0x244, 0x67C, 0x728, 0xA2A, 0x24A, 0x28E } },
    { 0x7A74, { 0x000, 0x080, 0x040, 0xFFE, 0x802, 0x802, 0x110, 0x110, 0x208, 0x208, 0x404, 0x802 } },
    { 0x7A7A, { 0x000, 0x040, 0xFFE, 0x802, 0x110, 0x208, 0xC06, 0x7FC, 0x040, 0x040, 0x040, 0xFFE } },
    { 0x7A7F, { 0x000, 0x040, 0xFFE, 0x912, 0x208, 0x7FC, 0x210, 0x410, 0x7FE, 0x090, 0x310, 0xC30 } },
    { 0x7A81, { 0x000, 0x040, 0xFFE, 0x912, 0x208, 0xC56, 0x048, 0xFFE, 0x040, 0x0A0, 0x318, 0xC06 } },
    { 0x7A83, { 0x000, 0x040, 0xFFE, 0x912, 0x60C, 0x000, 0x4FE, 0x722, 0xC22, 0x542, 0x642, 0x08C } },
    { 0x7A97, { 0x000, 0x040, 0xFFE, 0x8A2, 0x73C, 0x040, 0x7FC, 0x494, 0x724, 0x4E4, 0x514, 0x7FC } },
    { 0x7ACB, { 0x000, 0x080, 0x040, 0xFFE, 0x000, 0x208, 0x208, 0x108, 0x110, 0x110, 0x020, 0xFFE } },
    { 0x7AD9, { 0x000, 0x410, 0x210, 0xF9E, 0x010, 0x910, 0x510, 0x57E, 0x242, 0x3C2, 0xC42, 0x07E } },
    { 0x7AE0, { 0x000, 0x040, 0x7FC, 0x110, 0xFFE, 0x208, 0x3F8, 0x208, 0x3F8, 0x040, 0xFFE, 0x040 } },
    { 0x7AEF, { 0x000, 0x892, 0x492, 0xEFE, 0x000, 0xAFE, 0xA10, 0xAFE, 0x4AA, 0x6AA, 0x8AA, 0x086 } },
    { 0x7B11, { 0x000, 0x420, 0x7BE, 0x948, 0x000, 0x03C, 0x7C0, 0x040, 0xFFE, 0x0A0, 0x318, 0xC06 } },
    { 0x7B14, { 0x000, 0x420, 0x7BE, 0x948, 0x07C, 0x780, 0x0FC, 0x780, 0x0FE, 0xF80, 0x082, 0x07E } },
    { 0x7B26, { 0x000, 0x420, 0x7BE, 0x948, 0x200, 0x208, 0x4FE, 0xC08, 0x488, 0x448, 0x408, 0x438 } },
    { 0x7B2C, { 0x000, 0x420, 0x7BE, 0x948, 0x7FC, 0x044, 0x7FC, 0x440, 0x7FE, 0x142, 0x242, 0xC4C } },
    { 0x7B3C, { 0x000, 0x420, 0x7BE, 0x948, 0x090, 0x088, 0xFFE, 0x0A0, 0x128, 0x130, 0x262, 0xCBE } },
    { 0x7B49, { 0x000, 0x420, 0x7BE, 0x948, 0x7FC, 0x040, 0xFFE, 0x008, 0xFFE, 0x108, 0x088, 0x038 } },
    { 0x7B51, { 0x000, 0x420, 0x7BE, 0x948, 0x000, 0xF7C, 0x224, 0x264, 0x234, 0x324, 0xC44, 0x186 } },
    { 0x7B54, { 0x000, 0x420, 0x7BE, 0x948, 0x0E0, 0x318, 0xDF6, 0x000, 0x7FC, 0x404, 0x404, 0x7FC } },
    { 0x7B80, { 0x000, 0x420, 0x7BE, 0x948, 0x5FC, 0x004, 0x5F4, 0x514, 0x5F4, 0x514, 0x5F4, 0x40C } },
    { 0x7B97, { 0x000, 0x420, 0x7BE, 0x948, 0x7FC, 0x404, 0x7FC, 0x404, 0x7FC, 0x110, 0xFFE, 0x210 } },
    { 0x7BAD, { 0x000, 0x420, 0x7BE, 0x948, 0x210, 0xFFE, 0x000, 0x7D4, 0x454, 0x7D4, 0x454, 0x4CC } },
    { 0x7BB1, { 0x000, 0x420, 0x7BE, 0x948, 0x000, 0x23E, 0xFA2, 0x23E, 0x722, 0x6BE, 0xA22, 0x23E } },
    { 0x7BF7, { 0x000, 0x420, 0x7BE, 0x944, 0x078, 0x988, 0x470, 0x18E, 0xC20, 0x5FC, 0x420, 0xBFE } },
    { 0x7C3F, { 0x000, 0x420, 0x7BE, 0x948, 0x824, 0x5FE, 0x0A4, 0x8FC, 0x4A4, 0x1FE, 0x444, 0x82C } },
    { 0x7C4D, { 0x000, 0x420, 0x7BE, 0x948, 0x224, 0xF7E, 0x224, 0xF7E, 0x242, 0x77E, 0xA42, 0x27E } },
    { 0x7C73, { 0x000, 0x444, 0x248, 0x150, 0x040, 0xFFE, 0x040, 0x0E0, 0x150, 0x248, 0xC46, 0x040 } },
    { 0x7C7B, { 0x000, 0x444, 0x248, 0xFFE, 0x0E0, 0x358, 0xC46, 0x040, 0xFFE, 0x0A0, 0x318, 0xC06 } },
    { 0x7C89, { 0x000, 0x228, 0xB28, 0x644, 0x244, 0xF82, 0x27C, 0x624, 0x724, 0xA44, 0x244, 0x298 } },
    { 0x7CBE, { 0x000, 0x210, 0xB7C, 0x610, 0x27C, 0xF10, 0x2FE, 0x644, 0x77C, 0xA44, 0x27C, 0x244 } },
    { 0x7D20, { 0x000, 0x040, 0x7FC, 0x040, 0x3F8, 0x040, 0xFFE, 0x120, 0x244, 0xFFA, 0x248, 0xCC6 } },
    { 0x7D2B, { 0x000, 0x220, 0xBBE, 0xA20, 0xBE2, 0xE3E, 0x120, 0x244, 0xFFE, 0x040, 0x444, 0x842 } },
    { 0x7EA2, { 0x000, 0x2FE, 0x210, 0x410, 0x910, 0xE10, 0x210, 0x410, 0xF10, 0x010, 0x310, 0xCFE } },
    { 0x7EA6, { 0x000, 0x440, 0x440, 0x87E, 0xA82, 0xD02, 0x422, 0x812, 0xE12, 0x002, 0x202, 0xC0C } },
    { 0x7EA7, { 0x000, 0x4FC, 0x444, 0x844, 0xA48, 0xC4E, 0x442, 0x862, 0xE54, 0x088, 0x294, 0xD62 } },
    { 0x7EAA, { 0x000, 0x4FC, 0x404, 0x804, 0xA04, 0xC04, 0x4FC, 0x880, 0xE80, 0x082, 0x282, 0xC7E } },
    { 0x7EB1, { 0x000, 0x410, 0x410, 0x894, 0xA92, 0xC92, 0x510, 0x812, 0xE04, 0x008, 0x230, 0xCC0 } },
    { 0x7EB9, { 0x000, 0x220, 0x210, 0x4FE, 0x944, 0xE44, 0x244, 0x428, 0xF28, 0x010, 0x328, 0xCC6 } },
    { 0x7EBF, { 0x000, 0x214, 0x212, 0x41E, 0x970, 0xE10, 0x21E, 0x470, 0xF12, 0x00C, 0x31A, 0xCE6 } },
    { 0x7EC3, { 0x000, 0x420, 0x5FE, 0x840, 0x9F0, 0xE90, 0x4FE, 0x810, 0xE54, 0x052, 0x292, 0xC30 } },
    { 0x7EC4, { 0x000, 0x4FC, 0x484, 0x884, 0xAFC, 0xC84, 0x484, 0x8FC, 0xE84, 0x084, 0x284, 0xDFE } },
    { 0x7EC7, { 0x000, 0x27C, 0x244, 0x444, 0x944, 0xE44, 0x27C, 0x400, 0xF00, 0x028, 0x344, 0xC82 } },
    { 0x7EC8, { 0x000, 0x440, 0x47C, 0x884, 0xB48, 0xC30, 0x448, 0x986, 0xE60, 0x018, 0x2C0, 0xC3C } },
    { 0x7ECF, { 0x000, 0x4FC, 0x404, 0x808, 0xA10, 0xC68, 0x586, 0x87C, 0xE10, 0x010, 0x210, 0xCFE } },
    { 0x7ED1, { 0x000, 0x44E, 0x5EA, 0x84A, 0xA4A, 0xDEC, 0x44A, 0x84A, 0xDEA, 0x04E, 0x248, 0xC88 } },
    { 0x7ED3, { 0x000, 0x210, 0x210, 0x4FE, 0x910, 0xE10, 0x27C, 0x400, 0xF7C, 0x044, 0x344, 0xC7C } },
    { 0x7ED5, { 0x000, 0x420, 0x426, 0x8F8, 0xA24, 0xC1A, 0x4E6, 0x800, 0xEFE, 0x028, 0x24A, 0xD8E } },
    { 0x7ED9, { 0x000, 0x410, 0x428, 0x844, 0xA82, 0xC7C, 0x400, 0x8FE, 0xE82, 0x082, 0x282, 0xCFE } },
    { 0x7EDD, { 0x000, 0x440, 0x478, 0x888, 0x9FE, 0xE92, 0x492, 0x8FE, 0xE80, 0x082, 0x282, 0xC7E } },
    { 0x7EDF, { 0x000, 0x420, 0x5FE, 0x840, 0xA44, 0xC84, 0x5FA, 0x848, 0xE48, 0x048, 0x28A, 0xD0E } },
    { 0x7EE7, { 0x000, 0x488, 0x4AA, 0x89C, 0xA88, 0xCBE, 0x488, 0x89C, 0xEAA, 0x088, 0x280, 0xCFE } },
    { 0x7EED, { 0x000, 0x410, 0x47C, 0x810, 0xAFE, 0xC42, 0x4A8, 0x848, 0xEFE, 0x010, 0x224, 0xCC2 } },
    { 0x7EF4, { 0x000, 0x450, 0x448, 0x8FE, 0xA88, 0xDFE, 0x488, 0x888, 0xEFE, 0x088, 0x288, 0xCFE } },
    { 0x7EFD, { 0x000, 0x410, 0x4FE, 0x882, 0xA00, 0xCFE, 0x410, 0x850, 0xE5E, 0x050, 0x2B0, 0xC8E } },
    { 0x7EFF, { 0x000, 0x4FC, 0x404, 0x8FC, 0xA04, 0xDFE, 0x410, 0x892, 0xE54, 0x038, 0x254, 0xDB2 } },
    { 0x7F00, { 0x000, 0x4EE, 0x422, 0x8AA, 0xA44, 0xCAA, 0x400, 0x8EE, 0xE2A, 0x0AA, 0x244, 0xCAA } },
    { 0x7F16, { 0x000, 0x410, 0x4FE, 0x882, 0xAFE, 0xC80, 0x4FE, 0x8AA, 0xEAA, 0x0FE, 0x2AA, 0xD2A } },
    { 0x7F1A, { 0x000, 0x414, 0x4FE, 0x810, 0xAFE, 0xC92, 0x4FE, 0x892, 0xE04, 0x0FE, 0x244, 0xC2C } },
    { 0x7F20, { 0x000, 0x410, 0x4FE, 0x8AA, 0xAAA, 0xCBE, 0x4AA, 0x8BE, 0xE88, 0x0BE, 0x288, 0xD7E } },
    { 0x7F29, { 0x000, 0x420, 0x5FE, 0x902, 0xA5C, 0xC48, 0x490, 0x9BE, 0xEA2, 0x0BE, 0x2A2, 0xCBE } },
    { 0x7F51, { 0x000, 0xFFE, 0x802, 0x88A, 0xAAA, 0x912, 0x912, 0xAAA, 0xAAA, 0xC42, 0x802, 0x80E } },
    { 0x7F57, { 0x000, 0xFFE, 0x912, 0x912, 0xFFE, 0x080, 0x0FC, 0x304, 0xC88, 0x050, 0x060, 0x780 } },
    { 0x7F6E, { 0x000, 0xFFE, 0x912, 0xFFE, 0x040, 0xFFE, 0x040, 0x3F8, 0x208, 0x3F8, 0x208, 0xFFE } },
    { 0x7F8E, { 0x000, 0x110, 0xFFE, 0x040, 0x7FC, 0x040, 0xFFE, 0x040, 0xFFE, 0x0A0, 0x318, 0xC06 } },
    { 0x7FA4, { 0x000, 0x7A2, 0x294, 0xFBE, 0x288, 0x788, 0x23E, 0x408, 0x788, 0xCBE, 0x488, 0x788 } },
    { 0x7FBD, { 0x000, 0xFBE, 0x082, 0x8A2, 0x492, 0x28A, 0x082, 0x186, 0x28A, 0xCB2, 0x082, 0x30C } },
    { 0x7FD4, { 0x000, 0x9EE, 0xA22, 0xF32, 0x4AA, 0xE66, 0x422, 0x466, 0xEAA, 0x532, 0x822, 0x866 } },
    { 0x7FF1, { 0x000, 0x476, 0xF92, 0x8DA, 0xFB6, 0x892, 0xF92, 0x236, 0xFDA, 0x512, 0xA92, 0x236 } },
    { 0x7FFB, { 0x000, 0x1B6, 0xE12, 0xADA, 0xFB6, 0x712, 0xA92, 0xFB6, 0xADA, 0xF92, 0xA92, 0xFB6 } },
    { 0x7FFC, { 0x000, 0xFBE, 0x492, 0x28A, 0xCB2, 0x3F8, 0x248, 0x7FC, 0x248, 0xFFE, 0x208, 0xC06 } },
    { 0x8000, { 0x000, 0x276, 0xA5A, 0xAB6, 0x75A, 0x212, 0xF94, 0x53E, 0x564, 0x53E, 0x5A4, 0x93E } },
    { 0x8001, { 0x000, 0x084, 0x7E8, 0x090, 0x0A0, 0xFFE, 0x080, 0x304, 0xD18, 0x1E0, 0x102, 0x0FE } },
    { 0x8005, { 0x000, 0x082, 0x7F4, 0x088, 0x090, 0xFFE, 0x100, 0x3FC, 0x604, 0xBFC, 0x204, 0x3FC } },
    { 0x800C, { 0x000, 0xFFE, 0x040, 0x080, 0xFFE, 0x912, 0x912, 0x912, 0x912, 0x912, 0x912, 0x806 } },
    { 0x8010, { 0x000, 0xFE4, 0x104, 0x21E, 0xFE4, 0xAA4, 0xAB4, 0xAAC, 0xAA4, 0xAA4, 0xAA4, 0x86C } },
    { 0x8017, { 0x000, 0x20E, 0x270, 0xF90, 0x21E, 0xF70, 0x210, 0xF9E, 0x270, 0x710, 0xA92, 0x20E } },
    { 0x804C, { 0x000, 0xFBE, 0x522, 0x722, 0x522, 0x522, 0x73E, 0x500, 0x500, 0x7A4, 0xD22, 0x142 } },
    { 0x805A, { 0x000, 0xFFE, 0x482, 0x7A2, 0x4A4, 0x798, 0xCA4, 0x0C2, 0x248, 0x248, 0x554, 0x842 } },
    { 0x8089, { 0x000, 0x040, 0x040, 0xFFE, 0x842, 0x8A2, 0xB1A, 0x842, 0x8A2, 0xB1A, 0x802, 0x80E } },
    { 0x808B, { 0x000, 0xE20, 0xA20, 0xAFE, 0xE22, 0xA22, 0xA22, 0xE22, 0xA22, 0xA42, 0xA42, 0xA8C } },
    { 0x80A4, { 0x000, 0xE10, 0xA10, 0xA7C, 0xE10, 0xA10, 0xAFE, 0xE10, 0xA28, 0xA28, 0xA44, 0xA82 } },
    { 0x80A9, { 0x000, 0x020, 0x7FE, 0x402, 0x7FE, 0x400, 0x5FE, 0x502, 0x5FE, 0x502, 0x5FE, 0x902 } },
    { 0x80B2, { 0x000, 0x040, 0xFFE, 0x100, 0x208, 0x7F4, 0x208, 0x3F8, 0x208, 0x3F8, 0x208, 0x218 } },
    { 0x80CC, { 0x000, 0x120, 0xF26, 0x138, 0x322, 0xD1E, 0x3F8, 0x208, 0x3F8, 0x208, 0x3F8, 0x208 } },
    { 0x80E1, { 0x000, 0x23E, 0x222, 0xFA2, 0x23E, 0x222, 0x222, 0xFBE, 0x8A2, 0x8A2, 0x8A2, 0xFC6 } },
    { 0x80EB, { 0x000, 0xEFC, 0xA04, 0xA08, 0xE10, 0xA68, 0xB86, 0xE7C, 0xA10, 0xA10, 0xA10, 0xAFE } },
    { 0x80F8, { 0x000, 0xE40, 0xA7E, 0xA82, 0xF0A, 0xADA, 0xAAA, 0xEDA, 0xA8A, 0xAFA, 0xA02, 0xA0C } },
    { 0x80FD, { 0x000, 0x426, 0x938, 0xEA0, 0x022, 0xF9E, 0x880, 0xFA6, 0x8B8, 0xFA0, 0x8A2, 0x99E } },
    { 0x8106, { 0x000, 0xE40, 0xA78, 0xA88, 0xEFE, 0xB80, 0xABC, 0xEA4, 0xAAC, 0xAA0, 0xAA2, 0xB1E } },
    { 0x8109, { 0x000, 0xE30, 0xA08, 0xAF0, 0xE12, 0xBDA, 0xA5A, 0xE54, 0xA94, 0xA92, 0xB12, 0xA30 } },
    { 0x810A, { 0x000, 0x444, 0x248, 0x4A4, 0x912, 0x208, 0x7FC, 0xA0A, 0x3F8, 0x208, 0x3F8, 0x208 } },
    { 0x810F, { 0x000, 0xE10, 0xAFE, 0xA80, 0xE88, 0xA88, 0xABE, 0xE88, 0xA88, 0xA88, 0xA88, 0xB7E } },
    { 0x811A, { 0x000, 0xE4E, 0xA4A, 0xBFA, 0xE4A, 0xA4A, 0xBFA, 0xE4A, 0xA8A, 0xAAE, 0xB28, 0xBD8 } },
    { 0x8138, { 0x000, 0xE10, 0xA28, 0xA44, 0xF82, 0xA7C, 0xA00, 0xEA2, 0xA54, 0xA54, 0xA08, 0xAFE } },
    { 0x8150, { 0x000, 0x020, 0x7FE, 0x444, 0x4BE, 0x794, 0x48C, 0x5FE, 0x512, 0x56E, 0x512, 0x96E } },
    { 0x8165, { 0x000, 0xEFE, 0xA82, 0xAFE, 0xE82, 0xAFE, 0xA90, 0xEFE, 0xB10, 0xAFE, 0xA10, 0xBFE } },
    { 0x817E, { 0x000, 0xE54, 0xAFE, 0xA20, 0xEFE, 0xA44, 0xAFA, 0xE48, 0xA7E, 0xA02, 0xAFA, 0xA06 } },
    { 0x817F, { 0x000, 0xF3E, 0xAA2, 0xA3E, 0xE22, 0xBBE, 0xAA8, 0xEAA, 0xAA4, 0xAB2, 0xB40, 0xA3E } },
    { 0x81E3, { 0x000, 0xFFE, 0x840, 0x840, 0xFFC, 0x804, 0x804, 0x804, 0xFFC, 0x840, 0x840, 0xFFE } },
    { 0x81EA, { 0x000, 0x040, 0x080, 0x7FC, 0x404, 0x7FC, 0x404, 0x404, 0x7FC, 0x404, 0x404, 0x7FC } },
    { 0x81F3, { 0x000, 0xFFE, 0x080, 0x110, 0x208, 0x7F4, 0x044, 0x040, 0x7FC, 0x040, 0x040, 0xFFE } },
    { 0x81F4, { 0x000, 0xFA0, 0x220, 0x43E, 0x944, 0xEA4, 0x224, 0x224, 0xF94, 0x208, 0x394, 0xC62 } },
    { 0x821F, { 0x000, 0x080, 0x3F8, 0x208, 0x288, 0x248, 0xFFE, 0x208, 0x288, 0x448, 0x408, 0x838 } },
    { 0x822A, { 0x000, 0x220, 0x710, 0x5FE, 0x700, 0x578, 0xF48, 0x548, 0x748, 0x54A, 0x54A, 0xB8E } },
    { 0x822C, { 0x000, 0x21C, 0x794, 0x494, 0x694, 0x5E6, 0xF80, 0x4BE, 0x6A2, 0x594, 0x488, 0x9B6 } },
    { 0x8239, { 0x000, 0x23C, 0x7A4, 0x4A4, 0x6A4, 0x5C6, 0xF80, 0x4BE, 0x6A2, 0x5A2, 0x4A2, 0x9BE } },
    { 0x826F, { 0x000, 0x040, 0x7FC, 0x404, 0x7FC, 0x404, 0x7FC, 0x440, 0x422, 0x414, 0x588, 0x606 } },
    { 0x8272, { 0x000, 0x200, 0x3F0, 0x410, 0xFFC, 0x444, 0x444, 0x7FC, 0x400, 0x402, 0x402, 0x3FE } },
    { 0x827A, { 0x000, 0x110, 0xFFE, 0x110, 0x000, 0x7F8, 0x010, 0x060, 0x180, 0x200, 0x402, 0x3FE } },
    { 0x8282, { 0x000, 0x110, 0xFFE, 0x110, 0x000, 0x7FC, 0x084, 0x084, 0x084, 0x098, 0x080, 0x080 } },
    { 0x82B1, { 0x000, 0x110, 0xFFE, 0x110, 0x000, 0x120, 0x222, 0x62C, 0xAF0, 0x220, 0x222, 0x21E } },
    { 0x82CD, { 0x000, 0x110, 0xFFE, 0x110, 0x040, 0x1B0, 0xE0E, 0x3F8, 0x208, 0x238, 0x202, 0x1FE } },
    { 0x82CF, { 0x000, 0x110, 0xFFE, 0x110, 0x080, 0x7F8, 0x088, 0x48C, 0x90A, 0x108, 0x208, 0xC30 } },
    { 0x82E5, { 0x000, 0x110, 0xFFE, 0x110, 0x080, 0xFFE, 0x100, 0x200, 0x7FC, 0xA04, 0x204, 0x3FC } },
    { 0x82E6, { 0x000, 0x110, 0xFFE, 0x110, 0x040, 0xFFE, 0x040, 0x040, 0x7FC, 0x404, 0x404, 0x7FC } },
    { 0x82F1, { 0x000, 0x110, 0xFFE, 0x110, 0x040, 0x7FC, 0x444, 0x444, 0xFFE, 0x0A0, 0x318, 0xC06 } },
    { 0x8303, { 0x000, 0x110, 0xFFE, 0x110, 0x400, 0x2FC, 0x884, 0x484, 0x09C, 0x280, 0x482, 0x87E } },
    { 0x8346, { 0x000, 0x242, 0xFEA, 0x24A, 0x00A, 0xFEA, 0x24A, 0x24A, 0xFEA, 0x242, 0x442, 0x84E } },
    { 0x8361, { 0x000, 0x110, 0xFFE, 0x110, 0x4FC, 0x208, 0x810, 0x4FE, 0x02A, 0x24A, 0x492, 0x826 } },
    { 0x836F, { 0x000, 0x110, 0xFFE, 0x250, 0x440, 0xF7E, 0x242, 0x402, 0xFA2, 0x012, 0x182, 0xE0C } },
    { 0x8389, { 0x000, 0x110, 0xFFE, 0x110, 0x0C2, 0x712, 0x112, 0xFD2, 0x312, 0x592, 0x942, 0x106 } },
    { 0x83AB, { 0x000, 0x110, 0xFFE, 0x110, 0x7FC, 0x404, 0x7FC, 0x404, 0xFFE, 0x0A0, 0x318, 0xC06 } },
    { 0x83B7, { 0x000, 0x110, 0xFFE, 0x110, 0xA00, 0x414, 0xA12, 0x2FE, 0x610, 0xA28, 0x244, 0xC82 } },
    { 0x83BD, { 0x000, 0x110, 0xFFE, 0x110, 0x048, 0xFFE, 0x110, 0xE0E, 0x110, 0xFFE, 0x110, 0x610 } },
    { 0x83DC, { 0x000, 0x110, 0xFFE, 0x110, 0x01C, 0x7E0, 0x484, 0x248, 0xFFE, 0x150, 0x248, 0xC46 } },
    { 0x840E, { 0x000, 0x110, 0xFFE, 0x150, 0xFFE, 0x248, 0xC46, 0x080, 0xFFE, 0x108, 0x1F0, 0xE0E } },
    { 0x8428, { 0x000, 0x110, 0xFFE, 0x110, 0xE08, 0xAFE, 0xA44, 0xC28, 0xAFE, 0xA80, 0xE80, 0x900 } },
    { 0x843D, { 0x000, 0x110, 0xFFE, 0x110, 0x420, 0x27C, 0x8C4, 0x438, 0x0C6, 0x27C, 0x444, 0x87C } },
    { 0x846C, { 0x000, 0x110, 0xFFE, 0x110, 0xFFE, 0x4A4, 0xAB8, 0x122, 0xE1E, 0x110, 0xFFE, 0x210 } },
    { 0x84DD, { 0x000, 0x110, 0xFFE, 0x110, 0x020, 0x93E, 0x948, 0x904, 0x7FC, 0x4A4, 0x4A4, 0xFFE } },
    { 0x85CF, { 0x000, 0x110, 0xFFE, 0x110, 0x00A, 0xBFE, 0xAA8, 0xEFA, 0x29A, 0xEF4, 0xAA4, 0xAFA } },
    { 0x8654, { 0x000, 0x07C, 0x040, 0x7FE, 0x44A, 0x5F0, 0x47E, 0x420, 0x7FE, 0x488, 0x470, 0xB8E } },
    { 0x865A, { 0x000, 0x07C, 0x040, 0x7FE, 0x442, 0x478, 0x5C2, 0x47E, 0x450, 0x554, 0x4D8, 0xBFE } },
    { 0x866B, { 0x000, 0x040, 0x040, 0x7FC, 0x444, 0x444, 0x444, 0x7FC, 0x040, 0x044, 0x07A, 0xF82 } },
    { 0x8680, { 0x000, 0x410, 0x610, 0xAFE, 0x092, 0x492, 0x492, 0x4FE, 0x410, 0x514, 0x61A, 0x4E2 } },
    { 0x86A3, { 0x000, 0x214, 0x214, 0xFA2, 0xAA2, 0xAC0, 0xA90, 0xF90, 0x214, 0x2A4, 0x3AA, 0xCF2 } },
    { 0x86C7, { 0x000, 0x210, 0x27E, 0xFC2, 0xAA0, 0xAA4, 0xAA8, 0xFB0, 0x220, 0x2A2, 0x3A2, 0xC9E } },
    { 0x86DB, { 0x000, 0x250, 0x250, 0xFFC, 0xA90, 0xA90, 0xAFE, 0xF90, 0x238, 0x2D4, 0x392, 0xC90 } },
    { 0x86EE, { 0x000, 0x040, 0xFFE, 0x090, 0x494, 0x912, 0x3F8, 0x248, 0x248, 0x3FA, 0x042, 0xFFE } },
    { 0x8708, { 0x000, 0x23E, 0x222, 0xFA2, 0xABE, 0xA80, 0xABE, 0xF88, 0x27E, 0x288, 0x394, 0xCE2 } },
    { 0x8718, { 0x000, 0x240, 0x24E, 0xFFA, 0xAAA, 0xAAA, 0xAFA, 0xFAA, 0x22A, 0x25A, 0x34E, 0xC80 } },
    { 0x8721, { 0x000, 0x214, 0x23E, 0xF94, 0xA94, 0xAFE, 0xA80, 0xFBE, 0x222, 0x2BE, 0x3A2, 0xCBE } },
    { 0x8759, { 0x000, 0x210, 0x2FE, 0xF82, 0xAFE, 0xA80, 0xAFE, 0xFAA, 0x2AA, 0x2FE, 0x3AA, 0xCAA } },
    { 0x8760, { 0x000, 0x23E, 0x200, 0xFBE, 0xAA2, 0xABE, 0xA80, 0xFBE, 0x22A, 0x2BE, 0x3AA, 0xCBE } },
    { 0x8770, { 0x000, 0x208, 0x27E, 0xF94, 0xAAA, 0xADC, 0xA88, 0xFFE, 0x208, 0x2BE, 0x388, 0xCFE } },
    { 0x878D, { 0x000, 0xFC8, 0x008, 0x7BE, 0x4AA, 0x7AA, 0x02A, 0xFFE, 0xAA8, 0xFEA, 0x92E, 0x972 } },
    { 0x87AB, { 0x000, 0x110, 0x7DE, 0x124, 0xFD4, 0x288, 0xAB6, 0x7FC, 0x444, 0x7FC, 0x044, 0xFFA } },
    { 0x8822, { 0x000, 0x080, 0x7FC, 0x110, 0xFFE, 0x514, 0x9F2, 0xFBE, 0xAAA, 0xFBE, 0x24A, 0xFBC } },
    { 0x8840, { 0x000, 0x040, 0x080, 0x7FC, 0x4A4, 0x4A4, 0x4A4, 0x4A4, 0x4A4, 0x4A4, 0x4A4, 0xFFE } },
    { 0x884C, { 0x000, 0x27C, 0x400, 0x800, 0x2FE, 0x408, 0xC08, 0x408, 0x408, 0x408, 0x408, 0x438 } },
    { 0x8861, { 0x000, 0x2EE, 0x520, 0x9F0, 0x35E, 0x5F4, 0xD54, 0x5F4, 0x444, 0x5F4, 0x4A4, 0x51C } },
    { 0x8863, { 0x000, 0x080, 0x040, 0xFFE, 0x0A0, 0x124, 0x228, 0x610, 0xA10, 0x248, 0x284, 0x302 } },
    { 0x888B, { 0x000, 0x124, 0x23E, 0xEE0, 0x212, 0x20E, 0x040, 0xFFE, 0x120, 0xE14, 0x2C8, 0x306 } },
    { 0x888D, { 0x000, 0x880, 0x4FC, 0xF04, 0x2F4, 0x494, 0x594, 0xEF4, 0x58C, 0x480, 0x482, 0x47E } },
    { 0x88AB, { 0x000, 0x810, 0x4FE, 0xE92, 0x290, 0x4FE, 0x5C2, 0xEA2, 0x594, 0x488, 0x494, 0x562 } },
    { 0x88C2, { 0x000, 0xFC2, 0x212, 0x7D2, 0xC52, 0x286, 0x140, 0xFFE, 0x120, 0xE14, 0x2C8, 0x306 } },
    { 0x88C5, { 0x000, 0x910, 0x5FE, 0x110, 0x310, 0xD7C, 0x040, 0xFFE, 0x120, 0xE14, 0x2C8, 0x306 } },
    { 0x88E4, { 0x000, 0x808, 0x4FE, 0xE90, 0x2FE, 0x4A0, 0x5A8, 0xEBE, 0x588, 0x4FE, 0x488, 0x508 } },
    { 0x88F9, { 0x000, 0x040, 0xFFE, 0x444, 0x7FC, 0x444, 0xFFE, 0x248, 0xCA6, 0x114, 0xEC8, 0x306 } },
    { 0x8910, { 0x000, 0x87C, 0x444, 0xE7C, 0x244, 0x47C, 0x520, 0xE7E, 0x58A, 0x456, 0x47A, 0x406 } },
    { 0x897F, { 0x000, 0xFFE, 0x110, 0x110, 0xFFE, 0x912, 0x912, 0x912, 0xA1E, 0xC02, 0x802, 0xFFE } },
    { 0x8981, { 0x000, 0xFFE, 0x0A0, 0x7FC, 0x4A4, 0x7FC, 0x080, 0xFFE, 0x108, 0x310, 0x0E0, 0xF1E } },
    { 0x8986, { 0x000, 0xFFE, 0x4A4, 0x7FC, 0x240, 0x47E, 0x984, 0x284, 0x4FC, 0xD44, 0x438, 0x5C6 } },
    { 0x89C1, { 0x000, 0x7FC, 0x404, 0x404, 0x444, 0x444, 0x444, 0x444, 0x0A0, 0x0A2, 0x122, 0xE3E } },
    { 0x89C2, { 0x000, 0x07C, 0xF44, 0x154, 0x954, 0x554, 0x554, 0x254, 0x210, 0x52A, 0x54A, 0x88E } },
    { 0x89C9, { 0x000, 0x484, 0x248, 0xFFE, 0x802, 0xBFA, 0x208, 0x248, 0x248, 0x0A0, 0x122, 0xE3E } },
    { 0x89D2, { 0x000, 0x200, 0x3F0, 0x410, 0xFFC, 0x444, 0x7FC, 0x444, 0x7FC, 0x444, 0x444, 0x84C } },
    { 0x89E3, { 0x000, 0x23E, 0x392, 0x492, 0xFE6, 0x540, 0x7D4, 0x55E, 0x7E4, 0x55E, 0x544, 0x944 } },
    { 0x89E6, { 0x000, 0x408, 0x708, 0x93E, 0xFAA, 0xAAA, 0xFAA, 0xABE, 0xF88, 0xA8A, 0xA8E, 0xAB2 } },
    { 0x8A00, { 0x000, 0x080, 0x040, 0xFFE, 0x000, 0x7FC, 0x000, 0x7FC, 0x000, 0x7FC, 0x404, 0x7FC } },
    { 0x8A93, { 0x000, 0x20C, 0xF70, 0x240, 0x37E, 0xE48, 0x288, 0xFFE, 0x000, 0x7FC, 0x404, 0x7FC } },
    { 0x8B66, { 0x000, 0x520, 0xFFE, 0x554, 0x758, 0x0A4, 0xFFE, 0x000, 0x7FC, 0x208, 0x208, 0x3F8 } },
    { 0x8BA1, { 0x000, 0x410, 0x210, 0x010, 0x010, 0xCFE, 0x410, 0x410, 0x410, 0x510, 0x610, 0x410 } },
    { 0x8BA4, { 0x000, 0x410, 0x210, 0x010, 0x010, 0xE10, 0x210, 0x228, 0x228, 0x244, 0x344, 0x282 } },
    { 0x8BA9, { 0x000, 0x410, 0x210, 0x010, 0x010, 0xE1E, 0x210, 0x210, 0x210, 0x290, 0x310, 0x2FE } },
    { 0x8BAE, { 0x000, 0x820, 0x492, 0x092, 0x082, 0xC44, 0x444, 0x444, 0x428, 0x510, 0x628, 0x4C6 } },
    { 0x8BB0, { 0x000, 0x8FC, 0x404, 0x004, 0x004, 0xC04, 0x4FC, 0x480, 0x480, 0x582, 0x682, 0x47E } },
    { 0x8BB8, { 0x000, 0x880, 0x4FC, 0x110, 0x010, 0xC10, 0x5FE, 0x410, 0x410, 0x410, 0x610, 0x410 } },
    { 0x8BBA, { 0x000, 0x810, 0x428, 0x044, 0x182, 0xC40, 0x444, 0x448, 0x470, 0x442, 0x642, 0x43E } },
    { 0x8BBF, { 0x000, 0x820, 0x410, 0x1FE, 0x040, 0xC40, 0x47C, 0x444, 0x444, 0x484, 0x684, 0x518 } },
    { 0x8BC5, { 0x000, 0x4FC, 0x284, 0x084, 0x0FC, 0xC84, 0x484, 0x4FC, 0x484, 0x484, 0x684, 0x5FE } },
    { 0x8BC9, { 0x000, 0x80C, 0x4F0, 0x080, 0x080, 0xCFE, 0x488, 0x498, 0x48C, 0x58A, 0x688, 0x508 } },
    { 0x8BCD, { 0x000, 0x8FE, 0x402, 0x0FA, 0x002, 0xCFA, 0x48A, 0x48A, 0x48A, 0x4FA, 0x602, 0x40E } },
    { 0x8BCF, { 0x000, 0x8FE, 0x412, 0x012, 0x022, 0xCC6, 0x400, 0x47E, 0x442, 0x542, 0x642, 0x47E } },
    { 0x8BDD, { 0x000, 0x80C, 0x4F0, 0x010, 0x010, 0xCFE, 0x410, 0x410, 0x47C, 0x544, 0x644, 0x47C } },
    { 0x8BE1, { 0x000, 0x440, 0x278, 0x088, 0x1FE, 0xC80, 0x4BC, 0x4A4, 0x4AC, 0x4A0, 0x6A2, 0x51E } },
    { 0x8BE5, { 0x000, 0x410, 0x2FE, 0x020, 0x044, 0xCF8, 0x410, 0x422, 0x4C4, 0x408, 0x634, 0x4C2 } },
    { 0x8BED, { 0x000, 0x8FE, 0x420, 0x0FC, 0x044, 0xC44, 0x5FE, 0x400, 0x4FE, 0x482, 0x682, 0x4FE } },
    { 0x8BF4, { 0x000, 0x884, 0x448, 0x0FC, 0x084, 0xC84, 0x484, 0x4FC, 0x448, 0x54A, 0x68A, 0x50E } },
    { 0x8BF7, { 0x000, 0x810, 0x4FC, 0x010, 0x0FC, 0xC10, 0x5FE, 0x484, 0x4FC, 0x584, 0x6FC, 0x484 } },
    { 0x8BF8, { 0x000, 0x820, 0x4FA, 0x024, 0x028, 0xDFE, 0x420, 0x47C, 0x5C4, 0x47C, 0x644, 0x47C } },
    { 0x8BFB, { 0x000, 0x810, 0x4FC, 0x010, 0x1FE, 0xC42, 0x528, 0x488, 0x5FE, 0x410, 0x664, 0x582 } },
    { 0x8C03, { 0x000, 0x8FE, 0x492, 0x0BA, 0x092, 0xCBA, 0x482, 0x4BA, 0x4AA, 0x5BA, 0x682, 0x506 } },
    { 0x8C08, { 0x000, 0x410, 0x252, 0x094, 0x010, 0xC28, 0x4C6, 0x410, 0x452, 0x494, 0x628, 0x4C6 } },
    { 0x8C15, { 0x000, 0x430, 0x248, 0x084, 0x17A, 0xC00, 0x4EA, 0x4AA, 0x4EA, 0x4AA, 0x6E2, 0x4A6 } },
    { 0x8C22, { 0x000, 0x844, 0x4E4, 0x0BE, 0x0E4, 0xCA4, 0x4F4, 0x4AC, 0x5E4, 0x464, 0x6A4, 0x56C } },
    { 0x8C23, { 0x000, 0x406, 0x2F8, 0x092, 0xC54, 0x480, 0x4FE, 0x410, 0x4FE, 0x410, 0x692, 0x4FE } },
    { 0x8C79, { 0x000, 0x140, 0xE40, 0x57E, 0x282, 0xD02, 0x322, 0x512, 0xB12, 0x502, 0x902, 0x60C } },
    { 0x8D22, { 0x000, 0xF84, 0x884, 0xAFE, 0xA84, 0xA8C, 0xA8C, 0xA94, 0xAA4, 0x244, 0x504, 0x89C } },
    { 0x8D25, { 0x000, 0xFA0, 0x8A0, 0xABE, 0xAC4, 0xAA4, 0xAA4, 0xAA8, 0xAA8, 0x210, 0x528, 0x8C6 } },
    { 0x8D26, { 0x000, 0xFA4, 0x8A4, 0xAA8, 0xAB0, 0xAA0, 0xAFE, 0xAA8, 0xAA8, 0x224, 0x524, 0x8B2 } },
    { 0x8D27, { 0x000, 0x122, 0x22C, 0xEF0, 0x222, 0x21E, 0x7FC, 0x404, 0x444, 0x444, 0x1B0, 0xE0E } },
    { 0x8D2A, { 0x000, 0x0E0, 0x318, 0xC46, 0x3F8, 0x010, 0x7FC, 0x404, 0x444, 0x444, 0x1B0, 0xE0E } },
    { 0x8D2D, { 0x000, 0xFA0, 0x8BE, 0xAC2, 0xA92, 0xA92, 0xA92, 0xAAA, 0xAAA, 0x276, 0x502, 0x88C } },
    { 0x8D2F, { 0x000, 0x3F8, 0x248, 0xFFE, 0x248, 0x3F8, 0x000, 0x7FC, 0x444, 0x444, 0x1B0, 0xE0E } },
    { 0x8D39, { 0x000, 0x120, 0xFFC, 0x124, 0xFFE, 0x922, 0xFFE, 0x404, 0x444, 0x444, 0x1B0, 0xE0E } },
    { 0x8D3C, { 0x000, 0xF8A, 0x88A, 0xAFE, 0xA88, 0xAAA, 0xAAA, 0xAFA, 0xAA4, 0x224, 0x54A, 0x892 } },
    { 0x8D44, { 0x000, 0x440, 0x27E, 0x092, 0x228, 0xCC6, 0x000, 0x7FC, 0x444, 0x444, 0x1B0, 0xE0E } },
    { 0x8D4C, { 0x000, 0xF90, 0x8FA, 0xA94, 0xA98, 0xAFE, 0xA90, 0xABE, 0xAA2, 0x27E, 0x522, 0x8BE } },
    { 0x8D4F, { 0x000, 0x248, 0xFFE, 0x802, 0xBFA, 0x208, 0x7FC, 0x404, 0x444, 0x444, 0x1B0, 0xE0E } },
    { 0x8D64, { 0x000, 0x040, 0x7FC, 0x040, 0x040, 0xFFE, 0x110, 0x514, 0x512, 0x912, 0x210, 0x430 } },
    { 0x8D70, { 0x000, 0x040, 0x7FC, 0x040, 0x040, 0xFFE, 0x040, 0x240, 0x27C, 0x240, 0x5C0, 0x83E } },
    { 0x8D77, { 0x000, 0x13C, 0x784, 0x104, 0x104, 0xFBC, 0x120, 0x522, 0x5A2, 0x51E, 0xB00, 0x8FE } },
    { 0x8D81, { 0x000, 0x218, 0x724, 0x2CA, 0x210, 0xF64, 0x218, 0xA62, 0xB0C, 0xA70, 0xE00, 0x9FE } },
    { 0x8D85, { 0x000, 0x13E, 0x7D2, 0x112, 0x126, 0xFC0, 0x13E, 0x522, 0x5E2, 0x53E, 0xB00, 0x8FE } },
    { 0x8D8A, { 0x000, 0x10A, 0x7BE, 0x128, 0x12A, 0xFAA, 0x124, 0x52C, 0x5B6, 0x52A, 0xB00, 0x8FE } },
    { 0x8D9F, { 0x000, 0x14A, 0x7AC, 0x108, 0x13E, 0xFA2, 0x13A, 0x52A, 0x5BA, 0x526, 0xB00, 0x8FE } },
    { 0x8DB3, { 0x000, 0x7FC, 0x404, 0x404, 0x404, 0x7FC, 0x040, 0x240, 0x27C, 0x240, 0x5C0, 0x83E } },
    { 0x8DC3, { 0x000, 0xF0C, 0x970, 0x910, 0xF10, 0x210, 0x2FE, 0xB10, 0xA28, 0xA28, 0xB44, 0xC82 } },
    { 0x8DD1, { 0x000, 0xF40, 0x97E, 0x982, 0xF7A, 0x24A, 0x24A, 0xB7A, 0xA46, 0xA40, 0xB42, 0xC3E } },
    { 0x8DDD, { 0x000, 0xF7E, 0x940, 0x940, 0xF7E, 0x242, 0x242, 0xB42, 0xA7E, 0xA40, 0xB40, 0xC7E } },
    { 0x8DDF, { 0x000, 0xF7E, 0x942, 0x97E, 0xF42, 0x242, 0x27E, 0xB48, 0xA4A, 0xA44, 0xB54, 0xC62 } },
    { 0x8DEA, { 0x000, 0xF20, 0x93C, 0x944, 0xF7E, 0x2C0, 0x25E, 0xB52, 0xA56, 0xA50, 0xB52, 0xC8E } },
    { 0x8DEF, { 0x000, 0xF20, 0x93C, 0x944, 0xFA8, 0x210, 0x228, 0xBC6, 0xA7C, 0xA44, 0xB44, 0xC7C } },
    { 0x8DF3, { 0x000, 0xF28, 0x928, 0x9AA, 0xF6C, 0x228, 0x228, 0xB6C, 0xAAA, 0xA28, 0xB4A, 0xC8E } },
    { 0x8E0F, { 0x000, 0xF08, 0x9EA, 0x92C, 0xF4A, 0x298, 0x200, 0xB7E, 0xA42, 0xA7E, 0xB42, 0xC7E } },
    { 0x8E42, { 0x000, 0xF7C, 0x908, 0x9FE, 0xF32, 0x254, 0x2B0, 0xB10, 0xAFE, 0xA38, 0xB54, 0xC92 } },
    { 0x8E8F, { 0x000, 0xF24, 0x9FE, 0x924, 0xF9E, 0x242, 0x2AA, 0xBBE, 0xAEA, 0xABE, 0xBAA, 0xCBE } },
    { 0x8EAB, { 0x000, 0x080, 0x3F8, 0x208, 0x3F8, 0x208, 0x3FA, 0x20C, 0xFF8, 0x048, 0x188, 0xE38 } },
    { 0x8F68, { 0x000, 0x220, 0xF20, 0x420, 0xAF8, 0xA28, 0xF28, 0x228, 0x328, 0xE4A, 0x24A, 0x28E } },
    { 0x8F6C, { 0x000, 0x210, 0xF7C, 0x410, 0xA10, 0xAFE, 0xF20, 0x27C, 0x304, 0xE28, 0x210, 0x208 } },
    { 0x8F6E, { 0x000, 0x210, 0xF28, 0x444, 0xA82, 0xA40, 0xF44, 0x248, 0x370, 0xE42, 0x242, 0x23E } },
    { 0x8F6F, { 0x000, 0x220, 0xFA0, 0x43E, 0xA42, 0xA54, 0xF90, 0x210, 0x3A8, 0xE28, 0x244, 0x282 } },
    { 0x8F7D, { 0x000, 0x114, 0x7D2, 0x110, 0xFFE, 0x210, 0xFD2, 0x514, 0x7C8, 0x10A, 0xFD6, 0x122 } },
    { 0x8F91, { 0x000, 0x27C, 0xF44, 0x47C, 0xA00, 0xAFE, 0xF44, 0x27C, 0x344, 0xE5E, 0x2E4, 0x204 } },
    { 0x8F9B, { 0x000, 0x080, 0x040, 0x7FC, 0x208, 0x110, 0xFFE, 0x040, 0x040, 0x7FC, 0x040, 0x040 } },
    { 0x8FAB, { 0x000, 0x248, 0xF9E, 0x514, 0x5F4, 0xF5E, 0x288, 0x288, 0xFFE, 0x408, 0x468, 0x588 } },
    { 0x8FB0, { 0x000, 0x7FE, 0x400, 0x5FC, 0x400, 0x7FE, 0x510, 0x512, 0x514, 0x508, 0x564, 0x982 } },
    { 0x8FB9, { 0x000, 0x820, 0x420, 0x0FE, 0x022, 0xC22, 0x422, 0x442, 0x442, 0x48C, 0xA00, 0x9FE } },
    { 0x8FBE, { 0x000, 0x810, 0x410, 0x010, 0x1FE, 0xC10, 0x428, 0x428, 0x444, 0x482, 0xA00, 0x9FE } },
    { 0x8FC5, { 0x000, 0x9F8, 0x408, 0x048, 0x048, 0xDF8, 0x448, 0x44A, 0x44A, 0x444, 0xA00, 0x9FE } },
    { 0x8FC7, { 0x000, 0x808, 0x408, 0x1FE, 0x008, 0xC88, 0x448, 0x448, 0x408, 0x438, 0xA00, 0x9FE } },
    { 0x8FCE, { 0x000, 0x840, 0x59E, 0x112, 0x112, 0xD12, 0x512, 0x552, 0x596, 0x410, 0xA10, 0x9FE } },
    { 0x8FD0, { 0x000, 0x8FC, 0x400, 0x000, 0x1FE, 0xC40, 0x444, 0x484, 0x49A, 0x5E2, 0xA00, 0x9FE } },
    { 0x8FD1, { 0x000, 0x80C, 0x4F0, 0x080, 0x080, 0xCFE, 0x488, 0x488, 0x488, 0x508, 0xA00, 0x9FE } },
    { 0x8FD4, { 0x000, 0x80E, 0x4F0, 0x080, 0x080, 0xCFE, 0x4C2, 0x4A4, 0x498, 0x566, 0xA00, 0x9FE } },
    { 0x8FD8, { 0x000, 0x9FE, 0x410, 0x020, 0x020, 0xC68, 0x4A4, 0x522, 0x420, 0x420, 0xA00, 0x9FE } },
    { 0x8FD9, { 0x000, 0x820, 0x410, 0x1FE, 0x004, 0xC44, 0x428, 0x410, 0x428, 0x4C6, 0xA00, 0x9FE } },
    { 0x8FDB, { 0x000, 0x848, 0x448, 0x1FE, 0x048, 0xC48, 0x5FE, 0x448, 0x448, 0x488, 0xA00, 0x9FE } },
    { 0x8FDC, { 0x000, 0x8FC, 0x400, 0x000, 0x1FE, 0xC48, 0x448, 0x488, 0x48A, 0x50E, 0xA00, 0x9FE } },
    { 0x8FDE, { 0x000, 0x820, 0x5FE, 0x040, 0x090, 0xC90, 0x4FE, 0x410, 0x5FE, 0x410, 0xA10, 0x9FE } },
    { 0x8FEA, { 0x000, 0x810, 0x410, 0x0FE, 0x092, 0xC92, 0x4FE, 0x492, 0x492, 0x4FE, 0xA00, 0x9FE } },
    { 0x8FF7, { 0x000, 0x810, 0x492, 0x054, 0x010, 0xDFE, 0x438, 0x454, 0x592, 0x410, 0xA00, 0x9FE } },
    { 0x8FF8, { 0x000, 0x884, 0x448, 0x1FE, 0x048, 0xC48, 0x5FE, 0x448, 0x448, 0x488, 0xA00, 0x9FE } },
    { 0x8FF9, { 0x000, 0x820, 0x410, 0x1FE, 0x048, 0xD4C, 0x54A, 0x64A, 0x448, 0x498, 0xA00, 0x9FE } },
    { 0x8FFD, { 0x000, 0x820, 0x4FC, 0x084, 0x0FC, 0xC80, 0x4FC, 0x484, 0x484, 0x4FC, 0xA00, 0x9FE } },
    { 0x9000, { 0x000, 0x8FC, 0x484, 0x0FC, 0x084, 0xCFC, 0x4A2, 0x494, 0x4A8, 0x4C6, 0xA00, 0x9FE } },
    { 0x9001, { 0x000, 0x844, 0x428, 0x0FE, 0x010, 0xC10, 0x4FE, 0x410, 0x428, 0x4C6, 0xA00, 0x9FE } },
    { 0x9002, { 0x000, 0x80C, 0x4F0, 0x010, 0x1FE, 0xC10, 0x4FC, 0x484, 0x484, 0x4FC, 0xA00, 0x9FE } },
    { 0x9003, { 0x000, 0x850, 0x554, 0x0D8, 0x050, 0xCD8, 0x554, 0x450, 0x492, 0x51E, 0xA00, 0x9FE } },
    { 0x9009, { 0x000, 0x890, 0x4FC, 0x110, 0x010, 0xDFE, 0x448, 0x448, 0x48A, 0x50E, 0xA00, 0x9FE } },
    { 0x900F, { 0x000, 0x8FC, 0x410, 0x1FE, 0x054, 0xD92, 0x4FC, 0x426, 0x442, 0x58C, 0xA00, 0x9FE } },
    { 0x901A, { 0x000, 0x8FC, 0x428, 0x010, 0x0FE, 0xC92, 0x4FE, 0x492, 0x4FE, 0x492, 0xA00, 0x9FE } },
    { 0x901F, { 0x000, 0x810, 0x5FE, 0x010, 0x0FE, 0xC92, 0x4FE, 0x438, 0x454, 0x592, 0xA10, 0x9FE } },
    { 0x9020, { 0x000, 0x890, 0x4FC, 0x110, 0x010, 0xDFE, 0x400, 0x4FC, 0x484, 0x4FC, 0xA00, 0x9FE } },
    { 0x9053, { 0x000, 0x848, 0x5FE, 0x020, 0x0FC, 0xC84, 0x4FC, 0x484, 0x484, 0x4FC, 0xA00, 0x9FE } },
    { 0x9057, { 0x000, 0x810, 0x4FC, 0x094, 0x1FE, 0xC00, 0x4FC, 0x494, 0x494, 0x428, 0xAC4, 0x9FE } },
    { 0x90A3, { 0x000, 0xFDE, 0x252, 0x252, 0xFD4, 0x254, 0x252, 0xFD2, 0x252, 0x25C, 0x450, 0x990 } },
    { 0x90AA, { 0x000, 0xFDE, 0x492, 0x492, 0x894, 0xFD4, 0x292, 0x292, 0x492, 0x49C, 0x890, 0x190 } },
    { 0x90BB, { 0x000, 0x11E, 0x292, 0x452, 0x834, 0x214, 0x112, 0xFF2, 0x052, 0x49C, 0x310, 0x0D0 } },
    { 0x90E8, { 0x000, 0x11E, 0x7D2, 0x012, 0x454, 0x294, 0xFF2, 0x012, 0x7D2, 0x45C, 0x450, 0x7D0 } },
    { 0x90FD, { 0x000, 0x21E, 0xF52, 0x292, 0x314, 0xFD4, 0x212, 0x7D2, 0xC52, 0x7DC, 0x450, 0x7D0 } },
    { 0x914D, { 0x000, 0xFBE, 0x502, 0x502, 0xF82, 0xA82, 0xABE, 0xDA0, 0x8A0, 0xFA2, 0x8A2, 0xF9E } },
    { 0x9177, { 0x000, 0xFA8, 0x53E, 0x548, 0xF88, 0xAFE, 0xA80, 0xDBE, 0x8A2, 0xFA2, 0x8A2, 0xFBE } },
    { 0x9178, { 0x000, 0xFA4, 0x544, 0x57E, 0xF94, 0xA94, 0xAE6, 0xD9C, 0x8E4, 0xFA4, 0x898, 0xFE6 } },
    { 0x9192, { 0x000, 0xFBE, 0x522, 0x53E, 0xFA2, 0xABE, 0xAA8, 0xDBE, 0x8C8, 0xFBE, 0x888, 0xFBE } },
    { 0x91CA, { 0x000, 0x1FE, 0xE82, 0x244, 0xB38, 0x6C6, 0xF10, 0x27C, 0x710, 0x6FE, 0xA10, 0x210 } },
    { 0x91CC, { 0x000, 0x7FC, 0x444, 0x444, 0x7FC, 0x444, 0x444, 0x7FC, 0x040, 0x7FC, 0x040, 0xFFE } },
    { 0x91CD, { 0x000, 0x7FC, 0x040, 0xFFE, 0x444, 0x7FC, 0x444, 0x7FC, 0x040, 0x7FC, 0x040, 0xFFE } },
    { 0x91CE, { 0x000, 0xFBE, 0xA82, 0xF94, 0xA88, 0xAFE, 0xF8A, 0x20C, 0xF88, 0x208, 0x388, 0xC38 } },
    { 0x91CF, { 0x000, 0x7FC, 0x404, 0x7FC, 0x404, 0xFFE, 0x444, 0x7FC, 0x444, 0x7FC, 0x040, 0xFFE } },
    { 0x91D1, { 0x000, 0x040, 0x0A0, 0x318, 0xC06, 0x3F8, 0x040, 0x040, 0x7FC, 0x248, 0x150, 0xFFE } },
    { 0x949F, { 0x000, 0x410, 0x610, 0x8FE, 0xE92, 0x492, 0x492, 0xEFE, 0x410, 0x410, 0x610, 0x410 } },
    { 0x94A2, { 0x000, 0x4FE, 0x682, 0x882, 0xEC6, 0x4AA, 0x492, 0xEAA, 0x4C6, 0x482, 0x682, 0x486 } },
    { 0x94A5, { 0x000, 0x47E, 0x742, 0x842, 0xF7E, 0x442, 0x442, 0xF7E, 0x442, 0x542, 0x642, 0x486 } },
    { 0x94B1, { 0x000, 0x414, 0x712, 0x81E, 0xF70, 0x410, 0x41E, 0xF70, 0x412, 0x50C, 0x61A, 0x4E6 } },
    { 0x94BB, { 0x000, 0x410, 0x710, 0x81E, 0xF10, 0x410, 0x47E, 0xF42, 0x442, 0x542, 0x642, 0x47E } },
    { 0x94C1, { 0x000, 0x490, 0x690, 0x8FC, 0xE90, 0x510, 0x410, 0xEFE, 0x410, 0x428, 0x644, 0x582 } },
    { 0x94E0, { 0x000, 0x492, 0x692, 0x8FE, 0xE00, 0x4FE, 0x402, 0xE02, 0x4FE, 0x480, 0x682, 0x47E } },
    { 0x94ED, { 0x000, 0x420, 0x63E, 0x842, 0xEA2, 0x414, 0x408, 0xE7E, 0x5C2, 0x442, 0x642, 0x47E } },
    { 0x94F8, { 0x000, 0x410, 0x6FE, 0x810, 0xEFE, 0x420, 0x5FE, 0xE44, 0x4FE, 0x544, 0x624, 0x40C } },
    { 0x94FE, { 0x000, 0x508, 0x6BE, 0x810, 0xE24, 0x5A4, 0x4BE, 0xE84, 0x4BE, 0x484, 0x744, 0x53E } },
    { 0x9501, { 0x000, 0x492, 0x654, 0x810, 0xEFE, 0x482, 0x492, 0xE92, 0x492, 0x428, 0x644, 0x482 } },
    { 0x9510, { 0x000, 0x484, 0x648, 0x8FC, 0xE84, 0x484, 0x484, 0xEFC, 0x448, 0x44A, 0x68A, 0x50E } },
    { 0x9524, { 0x000, 0x40C, 0x670, 0x810, 0xEFE, 0x454, 0x4FE, 0xE54, 0x454, 0x4FE, 0x610, 0x47C } },
    { 0x952E, { 0x000, 0x408, 0x7BE, 0x88A, 0xEFE, 0x50A, 0x5BE, 0xE88, 0x4BE, 0x588, 0x6C8, 0x53E } },
    { 0x953B, { 0x000, 0x42E, 0x6CA, 0x88A, 0xEEA, 0x492, 0x4E0, 0xE9E, 0x492, 0x5EA, 0x684, 0x49A } },
    { 0x9547, { 0x000, 0x410, 0x6FE, 0x810, 0xE7C, 0x444, 0x47C, 0xE44, 0x444, 0x4FE, 0x644, 0x482 } },
    { 0x955C, { 0x000, 0x410, 0x6FC, 0x848, 0xFFE, 0x484, 0x4FC, 0xE84, 0x4FC, 0x448, 0x68A, 0x50E } },
    { 0x9570, { 0x000, 0x410, 0x6FE, 0x8A4, 0xEFE, 0x4AA, 0x4FE, 0xEAA, 0x4FE, 0x4A8, 0x6EC, 0x52A } },
    { 0x9576, { 0x000, 0x410, 0x7FE, 0x8AA, 0xEEE, 0x444, 0x4FE, 0xE44, 0x4FE, 0x42A, 0x6D4, 0x462 } },
    { 0x957F, { 0x000, 0x208, 0x210, 0x220, 0x2C0, 0x200, 0xFFE, 0x240, 0x220, 0x210, 0x288, 0x306 } },
    { 0x95E8, { 0x000, 0x9FE, 0x402, 0x002, 0x802, 0x802, 0x802, 0x802, 0x802, 0x802, 0x802, 0x80E } },
    { 0x95EA, { 0x000, 0x9FE, 0x402, 0x042, 0x842, 0x842, 0x8A2, 0x8A2, 0x912, 0xA0A, 0x802, 0x80E } },
    { 0x95ED, { 0x000, 0x9FE, 0x402, 0x022, 0x822, 0xBFA, 0x822, 0x862, 0x8A2, 0xB22, 0x862, 0x80E } },
    { 0x95EE, { 0x000, 0x9FE, 0x402, 0x002, 0x9F2, 0x912, 0x912, 0x912, 0x9F2, 0x802, 0x802, 0x80E } },
    { 0x95F4, { 0x000, 0x9FE, 0x402, 0x002, 0x9F2, 0x912, 0x912, 0x9F2, 0x912, 0x912, 0x9F2, 0x806 } },
    { 0x9605, { 0x000, 0x9FE, 0x402, 0x112, 0x8A2, 0x9F2, 0x912, 0x912, 0x9F2, 0x8A2, 0x92A, 0xA3A } },
    { 0x961F, { 0x000, 0xF10, 0x910, 0x910, 0xA10, 0xA10, 0x910, 0x928, 0x928, 0xE44, 0x844, 0x882 } },
    { 0x9631, { 0x000, 0xE24, 0xA24, 0xAFE, 0xA24, 0xC24, 0xA24, 0xAFE, 0xA24, 0xE24, 0x844, 0x884 } },
    { 0x9632, { 0x000, 0xE20, 0xA10, 0xBFE, 0xA40, 0xC40, 0xA7C, 0xA44, 0xA44, 0xE84, 0x884, 0x918 } },
    { 0x9633, { 0x000, 0xF7E, 0x942, 0x942, 0xA42, 0xA42, 0x97E, 0x942, 0x942, 0xE42, 0x842, 0x87E } },
    { 0x9634, { 0x000, 0xF7E, 0x942, 0x942, 0xA7E, 0xA42, 0x942, 0x97E, 0x942, 0xE42, 0x882, 0x906 } },
    { 0x9635, { 0x000, 0xE20, 0xAFE, 0xA40, 0xA90, 0xC90, 0xAFE, 0xA10, 0xA10, 0xEFE, 0x810, 0x810 } },
    { 0x9636, { 0x000, 0xE10, 0xA28, 0xA44, 0xB82, 0xC44, 0xA44, 0xA44, 0xA44, 0xE44, 0x844, 0x884 } },
    { 0x9644, { 0x000, 0xE44, 0xA44, 0xABE, 0xA84, 0xD84, 0xAA4, 0xA94, 0xA94, 0xE84, 0x884, 0x88C } },
    { 0x964C, { 0x000, 0xEFE, 0xA10, 0xA20, 0xAFE, 0xC82, 0xA82, 0xAFE, 0xA82, 0xE82, 0x882, 0x8FE } },
    { 0x964D, { 0x000, 0xE20, 0xA3C, 0xAC4, 0xA38, 0xDC6, 0xA10, 0xBFE, 0xA90, 0xE90, 0x8FE, 0x810 } },
    { 0x9650, { 0x000, 0xEFC, 0xA84, 0xAFC, 0xA84, 0xC84, 0xAFC, 0xA92, 0xA94, 0xE88, 0x8A4, 0x8C2 } },
    { 0x9664, { 0x000, 0xE38, 0xA44, 0xB82, 0xA7C, 0xC10, 0xA10, 0xAFE, 0xA10, 0xE94, 0x912, 0x830 } },
    { 0x9668, { 0x000, 0xE7C, 0xA44, 0xA7C, 0xA00, 0xCFE, 0xA82, 0xA92, 0xA92, 0xE28, 0x844, 0x882 } },
    { 0x9669, { 0x000, 0xE10, 0xA28, 0xA44, 0xA82, 0xC7C, 0xA00, 0xAA2, 0xA54, 0xE54, 0x808, 0x8FE } },
    { 0x9675, { 0x000, 0xE10, 0xA7C, 0xA10, 0xAFE, 0xC44, 0xAA2, 0xA3C, 0xA44, 0xEA8, 0x810, 0x8EE } },
    { 0x9677, { 0x000, 0xE20, 0xA3C, 0xA44, 0xB88, 0xC20, 0xACE, 0xA82, 0xAEE, 0xE82, 0x882, 0x8FE } },
    { 0x968F, { 0x000, 0xE10, 0xB7E, 0xA90, 0xA3C, 0xC64, 0xBBC, 0xAA4, 0xABC, 0xEA4, 0x940, 0x93E } },
    { 0x9699, { 0x000, 0xE54, 0xA92, 0xA20, 0xCFE, 0xA82, 0xAFE, 0xA82, 0xAFE, 0xC10, 0x894, 0x932 } },
    { 0x969C, { 0x000, 0xE10, 0xAFC, 0xA48, 0xBFE, 0xC84, 0xAFC, 0xA84, 0xAFC, 0xE10, 0x9FE, 0x810 } },
    { 0x96C4, { 0x000, 0x428, 0x428, 0xF7E, 0x4C8, 0x57E, 0x548, 0x548, 0xA7E, 0xAC8, 0xAC8, 0x37E } },
    { 0x96C6, { 0x000, 0x240, 0x7FC, 0xC40, 0x7FC, 0x440, 0x7FC, 0x040, 0xFFE, 0x150, 0x248, 0xC46 } },
    { 0x96D5, { 0x000, 0xFD4, 0xA54, 0xF5E, 0xA74, 0xF5E, 0x854, 0xF54, 0xD5E, 0xF54, 0x854, 0x8DE } },
    { 0x96E8, { 0x000, 0xFFE, 0x040, 0x040, 0xFFE, 0x842, 0xA52, 0x94A, 0x842, 0xA52, 0x94A, 0x842 } },
    { 0x96EA, { 0x000, 0x7FC, 0x040, 0xFFE, 0x842, 0xB5A, 0x040, 0x7FC, 0x004, 0x7FC, 0x004, 0x7FC } },
    { 0x96F6, { 0x000, 0x7FC, 0x040, 0xFFE, 0xB5A, 0x0E0, 0x318, 0xC46, 0x020, 0x7FC, 0x088, 0x070 } },
    { 0x96F7, { 0x000, 0x7FC, 0x040, 0xFFE, 0x842, 0xB5A, 0x000, 0x7FC, 0x444, 0x7FC, 0x444, 0x7FC } },
    { 0x96F9, { 0x000, 0x7FC, 0x040, 0xFFE, 0x842, 0xB5A, 0x000, 0x3FC, 0x624, 0xBEC, 0x202, 0x1FE } },
    { 0x96FE, { 0x000, 0x7FC, 0x040, 0xFFE, 0xA52, 0x1FC, 0x608, 0x3F8, 0xC46, 0x3FC, 0x104, 0x618 } },
    { 0x9700, { 0x000, 0x7FC, 0x040, 0xFFE, 0x842, 0xB5A, 0x000, 0xFFE, 0x080, 0xFFE, 0x912, 0x916 } },
    { 0x9706, { 0x000, 0x7FC, 0x040, 0xFFE, 0x952, 0xEFC, 0x210, 0x4FE, 0xE10, 0xAFE, 0x600, 0x9FE } },
    { 0x9707, { 0x000, 0x7FC, 0x040, 0xFFE, 0xB5A, 0x040, 0x7FE, 0x400, 0x7FE, 0x514, 0x548, 0x986 } },
    { 0x971C, { 0x000, 0x7FC, 0x040, 0xFFE, 0x842, 0xB5A, 0x000, 0x23E, 0xFA2, 0x23E, 0x722, 0xABE } },
    { 0x9732, { 0x000, 0x7FC, 0x040, 0xFFE, 0xA4A, 0xF7C, 0x9C4, 0xF38, 0x2C6, 0xB7C, 0xA44, 0xF7C } },
    { 0x9752, { 0x000, 0x040, 0x7FC, 0x040, 0x7FC, 0x040, 0xFFE, 0x208, 0x3F8, 0x208, 0x3F8, 0x208 } },
    { 0x9759, { 0x000, 0x210, 0xF9C, 0x224, 0xFBE, 0x20A, 0xFFE, 0x48A, 0x7BE, 0x488, 0x788, 0x498 } },
    { 0x975E, { 0x000, 0x110, 0x110, 0xF1E, 0x110, 0x110, 0xF1E, 0x110, 0x110, 0xF1E, 0x110, 0x110 } },
    { 0x9762, { 0x000, 0xFFE, 0x040, 0x080, 0xFFE, 0x912, 0x9F2, 0x912, 0x912, 0x9F2, 0x912, 0xFFE } },
    { 0x9774, { 0x000, 0x528, 0xFA8, 0x528, 0x76A, 0x22C, 0xFB8, 0xAA8, 0xFA8, 0x22A, 0xFAA, 0x22E } },
    { 0x978B, { 0x000, 0x508, 0xFBE, 0x508, 0x708, 0x23E, 0xF80, 0xA88, 0xFBE, 0x208, 0xF88, 0x23E } },
    { 0x97E7, { 0x000, 0x23E, 0x20A, 0xFCA, 0x22A, 0xFAA, 0x22A, 0xFCA, 0x24A, 0x252, 0x2D2, 0x226 } },
    { 0x97F3, { 0x000, 0x040, 0x7FC, 0x208, 0x110, 0xFFE, 0x000, 0x3F8, 0x208, 0x3F8, 0x208, 0x3F8 } },
    { 0x9875, { 0x000, 0xFFE, 0x040, 0x7FC, 0x404, 0x444, 0x444, 0x444, 0x444, 0x0A0, 0x318, 0xC06 } },
    { 0x9879, { 0x000, 0x0FE, 0xE10, 0x4FE, 0x482, 0x492, 0x492, 0x492, 0x692, 0xC28, 0x044, 0x082 } },
    { 0x987B, { 0x000, 0x2FE, 0x410, 0x8FE, 0x082, 0x292, 0x492, 0x892, 0x092, 0x228, 0x444, 0x882 } },
    { 0x9886, { 0x000, 0x23E, 0x208, 0x53E, 0x8E2, 0x22A, 0x12A, 0xFAA, 0x0AA, 0x508, 0x214, 0x122 } },
    { 0x9897, { 0x000, 0xFBE, 0xA88, 0xFBE, 0xAA2, 0xFAA, 0x22A, 0xFAA, 0x22A, 0x708, 0xA94, 0x222 } },
    { 0x9898, { 0x000, 0xFBE, 0x888, 0xFBE, 0x8A2, 0xFAA, 0x02A, 0xF88, 0x214, 0xBA2, 0xE00, 0x9FE } },
    { 0x989D, { 0x000, 0x13E, 0xFC8, 0xA7E, 0x3A2, 0xCAA, 0x32A, 0xCEA, 0x7AA, 0x488, 0x494, 0x7A2 } },
    { 0x98CE, { 0x000, 0x7FC, 0x404, 0x414, 0x514, 0x4A4, 0x444, 0x444, 0x4A4, 0x514, 0x406, 0x802 } },
    { 0x98DE, { 0x000, 0xFF0, 0x012, 0x014, 0x018, 0x014, 0x012, 0x010, 0x010, 0x00A, 0x00A, 0x004 } },
    { 0x98DF, { 0x000, 0x0E0, 0x318, 0xC46, 0x3F8, 0x208, 0x3F8, 0x208, 0x3FA, 0x224, 0x298, 0x306 } },
    { 0x992E, { 0x000, 0xF98, 0x466, 0x78A, 0xCB4, 0x3F8, 0xE0E, 0x3F8, 0x208, 0x3FA, 0x214, 0x38E } },
    { 0x9955, { 0x000, 0x7BE, 0x4A0, 0xFFE, 0x4AA, 0xBFC, 0x208, 0x7FC, 0xA0A, 0x3F8, 0x224, 0xF9E } },
    { 0x9965, { 0x000, 0x478, 0x748, 0x948, 0x248, 0x448, 0x448, 0x448, 0x448, 0x54A, 0x64A, 0x48E } },
    { 0x997F, { 0x000, 0x42C, 0x6CA, 0xA48, 0x1FE, 0x448, 0x44A, 0x46A, 0x5C4, 0x444, 0x64A, 0x4D2 } },
    { 0x9996, { 0x000, 0x208, 0x110, 0xFFE, 0x040, 0x7FC, 0x404, 0x7FC, 0x404, 0x7FC, 0x404, 0x7FC } },
    { 0x9A6C, { 0x000, 0x7F8, 0x008, 0x208, 0x208, 0x208, 0x3FE, 0x002, 0x002, 0xFF2, 0x002, 0x01C } },
    { 0x9A6D, { 0x000, 0xF3E, 0x122, 0x922, 0x922, 0x922, 0xFA2, 0x094, 0x294, 0xC88, 0x094, 0x362 } },
    { 0x9A70, { 0x000, 0xE10, 0x250, 0xA56, 0xA7A, 0xAD2, 0xF52, 0x156, 0x350, 0xD42, 0x142, 0x63E } },
    { 0x9A7E, { 0x000, 0x200, 0xFBE, 0x2A2, 0x4A2, 0xBFE, 0x008, 0x208, 0x3FE, 0x002, 0xFF2, 0x00C } },
    { 0x9A84, { 0x000, 0xE0C, 0x270, 0xA10, 0xAFE, 0xA28, 0xF44, 0x1A6, 0x324, 0xD24, 0x144, 0x684 } },
    { 0x9A8C, { 0x000, 0xE10, 0x228, 0xA44, 0xA82, 0xA7C, 0xF00, 0x1A2, 0x354, 0xD54, 0x108, 0x6FE } },
    { 0x9AA8, { 0x000, 0x3F8, 0x208, 0x3C8, 0x248, 0xFFE, 0xA0A, 0x3F8, 0x208, 0x3F8, 0x208, 0x218 } },
    { 0x9AB7, { 0x000, 0x788, 0x488, 0x6BE, 0xFC8, 0x848, 0x788, 0x4BE, 0x7A2, 0x4A2, 0x7A2, 0x4BE } },
    { 0x9AB8, { 0x000, 0x708, 0x57E, 0x510, 0xFA4, 0x8F8, 0x710, 0x522, 0x744, 0x508, 0x714, 0x562 } },
    { 0x9AC5, { 0x000, 0x74A, 0x52C, 0x57E, 0xF98, 0x8AC, 0x74A, 0x510, 0x77E, 0x514, 0x718, 0x566 } },
    { 0x9AD3, { 0x000, 0x704, 0x59E, 0x548, 0xF1E, 0x9E4, 0x75E, 0x552, 0x75E, 0x552, 0x7A0, 0x51E } },
    { 0x9AD8, { 0x000, 0x040, 0xFFE, 0x208, 0x3F8, 0x000, 0xFFE, 0x802, 0x9F2, 0x912, 0x9F2, 0x806 } },
    { 0x9B3C, { 0x000, 0x080, 0x7FC, 0x444, 0x7FC, 0x444, 0x7FC, 0x0A8, 0x0B4, 0x13C, 0x222, 0xC3E } },
    { 0x9B42, { 0x000, 0x040, 0xEFC, 0x0A4, 0x0FC, 0xFA4, 0x4FC, 0x428, 0x954, 0xB5C, 0xD52, 0x09E } },
    { 0x9B54, { 0x000, 0x020, 0x7FE, 0x488, 0x7FE, 0x5DC, 0x6AA, 0x5FC, 0x524, 0x5FC, 0x452, 0xB9E } },
    { 0x9C81, { 0x000, 0x3F0, 0x410, 0xFFC, 0x444, 0x7FC, 0x444, 0xFFE, 0x208, 0x3F8, 0x208, 0x3F8 } },
    { 0x9C9C, { 0x000, 0x422, 0x714, 0x93E, 0xF88, 0xA88, 0xFBE, 0xA88, 0xF88, 0x03E, 0x188, 0xE08 } },
    { 0x9CDE, { 0x000, 0x44A, 0x72C, 0x97E, 0xFAC, 0xACA, 0xFA4, 0xABE, 0xFD4, 0x034, 0x1AE, 0xE44 } },
    { 0x9E23, { 0x000, 0x010, 0xF7C, 0x944, 0x954, 0x94C, 0x940, 0x97E, 0x902, 0xF7A, 0x002, 0x01C } },
    { 0x9E70, { 0x000, 0x020, 0x7FE, 0x4A8, 0x57E, 0x748, 0x57E, 0x4A4, 0x4FE, 0x402, 0x5FA, 0x806 } },
    { 0x9EA6, { 0x000, 0x040, 0x7FC, 0x040, 0x7FC, 0x040, 0xFFE, 0x080, 0x1FC, 0x708, 0x0F0, 0xF0E } },
    { 0x9EC4, { 0x000, 0x110, 0x7FC, 0x110, 0xFFE, 0x040, 0x7FC, 0x444, 0x7FC, 0x444, 0x7FC, 0xC06 } },
    { 0x9ECE, { 0x000, 0xFA0, 0x23E, 0xFAA, 0x74A, 0xA92, 0x246, 0x1B0, 0xE4E, 0x248, 0x150, 0x6CC } },
    { 0x9ED1, { 0x000, 0x7FC, 0x444, 0x554, 0x444, 0x7FC, 0x040, 0x7FC, 0x040, 0xFFE, 0x524, 0x892 } },
    { 0x9EEF, { 0x000, 0xF88, 0xABE, 0xF94, 0xA94, 0xFFE, 0x200, 0xFBE, 0x222, 0xFBE, 0x022, 0xABE } },
    { 0x9F13, { 0x000, 0x208, 0xFC8, 0x23E, 0xF88, 0x008, 0xFBE, 0x8A2, 0xFA2, 0x514, 0x588, 0xE76 } },
    { 0x9F20, { 0x000, 0x7BC, 0x404, 0x7BC, 0x404, 0x7FC, 0x000, 0x554, 0x4CC, 0x554, 0x4CC, 0x772 } },
    { 0x9F50, { 0x000, 0x040, 0xFFE, 0x208, 0x110, 0x0E0, 0x318, 0xC06, 0x208, 0x208, 0x208, 0x408 } },
    { 0x9F7F, { 0x000, 0x040, 0x27C, 0x240, 0x240, 0xFFE, 0x000, 0x444, 0x444, 0x4A4, 0x514, 0x7FC } },
    { 0x9F99, { 0x000, 0x090, 0x088, 0xFFE, 0x0A0, 0x0A0, 0x124, 0x128, 0x230, 0x222, 0x462, 0x89E } },
    { 0x9F9B, { 0x000, 0x0E0, 0x318, 0xCE6, 0x3F8, 0x208, 0x3F8, 0x090, 0xFFE, 0x128, 0x232, 0xCDE } },
    { 0xFF01, { 0x000, 0x000, 0x200, 0x700, 0x700, 0x700, 0x200, 0x200, 0x200, 0x000, 0x200, 0x000 } },
    { 0xFF08, { 0x000, 0x004, 0x008, 0x008, 0x010, 0x010, 0x010, 0x010, 0x010, 0x008, 0x008, 0x004 } },
    { 0xFF09, { 0x000, 0x400, 0x200, 0x200, 0x100, 0x100, 0x100, 0x100, 0x100, 0x200, 0x200, 0x400 } },
    { 0xFF0C, { 0x000, 0x000, 0x000, 0x000, 0x000, 0x000, 0x000, 0x000, 0x300, 0x300, 0x100, 0x200 } },
    { 0xFF1A, { 0x000, 0x000, 0x000, 0x300, 0x300, 0x000, 0x000, 0x000, 0x000, 0x300, 0x300, 0x000 } },
    { 0xFF1F, { 0x000, 0x000, 0x700, 0x880, 0x880, 0x080, 0x100, 0x200, 0x200, 0x000, 0x200, 0x000 } },
};

static const CjkGlyphHD hd_zh_hant[] = {
    { 0x2014, { 0x000, 0x000, 0x000, 0x000, 0x000, 0x000, 0xFFE, 0x000, 0x000, 0x000, 0x000, 0x000 } },
    { 0x2026, { 0x000, 0x000, 0x000, 0x000, 0x000, 0x000, 0x666, 0x666, 0x000, 0x000, 0x000, 0x000 } },
    { 0x3001, { 0x000, 0x000, 0x000, 0x000, 0x000, 0x080, 0x060, 0x020, 0x000, 0x000, 0x000, 0x000 } },
    { 0x3002, { 0x000, 0x000, 0x000, 0x000, 0x000, 0x060, 0x090, 0x090, 0x060, 0x000, 0x000, 0x000 } },
    { 0x300C, { 0x000, 0x03C, 0x020, 0x020, 0x020, 0x020, 0x020, 0x020, 0x020, 0x000, 0x000, 0x000 } },
    { 0x300D, { 0x000, 0x000, 0x000, 0x000, 0x080, 0x080, 0x080, 0x080, 0x080, 0x080, 0x080, 0x780 } },
    { 0x4E00, { 0x000, 0x000, 0x000, 0x000, 0x000, 0x000, 0xFFE, 0x000, 0x000, 0x000, 0x000, 0x000 } },
    { 0x4E03, { 0x000, 0x080, 0x080, 0x080, 0x08E, 0x0F0, 0xF80, 0x080, 0x080, 0x082, 0x082, 0x07E } },
    { 0x4E09, { 0x000, 0x7FC, 0x000, 0x000, 0x000, 0x000, 0x3F8, 0x000, 0x000, 0x000, 0x000, 0xFFE } },
    { 0x4E0A, { 0x000, 0x040, 0x040, 0x040, 0x040, 0x07C, 0x040, 0x040, 0x040, 0x040, 0x040, 0xFFE } },
    { 0x4E0B, { 0x000, 0xFFE, 0x040, 0x040, 0x040, 0x050, 0x048, 0x044, 0x040, 0x040, 0x040, 0x040 } },
    { 0x4E0D, { 0x000, 0xFFE, 0x020, 0x040, 0x0C0, 0x150, 0x248, 0xC44, 0x042, 0x040, 0x040, 0x040 } },
    { 0x4E14, { 0x000, 0x3F8, 0x208, 0x208, 0x3F8, 0x208, 0x208, 0x3F8, 0x208, 0x208, 0x208, 0xFFE } },
    { 0x4E16, { 0x000, 0x248, 0x248, 0x248, 0xFFE, 0x248, 0x248, 0x248, 0x278, 0x200, 0x200, 0x3FE } },
    { 0x4E26, { 0x000, 0x208, 0x110, 0xFFE, 0x110, 0x110, 0x912, 0x512, 0x514, 0x110, 0x110, 0xFFE } },
    { 0x4E2D, { 0x000, 0x040, 0x040, 0xFFE, 0x842, 0x842, 0x842, 0xFFE, 0x040, 0x040, 0x040, 0x040 } },
    { 0x4E3B, { 0x000, 0x080, 0x040, 0xFFE, 0x040, 0x040, 0x040, 0x7FC, 0x040, 0x040, 0x040, 0xFFE } },
    { 0x4E45, { 0x000, 0x100, 0x100, 0x1F0, 0x210, 0x410, 0x820, 0x040, 0x0A0, 0x110, 0x208, 0xC06 } },
    { 0x4E4B, { 0x000, 0x040, 0x040, 0xFFC, 0x008, 0x010, 0x020, 0x240, 0x280, 0x500, 0x4C0, 0x83E } },
    { 0x4E58, { 0x000, 0x03C, 0x7C0, 0x040, 0xFFE, 0x154, 0xF58, 0x152, 0xF4E, 0x0E0, 0x358, 0xC46 } },
    { 0x4E5D, { 0x000, 0x100, 0x100, 0x100, 0xFF0, 0x110, 0x110, 0x110, 0x210, 0x212, 0x412, 0x81E } },
    { 0x4E5F, { 0x000, 0x040, 0x240, 0x24C, 0x274, 0x3C4, 0xE44, 0x24C, 0x240, 0x202, 0x202, 0x1FE } },
    { 0x4E7E, { 0x000, 0x220, 0xFBE, 0x220, 0xFC0, 0x8BC, 0xF84, 0x888, 0xF90, 0x220, 0xFA2, 0x21E } },
    { 0x4E82, { 0x000, 0x7D0, 0xA90, 0x950, 0x790, 0x110, 0xFD0, 0xA50, 0xFD0, 0xAD2, 0x952, 0xACE } },
    { 0x4E86, { 0x000, 0x7FC, 0x004, 0x008, 0x010, 0x020, 0x020, 0x020, 0x020, 0x020, 0x020, 0x0E0 } },
    { 0x4E8B, { 0x000, 0x040, 0xFFE, 0x248, 0x248, 0x7FC, 0x044, 0xFFE, 0x044, 0x7FC, 0x040, 0x1C0 } },
    { 0x4E8C, { 0x000, 0x000, 0x7FC, 0x000, 0x000, 0x000, 0x000, 0x000, 0x000, 0x000, 0xFFE, 0x000 } },
    { 0x4E94, { 0x000, 0x7FC, 0x080, 0x080, 0x080, 0x7F8, 0x108, 0x108, 0x108, 0x208, 0x208, 0xFFE } },
    { 0x4E9B, { 0x000, 0x110, 0x512, 0x5D4, 0x518, 0x512, 0x5D2, 0xE0E, 0x000, 0x3F8, 0x000, 0xFFE } },
    { 0x4EA1, { 0x000, 0x040, 0x040, 0xFFE, 0x200, 0x200, 0x200, 0x200, 0x200, 0x200, 0x200, 0x3FC } },
    { 0x4EA4, { 0x000, 0x040, 0xFFE, 0x000, 0x110, 0x208, 0xD16, 0x0A0, 0x040, 0x0A0, 0x318, 0xC06 } },
    { 0x4EAE, { 0x000, 0x040, 0xFFE, 0x208, 0x3F8, 0x000, 0xFFE, 0x802, 0x110, 0x110, 0x212, 0xC1E } },
    { 0x4EBA, { 0x000, 0x040, 0x040, 0x040, 0x040, 0x0A0, 0x0A0, 0x110, 0x110, 0x208, 0x404, 0x802 } },
    { 0x4EC0, { 0x000, 0x110, 0x110, 0x210, 0x210, 0x6FE, 0xA10, 0x210, 0x210, 0x210, 0x210, 0x210 } },
    { 0x4ECA, { 0x000, 0x040, 0x0A0, 0x318, 0xC06, 0x1F0, 0x000, 0x7FC, 0x008, 0x010, 0x020, 0x040 } },
    { 0x4ECD, { 0x000, 0x2FC, 0x244, 0x444, 0x448, 0xC4E, 0x442, 0x442, 0x442, 0x482, 0x482, 0x50C } },
    { 0x4ED6, { 0x000, 0x210, 0x290, 0x496, 0x4BA, 0xDD2, 0x492, 0x496, 0x490, 0x482, 0x482, 0x47E } },
    { 0x4ED8, { 0x000, 0x208, 0x208, 0x4FE, 0x408, 0xC08, 0x488, 0x448, 0x448, 0x408, 0x408, 0x438 } },
    { 0x4EE3, { 0x000, 0x228, 0x224, 0x420, 0x43E, 0xDE0, 0x420, 0x420, 0x410, 0x412, 0x40A, 0x406 } },
    { 0x4EE4, { 0x000, 0x040, 0x0A0, 0x318, 0xC06, 0x1F0, 0x000, 0x7FC, 0x084, 0x084, 0x09C, 0x080 } },
    { 0x4EE5, { 0x000, 0x008, 0x488, 0x448, 0x448, 0x408, 0x408, 0x490, 0x510, 0x628, 0xC44, 0x182 } },
    { 0x4EF6, { 0x000, 0x290, 0x290, 0x4FE, 0x510, 0xC10, 0x410, 0x5FE, 0x410, 0x410, 0x410, 0x410 } },
    { 0x4EFB, { 0x000, 0x2FC, 0x210, 0x410, 0x410, 0xC10, 0x5FE, 0x410, 0x410, 0x410, 0x410, 0x4FC } },
    { 0x4EFD, { 0x000, 0x278, 0x208, 0x484, 0x484, 0xD02, 0x4FC, 0x444, 0x444, 0x484, 0x484, 0x518 } },
    { 0x4F0A, { 0x000, 0x2FC, 0x224, 0x424, 0x5FE, 0xC24, 0x424, 0x4FC, 0x420, 0x420, 0x440, 0x580 } },
    { 0x4F0F, { 0x000, 0x114, 0x112, 0x210, 0x2FE, 0x610, 0xA28, 0x228, 0x228, 0x244, 0x244, 0x282 } },
    { 0x4F38, { 0x000, 0x210, 0x210, 0x4FE, 0x492, 0xC92, 0x4FE, 0x492, 0x492, 0x4FE, 0x410, 0x410 } },
    { 0x4F46, { 0x000, 0x2FC, 0x284, 0x484, 0x484, 0xCFC, 0x484, 0x484, 0x484, 0x4FC, 0x400, 0x5FE } },
    { 0x4F4D, { 0x000, 0x210, 0x210, 0x5FE, 0x400, 0xC84, 0x484, 0x444, 0x448, 0x448, 0x410, 0x5FE } },
    { 0x4F4E, { 0x000, 0x20C, 0x2F0, 0x490, 0x490, 0xCFE, 0x490, 0x490, 0x488, 0x5EA, 0x406, 0x5F2 } },
    { 0x4F4F, { 0x000, 0x220, 0x210, 0x5FE, 0x410, 0xC10, 0x410, 0x4FC, 0x410, 0x410, 0x410, 0x5FE } },
    { 0x4F55, { 0x000, 0x2FE, 0x204, 0x404, 0x4F4, 0xC94, 0x494, 0x494, 0x4F4, 0x404, 0x404, 0x41C } },
    { 0x4F5C, { 0x000, 0x240, 0x240, 0x47E, 0x4A0, 0xD20, 0x43E, 0x420, 0x420, 0x43E, 0x420, 0x420 } },
    { 0x4F60, { 0x000, 0x280, 0x2FE, 0x492, 0x512, 0xC10, 0x454, 0x454, 0x492, 0x512, 0x410, 0x430 } },
    { 0x4F7F, { 0x000, 0x210, 0x2FE, 0x410, 0x4FE, 0xC92, 0x492, 0x4FE, 0x450, 0x420, 0x450, 0x58E } },
    { 0x4F86, { 0x000, 0x040, 0xFFE, 0x040, 0x248, 0x248, 0x554, 0x8E2, 0x150, 0x248, 0xC46, 0x040 } },
    { 0x4F8D, { 0x000, 0x210, 0x27C, 0x410, 0x410, 0xCFE, 0x404, 0x4FE, 0x444, 0x424, 0x404, 0x41C } },
    { 0x4F9B, { 0x000, 0x248, 0x248, 0x5FE, 0x448, 0xC48, 0x448, 0x5FE, 0x400, 0x448, 0x484, 0x502 } },
    { 0x4F9D, { 0x000, 0x210, 0x210, 0x5FE, 0x420, 0xC50, 0x492, 0x594, 0x488, 0x488, 0x4A4, 0x5C2 } },
    { 0x4FBF, { 0x000, 0x2FE, 0x210, 0x4FE, 0x492, 0xCFE, 0x492, 0x4FE, 0x450, 0x420, 0x450, 0x58E } },
    { 0x4FDD, { 0x000, 0x2FC, 0x284, 0x484, 0x4FC, 0xC10, 0x410, 0x5FE, 0x438, 0x454, 0x592, 0x410 } },
    { 0x4FE0, { 0x000, 0x210, 0x2FE, 0x410, 0x454, 0xC54, 0x4BA, 0x512, 0x410, 0x428, 0x444, 0x582 } },
    { 0x4FE1, { 0x000, 0x278, 0x200, 0x5FE, 0x400, 0xCFC, 0x400, 0x4FC, 0x400, 0x4FC, 0x484, 0x4FC } },
    { 0x4FEE, { 0x000, 0x240, 0x27C, 0x4C8, 0x530, 0xDCE, 0x510, 0x564, 0x518, 0x564, 0x418, 0x4E0 } },
    { 0x500B, { 0x000, 0x2FE, 0x292, 0x492, 0x4FE, 0xC92, 0x4BA, 0x4AA, 0x4AA, 0x4BA, 0x482, 0x4FE } },
    { 0x500D, { 0x000, 0x210, 0x2FC, 0x400, 0x484, 0xC48, 0x5FE, 0x400, 0x4FC, 0x484, 0x484, 0x4FC } },
    { 0x5011, { 0x000, 0x2EE, 0x2AA, 0x4EE, 0x4AA, 0xCEE, 0x482, 0x482, 0x482, 0x482, 0x482, 0x48E } },
    { 0x5012, { 0x000, 0x3F2, 0x24A, 0x48A, 0x52A, 0xDDA, 0x44A, 0x44A, 0x5F2, 0x442, 0x472, 0x58E } },
    { 0x5019, { 0x000, 0x27C, 0x204, 0x5FE, 0x540, 0xD7E, 0x590, 0x510, 0x5FE, 0x528, 0x444, 0x482 } },
    { 0x501F, { 0x000, 0x248, 0x2FC, 0x448, 0x448, 0xDFE, 0x400, 0x4FC, 0x484, 0x4FC, 0x484, 0x4FC } },
    { 0x503C, { 0x000, 0x210, 0x2FE, 0x410, 0x4FC, 0xC84, 0x4FC, 0x484, 0x4FC, 0x484, 0x484, 0x5FE } },
    { 0x505A, { 0x000, 0x290, 0x290, 0x5DE, 0x4A4, 0xC94, 0x494, 0x5D4, 0x554, 0x548, 0x554, 0x5E2 } },
    { 0x505C, { 0x000, 0x220, 0x3FE, 0x484, 0x4FC, 0xC00, 0x5FE, 0x502, 0x4FC, 0x410, 0x410, 0x470 } },
    { 0x5065, { 0x000, 0x208, 0x3BE, 0x48A, 0x4FE, 0xD0A, 0x5BE, 0x488, 0x4BE, 0x588, 0x4C8, 0x53E } },
    { 0x5077, { 0x000, 0x2F0, 0x248, 0x484, 0x57A, 0xC00, 0x5EA, 0x52A, 0x5F4, 0x534, 0x5EA, 0x52A } },
    { 0x5099, { 0x000, 0x248, 0x3CE, 0x448, 0x4FE, 0xC80, 0x4FE, 0x492, 0x4FE, 0x492, 0x5FE, 0x692 } },
    { 0x50B2, { 0x000, 0x248, 0x2E8, 0x44E, 0x5F2, 0xC4A, 0x5EA, 0x48A, 0x4EA, 0x4A4, 0x4AA, 0x572 } },
    { 0x50B3, { 0x000, 0x210, 0x3FE, 0x494, 0x4FC, 0xC94, 0x4FC, 0x414, 0x5FE, 0x488, 0x448, 0x418 } },
    { 0x50B7, { 0x000, 0x280, 0x2FE, 0x584, 0x4FC, 0xC84, 0x5FE, 0x480, 0x4FE, 0x52A, 0x44A, 0x496 } },
    { 0x50BE, { 0x000, 0x23E, 0x208, 0x53E, 0x562, 0xDBE, 0x522, 0x53E, 0x562, 0x5FE, 0x414, 0x422 } },
    { 0x50C5, { 0x000, 0x244, 0x2FE, 0x444, 0x4FE, 0xC92, 0x492, 0x4FE, 0x410, 0x4FE, 0x410, 0x5FE } },
    { 0x50CF, { 0x000, 0x278, 0x288, 0x5FE, 0x492, 0xCFE, 0x470, 0x59A, 0x46C, 0x59A, 0x46A, 0x598 } },
    { 0x50D5, { 0x000, 0x2AA, 0x26C, 0x4FE, 0x444, 0xCFE, 0x410, 0x4FE, 0x410, 0x4FE, 0x428, 0x4C6 } },
    { 0x50E7, { 0x000, 0x258, 0x284, 0x5FE, 0x512, 0xD56, 0x5FE, 0x484, 0x484, 0x4FC, 0x484, 0x4FC } },
    { 0x50F9, { 0x000, 0x3FE, 0x248, 0x5FE, 0x54A, 0xDFE, 0x484, 0x4FC, 0x484, 0x4FC, 0x448, 0x586 } },
    { 0x5109, { 0x000, 0x210, 0x228, 0x444, 0x5BA, 0xC00, 0x4EE, 0x4AA, 0x4EE, 0x444, 0x444, 0x4AA } },
    { 0x512A, { 0x000, 0x3FE, 0x284, 0x2FC, 0x484, 0x7FE, 0xCAA, 0x544, 0x47E, 0x5C4, 0x438, 0x5C6 } },
    { 0x5143, { 0x000, 0x7FC, 0x000, 0x000, 0x000, 0xFFE, 0x110, 0x110, 0x110, 0x112, 0x212, 0xC1E } },
    { 0x5145, { 0x000, 0x040, 0xFFE, 0x080, 0x110, 0x208, 0x7FC, 0x114, 0x110, 0x110, 0x212, 0xC1E } },
    { 0x5146, { 0x000, 0x120, 0x924, 0x528, 0x330, 0x120, 0x330, 0x528, 0x924, 0x120, 0x222, 0xC3E } },
    { 0x5147, { 0x000, 0x514, 0x4A4, 0x444, 0x4A4, 0x514, 0x404, 0x7FC, 0x110, 0x112, 0x212, 0xC1E } },
    { 0x5148, { 0x000, 0x240, 0x240, 0x3FC, 0x440, 0x040, 0xFFE, 0x110, 0x110, 0x112, 0x212, 0xC1E } },
    { 0x5149, { 0x000, 0x040, 0x444, 0x248, 0x150, 0x040, 0xFFE, 0x110, 0x110, 0x112, 0x212, 0xC1E } },
    { 0x514B, { 0x000, 0x040, 0xFFE, 0x040, 0x7FC, 0x404, 0x404, 0x7FC, 0x110, 0x112, 0x212, 0xC1E } },
    { 0x514D, { 0x000, 0x200, 0x3F0, 0x410, 0xFFC, 0x444, 0x444, 0x7FC, 0x0A0, 0x0A2, 0x122, 0xE3E } },
    { 0x5152, { 0x000, 0x080, 0x73C, 0x404, 0x7BC, 0x404, 0x404, 0x7FC, 0x110, 0x112, 0x212, 0xC1E } },
    { 0x515C, { 0x000, 0x040, 0x5F6, 0x912, 0x9F2, 0x912, 0xDF6, 0x000, 0x110, 0x112, 0x212, 0xC1E } },
    { 0x5165, { 0x000, 0x3C0, 0x040, 0x040, 0x040, 0x0A0, 0x0A0, 0x110, 0x110, 0x208, 0x404, 0x802 } },
    { 0x5167, { 0x000, 0x1C0, 0x040, 0x040, 0xFFE, 0x842, 0x8A2, 0x912, 0xA0A, 0x802, 0x802, 0x80E } },
    { 0x5168, { 0x000, 0x3C0, 0x0A0, 0x318, 0xC06, 0x3F8, 0x040, 0x040, 0x7FC, 0x040, 0x040, 0xFFE } },
    { 0x5169, { 0x000, 0xFFE, 0x040, 0x040, 0xFFE, 0x842, 0xB5A, 0x94A, 0xB5A, 0xCE6, 0x842, 0x846 } },
    { 0x516B, { 0x000, 0x1F0, 0x010, 0x010, 0x110, 0x110, 0x108, 0x208, 0x208, 0x404, 0x404, 0x802 } },
    { 0x516D, { 0x000, 0x040, 0x040, 0x040, 0xFFE, 0x000, 0x000, 0x208, 0x204, 0x404, 0x402, 0x802 } },
    { 0x5171, { 0x000, 0x110, 0x110, 0x7FC, 0x110, 0x110, 0x110, 0xFFE, 0x000, 0x110, 0x208, 0xC06 } },
    { 0x5176, { 0x000, 0x208, 0xFFE, 0x208, 0x3F8, 0x208, 0x3F8, 0x208, 0xFFE, 0x000, 0x208, 0xC06 } },
    { 0x5178, { 0x000, 0x0A0, 0x7FC, 0x4A4, 0x4A4, 0x7FC, 0x4A4, 0x4A4, 0xFFE, 0x000, 0x208, 0xC06 } },
    { 0x518D, { 0x000, 0xFFE, 0x040, 0x7FC, 0x444, 0xFFE, 0x444, 0x444, 0xFFE, 0x404, 0x404, 0x41C } },
    { 0x5195, { 0x000, 0x7FC, 0x404, 0x5F4, 0x404, 0x5F4, 0x210, 0xFFC, 0x444, 0x7FC, 0x122, 0xE3E } },
    { 0x51A0, { 0x000, 0xFFE, 0x802, 0x704, 0x03E, 0x004, 0xFA4, 0x514, 0x504, 0x50C, 0x502, 0x9FE } },
    { 0x51AC, { 0x000, 0x100, 0x1F8, 0x208, 0xD10, 0x0E0, 0x318, 0xCC6, 0x020, 0x00C, 0x070, 0x380 } },
    { 0x51B0, { 0x000, 0x820, 0x420, 0x422, 0x3B4, 0x0B4, 0x0A8, 0x4A8, 0x524, 0x524, 0xA22, 0x860 } },
    { 0x51B7, { 0x000, 0x810, 0x428, 0x444, 0x182, 0x038, 0x000, 0x4FE, 0x422, 0x422, 0x82E, 0x820 } },
    { 0x51CB, { 0x000, 0x8FE, 0x492, 0x4BA, 0x092, 0x0BA, 0x082, 0x4BA, 0x4AA, 0x4BA, 0x882, 0x906 } },
    { 0x51CD, { 0x000, 0x810, 0x5FE, 0x410, 0x0FE, 0x092, 0x0FE, 0x492, 0x4FE, 0x438, 0x854, 0x992 } },
    { 0x51F0, { 0x000, 0x7FC, 0x444, 0x5F4, 0x514, 0x5F4, 0x514, 0x5F4, 0x444, 0x5F4, 0x446, 0xBFA } },
    { 0x51FA, { 0x000, 0x040, 0x444, 0x444, 0x444, 0x7FC, 0x040, 0x040, 0x842, 0x842, 0x842, 0xFFE } },
    { 0x5200, { 0x000, 0x7FE, 0x082, 0x082, 0x082, 0x082, 0x082, 0x082, 0x102, 0x102, 0x202, 0xC1C } },
    { 0x5203, { 0x000, 0x7FE, 0x042, 0x042, 0x242, 0x242, 0x242, 0x482, 0x082, 0x102, 0x202, 0xC1C } },
    { 0x5206, { 0x000, 0x1F0, 0x010, 0x208, 0x208, 0x404, 0xBFA, 0x088, 0x088, 0x108, 0x208, 0xC30 } },
    { 0x5207, { 0x000, 0x4FE, 0x422, 0x422, 0x722, 0xC22, 0x422, 0x522, 0x522, 0x742, 0x042, 0x08C } },
    { 0x5212, { 0x000, 0x282, 0x24A, 0x20A, 0x3EA, 0xE0A, 0x24A, 0x28A, 0x10A, 0x122, 0x2A2, 0xC6E } },
    { 0x521D, { 0x000, 0x2FE, 0x222, 0xF22, 0x122, 0x222, 0x2A2, 0x722, 0xAA2, 0x242, 0x242, 0x28C } },
    { 0x5225, { 0x000, 0xFC2, 0x852, 0x852, 0xFD2, 0x212, 0x3D2, 0x252, 0x252, 0x442, 0x442, 0x98E } },
    { 0x5229, { 0x000, 0x0C2, 0x702, 0x112, 0x112, 0xFD2, 0x112, 0x312, 0x392, 0x542, 0x902, 0x10E } },
    { 0x522A, { 0x000, 0xFE2, 0xAAA, 0xAAA, 0xAAA, 0xAAA, 0xFFA, 0xAAA, 0xAAA, 0xAA2, 0xAA2, 0x86E } },
    { 0x5230, { 0x000, 0xFE2, 0x10A, 0x20A, 0x44A, 0xFAA, 0x10A, 0x10A, 0xFEA, 0x102, 0x1E2, 0xE0E } },
    { 0x5236, { 0x000, 0x502, 0x7EA, 0x90A, 0x10A, 0xFEA, 0x10A, 0xFEA, 0x92A, 0x922, 0x962, 0x10E } },
    { 0x5237, { 0x000, 0x7E2, 0x42A, 0x7EA, 0x48A, 0x48A, 0x7EA, 0x6AA, 0x6AA, 0xAA2, 0xAE2, 0x88E } },
    { 0x523A, { 0x000, 0x102, 0xFEA, 0x10A, 0xFEA, 0x92A, 0x92A, 0x96A, 0x38A, 0x542, 0x922, 0x10E } },
    { 0x523B, { 0x000, 0x102, 0xFEA, 0x20A, 0x44A, 0x88A, 0x50A, 0x22A, 0xC4A, 0x082, 0x342, 0xC2E } },
    { 0x5241, { 0x000, 0x782, 0x48A, 0x48A, 0x48A, 0x8EA, 0x10A, 0x10A, 0xFEA, 0x382, 0x542, 0x92E } },
    { 0x524B, { 0x000, 0x204, 0xFD4, 0x214, 0xF94, 0x894, 0x894, 0xF94, 0x504, 0x51C, 0x502, 0x9FE } },
    { 0x524D, { 0x000, 0x208, 0x110, 0xFFE, 0x000, 0x7D4, 0x454, 0x7D4, 0x454, 0x7D4, 0x444, 0x4CC } },
    { 0x525D, { 0x000, 0x202, 0x3CA, 0x44A, 0x78A, 0x08A, 0xFEA, 0x10A, 0x54A, 0x382, 0x542, 0xB2E } },
    { 0x5269, { 0x000, 0x0C2, 0x70A, 0x10A, 0xFEA, 0x54A, 0xD6A, 0x54A, 0xD6A, 0x382, 0x542, 0x92E } },
    { 0x526F, { 0x000, 0xFE2, 0x00A, 0x7CA, 0x44A, 0x7CA, 0x00A, 0xFEA, 0x92A, 0xFE2, 0x922, 0xFEE } },
    { 0x5272, { 0x000, 0x102, 0xFEA, 0x92A, 0x7CA, 0x10A, 0x7CA, 0x10A, 0xFEA, 0x442, 0x442, 0x7CE } },
    { 0x5275, { 0x000, 0x182, 0x24A, 0xFFA, 0x42A, 0x7EA, 0x42A, 0x7EA, 0x40A, 0x7E2, 0xA22, 0xBEE } },
    { 0x5287, { 0x000, 0x1C2, 0x112, 0xFF2, 0x912, 0xFD2, 0x912, 0xBF2, 0xC92, 0x3A2, 0xCC2, 0x326 } },
    { 0x528D, { 0x000, 0x102, 0x28A, 0x44A, 0xBAA, 0x00A, 0xEEA, 0xAAA, 0xEEA, 0x442, 0x442, 0xAAE } },
    { 0x5291, { 0x000, 0x102, 0xFEA, 0x28A, 0xD6A, 0x54A, 0x92A, 0x44A, 0x7CA, 0x442, 0x7C2, 0x84E } },
    { 0x529B, { 0x000, 0x040, 0x040, 0x7FE, 0x042, 0x042, 0x042, 0x082, 0x082, 0x102, 0x202, 0xC1C } },
    { 0x529F, { 0x000, 0x020, 0xF20, 0x2FE, 0x222, 0x222, 0x222, 0x222, 0x322, 0xC42, 0x042, 0x08C } },
    { 0x52A0, { 0x000, 0x200, 0x21E, 0xFD2, 0x252, 0x252, 0x252, 0x252, 0x252, 0x452, 0x452, 0x99E } },
    { 0x52AB, { 0x000, 0x210, 0x210, 0xFBE, 0x212, 0x212, 0xFD2, 0x212, 0x492, 0x4A2, 0x9A2, 0xE4C } },
    { 0x52C7, { 0x000, 0x7F8, 0x090, 0x7FC, 0x444, 0x7FC, 0x444, 0x444, 0xFFE, 0x082, 0x302, 0xC1C } },
    { 0x52D5, { 0x000, 0x7C8, 0x108, 0xFFE, 0x54A, 0x7CA, 0x54A, 0x7CA, 0x10A, 0x7D2, 0x112, 0xFE6 } },
    { 0x52E2, { 0x000, 0x210, 0xFFC, 0x214, 0xFD4, 0x4A4, 0xF52, 0x242, 0xFFC, 0x084, 0x104, 0x618 } },
    { 0x52F5, { 0x000, 0xFE8, 0xA88, 0xFDE, 0xA8A, 0xFCA, 0xD4A, 0xFCA, 0xD4A, 0xFEA, 0x932, 0xBA6 } },
    { 0x5305, { 0x000, 0x200, 0x3FC, 0x404, 0xBE4, 0x224, 0x224, 0x3E4, 0x21C, 0x200, 0x202, 0x1FE } },
    { 0x5315, { 0x000, 0x400, 0x400, 0x40C, 0x430, 0x4C0, 0x700, 0x400, 0x400, 0x404, 0x404, 0x3FC } },
    { 0x5316, { 0x000, 0x220, 0x220, 0x424, 0x428, 0xC30, 0x460, 0x5A0, 0x420, 0x422, 0x422, 0x41E } },
    { 0x5319, { 0x000, 0xFA0, 0x8A0, 0xFA2, 0x8A4, 0xFB8, 0x020, 0xFA2, 0x222, 0xB9E, 0xE00, 0x9FE } },
    { 0x5320, { 0x000, 0xFFE, 0x800, 0x818, 0x9E0, 0x900, 0x900, 0x9FC, 0x910, 0x910, 0xA10, 0xFFE } },
    { 0x5340, { 0x000, 0xFFE, 0x800, 0x9F8, 0x908, 0x9F8, 0x800, 0xBDE, 0xA52, 0xBDE, 0x800, 0xFFE } },
    { 0x5341, { 0x000, 0x040, 0x040, 0x040, 0x040, 0xFFE, 0x040, 0x040, 0x040, 0x040, 0x040, 0x040 } },
    { 0x5343, { 0x000, 0x03C, 0x7C0, 0x040, 0x040, 0x040, 0xFFE, 0x040, 0x040, 0x040, 0x040, 0x040 } },
    { 0x5347, { 0x000, 0x0C8, 0x708, 0x108, 0x108, 0x108, 0xFFE, 0x108, 0x108, 0x108, 0x208, 0xC08 } },
    { 0x534A, { 0x000, 0x040, 0x248, 0x444, 0x842, 0x7FC, 0x040, 0x040, 0xFFE, 0x040, 0x040, 0x040 } },
    { 0x5361, { 0x000, 0x040, 0x040, 0x07C, 0x040, 0x040, 0xFFE, 0x040, 0x050, 0x048, 0x044, 0x040 } },
    { 0x5370, { 0x000, 0x180, 0x63E, 0x422, 0x422, 0x7A2, 0x422, 0x422, 0x422, 0xFAE, 0x020, 0x020 } },
    { 0x5373, { 0x000, 0xFBE, 0x8A2, 0x8A2, 0xFA2, 0x8A2, 0x8A2, 0xFA2, 0x922, 0x922, 0xAAE, 0xCA0 } },
    { 0x537B, { 0x000, 0x29E, 0x452, 0x932, 0x292, 0x452, 0x832, 0x7D2, 0x452, 0x456, 0x450, 0x7D0 } },
    { 0x5384, { 0x000, 0x7FE, 0x400, 0x400, 0x4FC, 0x484, 0x484, 0x49C, 0x480, 0x482, 0x482, 0x87E } },
    { 0x539A, { 0x000, 0x7FE, 0x504, 0x5FC, 0x504, 0x5FC, 0x400, 0x5FC, 0x408, 0x7FE, 0x410, 0x870 } },
    { 0x539F, { 0x000, 0x7FE, 0x420, 0x5FC, 0x504, 0x5FC, 0x504, 0x5FC, 0x420, 0x524, 0x522, 0xA62 } },
    { 0x53BB, { 0x000, 0x040, 0x040, 0x7FC, 0x040, 0x040, 0xFFE, 0x080, 0x108, 0x108, 0x234, 0x7C4 } },
    { 0x53C3, { 0x000, 0x100, 0x208, 0x7F4, 0x208, 0x492, 0xFBE, 0x110, 0x268, 0xD86, 0x030, 0x7C0 } },
    { 0x53C8, { 0x000, 0x7FC, 0x404, 0x404, 0x208, 0x208, 0x110, 0x0A0, 0x040, 0x0A0, 0x318, 0xC06 } },
    { 0x53D6, { 0x000, 0xFC0, 0x4BE, 0x7A2, 0x4A2, 0x4A2, 0x7A2, 0x494, 0x494, 0x588, 0xE94, 0x0A2 } },
    { 0x53D7, { 0x000, 0x03C, 0x7C0, 0x488, 0x844, 0xFFE, 0x802, 0xBFA, 0x208, 0x110, 0x0E0, 0xF1E } },
    { 0x53E2, { 0x000, 0x4A4, 0xFFE, 0x110, 0x7FC, 0x040, 0xFFE, 0x480, 0x7BC, 0x4A4, 0xF98, 0x0E6 } },
    { 0x53E3, { 0x000, 0x000, 0x7FC, 0x404, 0x404, 0x404, 0x404, 0x404, 0x404, 0x404, 0x7FC, 0x000 } },
    { 0x53E4, { 0x000, 0x040, 0x040, 0xFFE, 0x040, 0x040, 0x040, 0x7FC, 0x404, 0x404, 0x404, 0x7FC } },
    { 0x53E6, { 0x000, 0x7FC, 0x404, 0x404, 0x7FC, 0x080, 0xFFE, 0x082, 0x082, 0x102, 0x202, 0xC1C } },
    { 0x53EA, { 0x000, 0x7FC, 0x404, 0x404, 0x404, 0x404, 0x7FC, 0x000, 0x000, 0x208, 0x404, 0x802 } },
    { 0x53EB, { 0x000, 0x004, 0xF24, 0x924, 0x924, 0x924, 0x924, 0x924, 0x92E, 0xF74, 0x004, 0x004 } },
    { 0x53EC, { 0x000, 0xFFE, 0x042, 0x082, 0x302, 0xC1C, 0x000, 0x7FC, 0x404, 0x404, 0x404, 0x7FC } },
    { 0x53EF, { 0x000, 0xFFE, 0x004, 0x004, 0x3E4, 0x224, 0x224, 0x224, 0x3E4, 0x004, 0x004, 0x01C } },
    { 0x53F0, { 0x000, 0x080, 0x080, 0x108, 0x204, 0xFFA, 0x002, 0x7FC, 0x404, 0x404, 0x404, 0x7FC } },
    { 0x53F3, { 0x000, 0x080, 0x080, 0xFFE, 0x100, 0x100, 0x200, 0x3FC, 0x604, 0xA04, 0x204, 0x3FC } },
    { 0x53F8, { 0x000, 0xFFE, 0x002, 0xFFA, 0x002, 0x7F2, 0x412, 0x412, 0x412, 0x7F2, 0x002, 0x00E } },
    { 0x5404, { 0x000, 0x100, 0x1F8, 0x208, 0x510, 0x0E0, 0x318, 0xC06, 0x3F8, 0x208, 0x208, 0x3F8 } },
    { 0x5408, { 0x000, 0x040, 0x0A0, 0x318, 0xC06, 0x3F8, 0x000, 0x7FC, 0x404, 0x404, 0x404, 0x7FC } },
    { 0x540A, { 0x000, 0x7FC, 0x404, 0x404, 0x7FC, 0x040, 0xFFE, 0x842, 0x842, 0x842, 0x846, 0x040 } },
    { 0x540C, { 0x000, 0xFFE, 0x802, 0xBFA, 0x802, 0x9F2, 0x912, 0x912, 0x912, 0x9F2, 0x802, 0x80E } },
    { 0x540D, { 0x000, 0x080, 0x0FC, 0x104, 0x688, 0x050, 0x020, 0x1FE, 0xF02, 0x102, 0x102, 0x1FE } },
    { 0x5411, { 0x000, 0x080, 0x100, 0xFFE, 0x802, 0x9F2, 0x912, 0x912, 0x912, 0x9F2, 0x802, 0x80E } },
    { 0x541B, { 0x000, 0x7FC, 0x044, 0xFFE, 0x084, 0x7FC, 0x100, 0x200, 0x7FC, 0xA04, 0x204, 0x3FC } },
    { 0x541E, { 0x000, 0x7FC, 0x040, 0x040, 0xFFE, 0x110, 0x208, 0x7FC, 0xA0A, 0x208, 0x208, 0x3F8 } },
    { 0x5426, { 0x000, 0xFFE, 0x020, 0x0C0, 0x358, 0xC46, 0x040, 0x000, 0x7FC, 0x404, 0x404, 0x7FC } },
    { 0x5427, { 0x000, 0x0FE, 0xE92, 0xA92, 0xA92, 0xA92, 0xAFE, 0xA80, 0xA80, 0xE82, 0x082, 0x07E } },
    { 0x5438, { 0x000, 0x0FC, 0xE44, 0xA44, 0xA48, 0xA7E, 0xA42, 0xA62, 0xA54, 0xE88, 0x094, 0x162 } },
    { 0x543C, { 0x000, 0x1E8, 0xE28, 0xA48, 0xA48, 0xA48, 0xA68, 0xBC8, 0xA48, 0xE4A, 0x04A, 0x1CE } },
    { 0x5440, { 0x000, 0x0FE, 0xE44, 0xA44, 0xA84, 0xAFE, 0xA14, 0xA14, 0xA24, 0xE44, 0x184, 0x00C } },
    { 0x544A, { 0x000, 0x440, 0x7FC, 0x840, 0x040, 0xFFE, 0x000, 0x7FC, 0x404, 0x404, 0x404, 0x7FC } },
    { 0x5468, { 0x000, 0x3FE, 0x222, 0x2FA, 0x222, 0x2FA, 0x202, 0x2FA, 0x28A, 0x4FA, 0x402, 0x80E } },
    { 0x5473, { 0x000, 0x010, 0xE10, 0xAFC, 0xA10, 0xA10, 0xBFE, 0xA10, 0xA38, 0xE54, 0x192, 0x010 } },
    { 0x547C, { 0x000, 0x00E, 0xEF0, 0xA10, 0xA92, 0xA54, 0xA10, 0xAFE, 0xA10, 0xE10, 0x010, 0x070 } },
    { 0x547D, { 0x000, 0x040, 0x0A0, 0x318, 0xDF6, 0x000, 0x7BC, 0x4A4, 0x4A4, 0x4A4, 0x7AC, 0x020 } },
    { 0x548C, { 0x000, 0x0C0, 0x71E, 0x112, 0x112, 0xFD2, 0x112, 0x312, 0x592, 0x952, 0x11E, 0x100 } },
    { 0x5492, { 0x000, 0x7BC, 0x4A4, 0x4A4, 0x7BC, 0x000, 0x1F0, 0x110, 0x110, 0x112, 0x212, 0xC1E } },
    { 0x54AC, { 0x000, 0x010, 0xEFE, 0xA00, 0xA44, 0xA82, 0xB44, 0xA44, 0xA28, 0xE10, 0x028, 0x0C6 } },
    { 0x54C1, { 0x000, 0x3F8, 0x208, 0x208, 0x208, 0x3F8, 0x000, 0xFBE, 0x8A2, 0x8A2, 0x8A2, 0xFBE } },
    { 0x54E1, { 0x000, 0x3F8, 0x208, 0x3F8, 0x000, 0x7FC, 0x404, 0x7FC, 0x404, 0x7FC, 0x208, 0xC06 } },
    { 0x54E5, { 0x000, 0xFFE, 0x224, 0x224, 0x3E4, 0x004, 0xFFE, 0x224, 0x224, 0x3E4, 0x004, 0x01C } },
    { 0x54EA, { 0x000, 0x1EE, 0xEAA, 0xAAA, 0xBFA, 0xAAC, 0xAAA, 0xBFA, 0xAAA, 0xEAE, 0x128, 0x268 } },
    { 0x552F, { 0x000, 0x044, 0xE48, 0xAFE, 0xB88, 0xAFE, 0xA88, 0xA88, 0xAFE, 0xE88, 0x088, 0x0FE } },
    { 0x5531, { 0x000, 0x07C, 0xE44, 0xA7C, 0xA44, 0xA7C, 0xA00, 0xAFE, 0xA82, 0xEFE, 0x082, 0x0FE } },
    { 0x5546, { 0x000, 0x040, 0xFFE, 0x208, 0x110, 0xFFE, 0x912, 0xA1E, 0xDF2, 0x912, 0x9F2, 0x806 } },
    { 0x554A, { 0x000, 0x0EE, 0xEA2, 0xAA2, 0xAAE, 0xACA, 0xAAA, 0xAAA, 0xAAE, 0xEE2, 0x082, 0x086 } },
    { 0x554F, { 0x000, 0xFBE, 0x8A2, 0xFBE, 0x8A2, 0xFBE, 0x802, 0x9F2, 0x912, 0x912, 0x9F2, 0x806 } },
    { 0x555E, { 0x000, 0x0FE, 0xE28, 0xA28, 0xAEE, 0xA82, 0xA82, 0xA82, 0xAEE, 0xE28, 0x028, 0x0FE } },
    { 0x555F, { 0x000, 0x190, 0x610, 0x41E, 0x7E4, 0x454, 0x7D4, 0x414, 0x7C8, 0x648, 0xA54, 0xBE2 } },
    { 0x559A, { 0x000, 0x07C, 0xE88, 0xBFE, 0xAAA, 0xAAA, 0xACE, 0xA92, 0xBFE, 0xA28, 0xE44, 0x182 } },
    { 0x55AE, { 0x000, 0x7BC, 0x4A4, 0x7FC, 0x444, 0x7FC, 0x444, 0x7FC, 0x040, 0xFFE, 0x040, 0x040 } },
    { 0x55DC, { 0x000, 0x020, 0xEFA, 0xA24, 0xBFE, 0xAC8, 0xB52, 0xAFE, 0xA84, 0xEFC, 0x084, 0x0FC } },
    { 0x55E1, { 0x000, 0x0BC, 0xE84, 0xB22, 0xA4A, 0xAF8, 0xA00, 0xBFE, 0xAAA, 0xE66, 0x0AA, 0x176 } },
    { 0x55E3, { 0x000, 0xFBE, 0x882, 0xFBA, 0x002, 0xFBA, 0xAAA, 0xAAA, 0xFAA, 0xABA, 0xA82, 0xA8E } },
    { 0x5606, { 0x000, 0x028, 0xEFE, 0xA28, 0xAFE, 0xA92, 0xAFE, 0xA10, 0xAFE, 0xE28, 0x044, 0x082 } },
    { 0x560E, { 0x000, 0x1FE, 0xE20, 0xAFC, 0xA84, 0xAFC, 0xA84, 0xA84, 0xBFE, 0xA88, 0xE72, 0x18E } },
    { 0x5636, { 0x000, 0x0A2, 0xFFC, 0xAA8, 0xAE8, 0xAAE, 0xAEA, 0xAAA, 0xBFA, 0xE0A, 0x0AA, 0x112 } },
    { 0x5668, { 0x000, 0x7BC, 0x4A4, 0x4A4, 0x7BC, 0x050, 0xFFE, 0x208, 0xFBE, 0x4A4, 0x4A4, 0x7BC } },
    { 0x566C, { 0x000, 0x088, 0xEEE, 0xB54, 0xA00, 0xAFE, 0xA10, 0xA54, 0xA54, 0xEBA, 0x010, 0x0FE } },
    { 0x5674, { 0x000, 0x010, 0xEFE, 0xA54, 0xAFE, 0xA44, 0xAFE, 0xA82, 0xAFE, 0xE82, 0x0FE, 0x182 } },
    { 0x568E, { 0x000, 0x010, 0xEFE, 0xA44, 0xA7C, 0xA00, 0xAFE, 0xA92, 0xA28, 0xEDA, 0x02C, 0x0DA } },
    { 0x56DB, { 0x000, 0xFFE, 0x912, 0x912, 0x912, 0x912, 0x912, 0xA1E, 0xC02, 0x802, 0x802, 0xFFE } },
    { 0x56DE, { 0x000, 0xFFE, 0x802, 0x802, 0x9F2, 0x912, 0x912, 0x912, 0x9F2, 0x802, 0x802, 0xFFE } },
    { 0x56E0, { 0x000, 0xFFE, 0x802, 0x842, 0x842, 0xBFA, 0x842, 0x8A2, 0x912, 0xA0A, 0x802, 0xFFE } },
    { 0x56E4, { 0x000, 0xFFE, 0x85A, 0xBE2, 0x842, 0xA4A, 0xA4A, 0xBFA, 0x842, 0x84A, 0x83A, 0xFFE } },
    { 0x56F0, { 0x000, 0xFFE, 0x802, 0x842, 0x842, 0xBFA, 0x8E2, 0x952, 0xA4A, 0x842, 0x802, 0xFFE } },
    { 0x56FA, { 0x000, 0xFFE, 0x842, 0x842, 0xBFA, 0x842, 0x9F2, 0x912, 0x912, 0x9F2, 0x802, 0xFFE } },
    { 0x570B, { 0x000, 0xFFE, 0x82A, 0xFFE, 0x822, 0xBAA, 0xAAA, 0xB92, 0x812, 0x9AA, 0xE46, 0xFFE } },
    { 0x570D, { 0x000, 0xFFE, 0x842, 0x9F2, 0x892, 0xBFA, 0x912, 0xBFA, 0x922, 0x9FA, 0x822, 0xFFE } },
    { 0x5712, { 0x000, 0xFFE, 0x842, 0x9F2, 0x842, 0xBFA, 0x912, 0x9F2, 0x8AA, 0xB52, 0x98A, 0xFFE } },
    { 0x5716, { 0x000, 0xFFE, 0x912, 0x9F2, 0x842, 0xFFE, 0xA0A, 0xAEA, 0xAAA, 0xBFA, 0x802, 0xFFE } },
    { 0x5718, { 0x000, 0xFFE, 0x842, 0xBFA, 0x952, 0x9F2, 0x952, 0x9F2, 0x852, 0xBFA, 0x922, 0xFFE } },
    { 0x571F, { 0x000, 0x040, 0x040, 0x040, 0x040, 0x7FC, 0x040, 0x040, 0x040, 0x040, 0x040, 0xFFE } },
    { 0x5728, { 0x000, 0x080, 0x080, 0xFFE, 0x100, 0x110, 0x210, 0x6FE, 0xA10, 0x210, 0x210, 0x2FE } },
    { 0x5730, { 0x000, 0x410, 0x490, 0x496, 0xEBA, 0x5D2, 0x492, 0x496, 0x690, 0xC82, 0x082, 0x07E } },
    { 0x5750, { 0x000, 0x040, 0x248, 0x248, 0x248, 0x554, 0x8E2, 0x040, 0x7FC, 0x040, 0x040, 0xFFE } },
    { 0x5751, { 0x000, 0x410, 0x410, 0x5FE, 0xE00, 0x478, 0x448, 0x448, 0x648, 0xC4A, 0x08A, 0x10E } },
    { 0x5766, { 0x000, 0x4FC, 0x484, 0x484, 0xE84, 0x4FC, 0x484, 0x484, 0x684, 0xCFC, 0x000, 0x1FE } },
    { 0x578B, { 0x000, 0xFE2, 0x24A, 0x24A, 0xFEA, 0x24A, 0x442, 0x806, 0x040, 0x7FC, 0x040, 0xFFE } },
    { 0x57CB, { 0x000, 0x4FE, 0x492, 0x492, 0xEFE, 0x492, 0x492, 0x4FE, 0x610, 0xCFE, 0x010, 0x1FE } },
    { 0x57CE, { 0x000, 0x40A, 0x40A, 0x4FE, 0xE88, 0x4EA, 0x4AA, 0x4AA, 0x6A4, 0xCE4, 0x08A, 0x132 } },
    { 0x57DF, { 0x000, 0x40A, 0x40A, 0x5FE, 0xE08, 0x4EA, 0x4AA, 0x4AA, 0x6E4, 0xC04, 0x06A, 0x192 } },
    { 0x57F7, { 0x000, 0x210, 0xF90, 0x27C, 0xF94, 0x554, 0x534, 0xF94, 0x22C, 0xFA4, 0x242, 0x242 } },
    { 0x57FA, { 0x000, 0x208, 0xFFE, 0x208, 0x3F8, 0x208, 0xFFE, 0x208, 0x444, 0xBFA, 0x040, 0x7FC } },
    { 0x5802, { 0x000, 0x248, 0x444, 0xFFE, 0x802, 0xBFA, 0x208, 0x3F8, 0x040, 0x7FC, 0x040, 0xFFE } },
    { 0x5805, { 0x000, 0xFBE, 0xA02, 0xF92, 0x894, 0xF88, 0xA18, 0xFE6, 0x040, 0x3F8, 0x040, 0xFFE } },
    { 0x5806, { 0x000, 0x444, 0x448, 0x4FE, 0xE88, 0x5FE, 0x488, 0x488, 0x6FE, 0xC88, 0x088, 0x0FE } },
    { 0x5831, { 0x000, 0x23E, 0xFA2, 0x222, 0xFAE, 0x520, 0x53E, 0xFF2, 0x22A, 0xFA4, 0x22A, 0x232 } },
    { 0x584A, { 0x000, 0x440, 0x4FC, 0x4A4, 0xEFC, 0x4A4, 0x4FC, 0x428, 0x654, 0xC5C, 0x092, 0x11E } },
    { 0x584C, { 0x000, 0x4FC, 0x484, 0x4FC, 0xE84, 0x4FC, 0x400, 0x5EE, 0x6A6, 0xD2A, 0x066, 0x0AA } },
    { 0x5857, { 0x000, 0x47C, 0x282, 0x87C, 0x410, 0x1FE, 0x450, 0x894, 0x042, 0x3F8, 0x040, 0xFFE } },
    { 0x585E, { 0x000, 0x040, 0xFFE, 0x912, 0x7FC, 0x110, 0xFFE, 0x208, 0x444, 0xBFA, 0x040, 0xFFE } },
    { 0x5875, { 0x000, 0x020, 0x7FE, 0x492, 0x7FE, 0x510, 0x5DC, 0x512, 0x7AE, 0x870, 0x820, 0x3FE } },
    { 0x5883, { 0x000, 0x410, 0x4FC, 0x448, 0xFFE, 0x484, 0x4FC, 0x484, 0x6FC, 0xC48, 0x08A, 0x30E } },
    { 0x5893, { 0x000, 0x110, 0xFBE, 0x110, 0x7FC, 0x404, 0xFFE, 0x110, 0x248, 0xDF6, 0x040, 0x7FC } },
    { 0x589C, { 0x000, 0xE48, 0xAFE, 0xC28, 0xADA, 0xA2C, 0xDCA, 0x832, 0x040, 0x3F8, 0x040, 0xFFE } },
    { 0x589E, { 0x000, 0x458, 0x484, 0x5FE, 0xF12, 0x556, 0x5FE, 0x484, 0x684, 0xCFC, 0x084, 0x0FC } },
    { 0x58A8, { 0x000, 0x7FC, 0x444, 0x554, 0x444, 0x7FC, 0x040, 0xFFE, 0x554, 0x3F8, 0x040, 0xFFE } },
    { 0x58C1, { 0x000, 0x788, 0x4BE, 0x794, 0x47E, 0x788, 0xABE, 0x388, 0x040, 0x7FC, 0x040, 0xFFE } },
    { 0x58D3, { 0x000, 0xFFE, 0xA48, 0xBCA, 0x83E, 0xBC8, 0xA58, 0xBE4, 0xA42, 0xBFC, 0x020, 0xFFE } },
    { 0x58D8, { 0x000, 0x3F8, 0x248, 0xFFE, 0xA4A, 0xFFE, 0xAAA, 0xFBE, 0x040, 0x7FC, 0x040, 0xFFE } },
    { 0x58DE, { 0x000, 0x410, 0x5FE, 0x4AA, 0xEAA, 0x4FE, 0x410, 0x4D6, 0x428, 0x5CA, 0xE44, 0x0F2 } },
    { 0x58EB, { 0x000, 0x040, 0x040, 0x040, 0x040, 0xFFE, 0x040, 0x040, 0x040, 0x040, 0x040, 0x7FC } },
    { 0x58FD, { 0x000, 0x040, 0xFFE, 0x040, 0xFFE, 0x002, 0x7FC, 0x040, 0xFFE, 0x4A4, 0x794, 0x00C } },
    { 0x5916, { 0x000, 0x210, 0x210, 0x390, 0x490, 0x498, 0xA94, 0x112, 0x110, 0x210, 0x410, 0x810 } },
    { 0x591A, { 0x000, 0x040, 0x0F8, 0x708, 0x090, 0x068, 0x19E, 0xE22, 0x1C2, 0x024, 0x018, 0x3E0 } },
    { 0x591C, { 0x000, 0x040, 0xFFE, 0x220, 0x23C, 0x444, 0x494, 0xD48, 0x428, 0x410, 0x468, 0x586 } },
    { 0x5920, { 0x000, 0x420, 0x7BE, 0x8A2, 0x542, 0x23A, 0xC2A, 0x7AA, 0x8AA, 0x53A, 0x202, 0xC0C } },
    { 0x5927, { 0x000, 0x040, 0x040, 0x040, 0xFFE, 0x040, 0x0A0, 0x0A0, 0x110, 0x110, 0x208, 0xC06 } },
    { 0x5929, { 0x000, 0x7FC, 0x040, 0x040, 0x040, 0xFFE, 0x040, 0x0A0, 0x0A0, 0x110, 0x208, 0xC06 } },
    { 0x592A, { 0x000, 0x040, 0x040, 0x040, 0xFFE, 0x040, 0x0A0, 0x0A0, 0x110, 0x110, 0x288, 0xC46 } },
    { 0x592B, { 0x000, 0x040, 0x040, 0x7FC, 0x040, 0x040, 0xFFE, 0x040, 0x0A0, 0x110, 0x208, 0xC06 } },
    { 0x5931, { 0x000, 0x240, 0x240, 0x3FC, 0x440, 0x840, 0x040, 0xFFE, 0x0A0, 0x110, 0x208, 0xC06 } },
    { 0x5947, { 0x000, 0x040, 0xFFE, 0x0A0, 0x110, 0x208, 0xFFE, 0x004, 0x3E4, 0x224, 0x3E4, 0x01C } },
    { 0x5951, { 0x000, 0x23E, 0xF92, 0x212, 0xF92, 0x222, 0xFA6, 0x040, 0xFFE, 0x0A0, 0x318, 0xC06 } },
    { 0x5954, { 0x000, 0x080, 0xFFE, 0x110, 0x208, 0xC46, 0x3F8, 0x040, 0x208, 0xFFE, 0x208, 0xC08 } },
    { 0x5957, { 0x000, 0x080, 0xFFE, 0x208, 0x7FC, 0xA02, 0x3F8, 0x200, 0xFFE, 0x100, 0x208, 0x7F4 } },
    { 0x5967, { 0x000, 0x080, 0x7FC, 0x554, 0x4E4, 0x7FC, 0x554, 0x64C, 0xFFE, 0x0A0, 0x318, 0xC06 } },
    { 0x596A, { 0x000, 0x080, 0xFFE, 0x208, 0xD26, 0x3FC, 0x620, 0xBFC, 0x220, 0xFFE, 0x208, 0x138 } },
    { 0x5973, { 0x000, 0x080, 0x080, 0x080, 0xFFE, 0x108, 0x108, 0x210, 0x190, 0x060, 0x198, 0xE06 } },
    { 0x5979, { 0x000, 0x210, 0x250, 0xF56, 0x57A, 0x5D2, 0x552, 0x956, 0x550, 0x242, 0x542, 0x83E } },
    { 0x597D, { 0x000, 0x27C, 0x204, 0xF08, 0x510, 0x510, 0x5FE, 0x910, 0x510, 0x210, 0x510, 0x870 } },
    { 0x5982, { 0x000, 0x200, 0x23E, 0xFA2, 0x4A2, 0x4A2, 0x8A2, 0x922, 0x522, 0x222, 0x53E, 0x880 } },
    { 0x59CB, { 0x000, 0x210, 0x210, 0xF24, 0x544, 0x5FA, 0x500, 0x97E, 0x542, 0x242, 0x542, 0x87E } },
    { 0x59FF, { 0x000, 0x040, 0xE7E, 0x092, 0x228, 0xC46, 0x080, 0xFFE, 0x108, 0x310, 0x1F0, 0xE0E } },
    { 0x5A01, { 0x000, 0x014, 0x012, 0x7FE, 0x410, 0x7F2, 0x492, 0x7D4, 0x548, 0x54A, 0x496, 0xB62 } },
    { 0x5A5A, { 0x000, 0x27E, 0x248, 0xF7E, 0x544, 0x5F2, 0x500, 0x97E, 0x542, 0x27E, 0x542, 0x87E } },
    { 0x5A6A, { 0x000, 0x208, 0xFBE, 0x208, 0x71C, 0xAAA, 0x208, 0x080, 0xFFE, 0x108, 0x1F0, 0xE0E } },
    { 0x5AC1, { 0x000, 0x210, 0x2FE, 0xF82, 0x57C, 0x510, 0x52A, 0x9DC, 0x528, 0x2DC, 0x52A, 0x8D8 } },
    { 0x5B40, { 0x000, 0x2FE, 0x210, 0xFFE, 0x592, 0x554, 0x500, 0x92E, 0x5FA, 0x22E, 0x57A, 0x8AE } },
    { 0x5B50, { 0x000, 0x7F8, 0x008, 0x010, 0x020, 0x040, 0xFFE, 0x040, 0x040, 0x040, 0x040, 0x1C0 } },
    { 0x5B54, { 0x000, 0xFA0, 0x0A0, 0x120, 0x220, 0x220, 0x3A0, 0xE20, 0x220, 0x222, 0x222, 0xE1E } },
    { 0x5B57, { 0x000, 0x040, 0xFFE, 0x802, 0xBFA, 0x010, 0x020, 0x040, 0xFFE, 0x040, 0x040, 0x1C0 } },
    { 0x5B58, { 0x000, 0x080, 0xFFE, 0x100, 0x27C, 0x208, 0x610, 0xA10, 0x2FE, 0x210, 0x210, 0x230 } },
    { 0x5B69, { 0x000, 0xE10, 0x2FE, 0x420, 0x444, 0x488, 0x650, 0xC22, 0x4C4, 0x408, 0x434, 0xCC2 } },
    { 0x5B78, { 0x000, 0x2AC, 0x444, 0x6AC, 0x444, 0xFFE, 0x802, 0x3F8, 0x010, 0xFFE, 0x040, 0x1C0 } },
    { 0x5B83, { 0x000, 0x040, 0xFFE, 0x802, 0xA02, 0x208, 0x230, 0x3C0, 0x200, 0x202, 0x202, 0x1FE } },
    { 0x5B88, { 0x000, 0x040, 0xFFE, 0x802, 0x812, 0x010, 0xFFE, 0x010, 0x210, 0x110, 0x010, 0x070 } },
    { 0x5B89, { 0x000, 0x040, 0xFFE, 0x802, 0x080, 0x080, 0xFFE, 0x108, 0x208, 0x110, 0x0E0, 0xF1E } },
    { 0x5B8C, { 0x000, 0x040, 0xFFE, 0x802, 0xBFA, 0x000, 0x000, 0xFFE, 0x110, 0x110, 0x212, 0xC1E } },
    { 0x5B98, { 0x000, 0x040, 0xFFE, 0x802, 0xBFA, 0x208, 0x3F8, 0x200, 0x3FC, 0x204, 0x204, 0x3FC } },
    { 0x5B9A, { 0x000, 0x040, 0xFFE, 0x802, 0x000, 0x7FC, 0x040, 0x240, 0x27C, 0x240, 0x5C0, 0x83E } },
    { 0x5BA4, { 0x000, 0x040, 0xFFE, 0x802, 0xBFA, 0x080, 0x108, 0x7F4, 0x040, 0x7FC, 0x040, 0xFFE } },
    { 0x5BAE, { 0x000, 0x040, 0xFFE, 0x802, 0xBFA, 0x208, 0x3F8, 0x040, 0x7FC, 0x404, 0x404, 0x7FC } },
    { 0x5BB3, { 0x000, 0x040, 0xFFE, 0x842, 0xBFA, 0x040, 0x7FC, 0x040, 0xFFE, 0x404, 0x404, 0x7FC } },
    { 0x5BB6, { 0x000, 0x040, 0xFFE, 0x802, 0xBFA, 0x0C0, 0x324, 0xCE8, 0x330, 0xCE8, 0x326, 0xCC0 } },
    { 0x5BB9, { 0x000, 0x040, 0xFFE, 0x912, 0x64C, 0x0A0, 0x318, 0xC06, 0x3F8, 0x208, 0x208, 0x3F8 } },
    { 0x5BC2, { 0x000, 0x040, 0xFFE, 0x802, 0x200, 0x3BC, 0x224, 0xFA4, 0x228, 0xB10, 0xAA8, 0x646 } },
    { 0x5BC4, { 0x000, 0x040, 0xFFE, 0x842, 0x7FC, 0x110, 0xFFE, 0x004, 0x3F4, 0x214, 0x3F4, 0x00C } },
    { 0x5BC6, { 0x000, 0x040, 0xFFE, 0x892, 0x524, 0x9C2, 0x308, 0xDF8, 0x000, 0x444, 0x444, 0x7FC } },
    { 0x5BCC, { 0x000, 0x040, 0xFFE, 0x802, 0xBFA, 0x110, 0x110, 0x7FC, 0x444, 0x7FC, 0x444, 0x7FC } },
    { 0x5BD2, { 0x000, 0x040, 0xFFE, 0x912, 0x7FC, 0x110, 0xFFE, 0x110, 0x2E8, 0xC06, 0x030, 0x1C0 } },
    { 0x5BE6, { 0x000, 0x040, 0xFFE, 0xA4A, 0x7FC, 0x248, 0x7FC, 0x404, 0x7FC, 0x404, 0x7FC, 0xC06 } },
    { 0x5BEB, { 0x000, 0x040, 0xFFE, 0x882, 0xB3A, 0x208, 0x3B8, 0x208, 0x7FE, 0x802, 0x2AA, 0x4AC } },
    { 0x5BF6, { 0x000, 0x040, 0xFFE, 0x812, 0x79C, 0x128, 0x79E, 0x12A, 0xFFE, 0x208, 0x3F8, 0xE0E } },
    { 0x5C01, { 0x000, 0x204, 0xF84, 0x27E, 0x204, 0xF84, 0x024, 0x214, 0xF94, 0x204, 0x384, 0xC1C } },
    { 0x5C04, { 0x000, 0x204, 0x784, 0x4BE, 0x784, 0x484, 0x7A4, 0x494, 0xF94, 0x284, 0x484, 0x99C } },
    { 0x5C07, { 0x000, 0x50E, 0x572, 0x554, 0x728, 0x170, 0x104, 0xF7E, 0x504, 0x544, 0x524, 0x90C } },
    { 0x5C08, { 0x000, 0x040, 0xFFE, 0x444, 0x7FC, 0x444, 0x7FC, 0x044, 0xFFE, 0x208, 0x108, 0x038 } },
    { 0x5C0B, { 0x000, 0x7FC, 0x004, 0xFFE, 0x004, 0xFFE, 0x222, 0xFBE, 0x008, 0xFFE, 0x208, 0x138 } },
    { 0x5C0D, { 0x000, 0xAA4, 0x6C4, 0x29E, 0xFE4, 0x284, 0xFD4, 0x10C, 0x7C4, 0x104, 0x1C4, 0xE0C } },
    { 0x5C0E, { 0x000, 0x888, 0x5FE, 0x820, 0x5FC, 0x104, 0xDFC, 0x504, 0xFFE, 0x208, 0x108, 0x038 } },
    { 0x5C0F, { 0x000, 0x040, 0x040, 0x040, 0x248, 0x244, 0x444, 0x442, 0x842, 0x040, 0x040, 0x1C0 } },
    { 0x5C11, { 0x000, 0x040, 0x040, 0x248, 0x244, 0x442, 0x842, 0x1C8, 0x010, 0x060, 0x180, 0xE00 } },
    { 0x5C16, { 0x000, 0x040, 0x248, 0x444, 0x842, 0x1C0, 0x000, 0x040, 0xFFE, 0x0A0, 0x318, 0xC06 } },
    { 0x5C1A, { 0x000, 0x444, 0x248, 0x040, 0xFFE, 0x802, 0x9F2, 0x912, 0x912, 0x9F2, 0x802, 0x80E } },
    { 0x5C31, { 0x000, 0x214, 0xF92, 0x010, 0xFFE, 0x890, 0x8A8, 0xFA8, 0x228, 0xAAA, 0xAAA, 0x64E } },
    { 0x5C3E, { 0x000, 0x7FE, 0x402, 0x7FE, 0x418, 0x5E0, 0x43C, 0x5E0, 0x43E, 0x5E0, 0x422, 0x83E } },
    { 0x5C40, { 0x000, 0x7FC, 0x404, 0x7FC, 0x400, 0x7FE, 0x402, 0x5F2, 0x512, 0x512, 0x5F2, 0x80C } },
    { 0x5C45, { 0x000, 0x7FC, 0x404, 0x404, 0x7FC, 0x420, 0x7FE, 0x420, 0x5FC, 0x504, 0x504, 0x9FC } },
    { 0x5C48, { 0x000, 0x7FE, 0x402, 0x7FE, 0x410, 0x512, 0x512, 0x5FE, 0x410, 0x512, 0x512, 0x9FE } },
    { 0x5C4D, { 0x000, 0x7FE, 0x402, 0x7FE, 0x400, 0x7FE, 0x510, 0x5D2, 0x65C, 0x550, 0x492, 0xB0E } },
    { 0x5C4F, { 0x000, 0x7FE, 0x402, 0x7FE, 0x424, 0x448, 0x5FE, 0x448, 0x448, 0x5FE, 0x448, 0x988 } },
    { 0x5C60, { 0x000, 0x7FE, 0x402, 0x7FE, 0x442, 0x5F4, 0x448, 0x7FE, 0x484, 0x5FC, 0x684, 0x8FC } },
    { 0x5C64, { 0x000, 0x7FE, 0x402, 0x7FE, 0x512, 0x55A, 0x512, 0x5FE, 0x484, 0x8FC, 0x884, 0x0FC } },
    { 0x5C6C, { 0x000, 0x7FE, 0x402, 0x7FE, 0x4A8, 0x5FC, 0x554, 0x5FE, 0x752, 0x5F2, 0x44A, 0xBF6 } },
    { 0x5C71, { 0x000, 0x040, 0x040, 0x040, 0x842, 0x842, 0x842, 0x842, 0x842, 0x842, 0x842, 0xFFE } },
    { 0x5CA9, { 0x000, 0x444, 0x444, 0x7FC, 0x000, 0xFFE, 0x080, 0x100, 0x3FC, 0x604, 0xA04, 0x3FC } },
    { 0x5CB8, { 0x000, 0x444, 0x7FC, 0x000, 0x7FE, 0x400, 0x5FC, 0x420, 0x420, 0x7FE, 0x420, 0x820 } },
    { 0x5CF0, { 0x000, 0x210, 0x21E, 0xAA2, 0xA9C, 0xAEA, 0xABC, 0xA88, 0xABE, 0xF88, 0x07E, 0x008 } },
    { 0x5D29, { 0x000, 0x040, 0x442, 0x7FE, 0x000, 0x79E, 0x492, 0x79E, 0x492, 0x79E, 0x492, 0x9A6 } },
    { 0x5D4C, { 0x000, 0x842, 0xFFE, 0x020, 0x920, 0xFBE, 0x92A, 0x94A, 0xF48, 0x908, 0x914, 0xF62 } },
    { 0x5DBD, { 0x000, 0x842, 0xFFE, 0x000, 0xAEA, 0x40A, 0xAFE, 0x208, 0x6E8, 0xAA8, 0x2B4, 0xCE2 } },
    { 0x5DD4, { 0x000, 0x842, 0xFFE, 0x200, 0xFBE, 0x208, 0x7BE, 0x4A2, 0x7BE, 0x4A2, 0xFFE, 0x494 } },
    { 0x5DDD, { 0x000, 0x202, 0x222, 0x222, 0x222, 0x222, 0x222, 0x222, 0x222, 0x422, 0x422, 0x802 } },
    { 0x5DE2, { 0x000, 0x248, 0x490, 0x248, 0x7FC, 0x444, 0x7FC, 0x444, 0xFFE, 0x150, 0x248, 0xC46 } },
    { 0x5DE5, { 0x000, 0x7FC, 0x040, 0x040, 0x040, 0x040, 0x040, 0x040, 0x040, 0x040, 0x040, 0xFFE } },
    { 0x5DE6, { 0x000, 0x080, 0x080, 0xFFE, 0x080, 0x100, 0x100, 0x2FE, 0x210, 0x410, 0x810, 0x1FE } },
    { 0x5DE7, { 0x000, 0x0FE, 0xF20, 0x220, 0x240, 0x27E, 0x202, 0x202, 0x302, 0xC02, 0x002, 0x00C } },
    { 0x5DE8, { 0x000, 0xFFE, 0x400, 0x400, 0x7FC, 0x404, 0x404, 0x404, 0x7FC, 0x400, 0x400, 0xFFE } },
    { 0x5DEB, { 0x000, 0x7FC, 0x040, 0x040, 0x248, 0x248, 0x248, 0x554, 0x8E2, 0x040, 0x040, 0xFFE } },
    { 0x5DEE, { 0x000, 0x110, 0xFFE, 0x040, 0x7FC, 0x040, 0xFFE, 0x200, 0x3FC, 0x420, 0x820, 0x3FE } },
    { 0x5DF1, { 0x000, 0x7FC, 0x004, 0x004, 0x004, 0x004, 0x7FC, 0x400, 0x400, 0x402, 0x402, 0x3FE } },
    { 0x5DF2, { 0x000, 0x7FC, 0x004, 0x004, 0x404, 0x404, 0x7FC, 0x400, 0x400, 0x402, 0x402, 0x3FE } },
    { 0x5E02, { 0x000, 0x040, 0x040, 0xFFE, 0x040, 0x7FC, 0x444, 0x444, 0x444, 0x44C, 0x040, 0x040 } },
    { 0x5E03, { 0x000, 0x080, 0xFFE, 0x100, 0x220, 0x420, 0xBFC, 0x224, 0x224, 0x224, 0x22C, 0x020 } },
    { 0x5E0C, { 0x000, 0x31C, 0x0E0, 0x718, 0x104, 0xFFE, 0x220, 0x7FC, 0xA24, 0x224, 0x22C, 0x020 } },
    { 0x5E25, { 0x000, 0x210, 0x410, 0xF7E, 0x952, 0x952, 0xF52, 0x852, 0xF52, 0x956, 0x910, 0xF10 } },
    { 0x5E2B, { 0x000, 0x27E, 0x410, 0xF10, 0x97E, 0x952, 0xF52, 0x852, 0xF52, 0x956, 0x910, 0xF10 } },
    { 0x5E33, { 0x000, 0x23C, 0x220, 0xFBC, 0xAA0, 0xABC, 0xAA0, 0xAFE, 0xAA8, 0xBAA, 0x224, 0x272 } },
    { 0x5E36, { 0x000, 0x2A8, 0xFFE, 0x2A8, 0xCEE, 0x000, 0xFFE, 0x842, 0x7FC, 0x444, 0x44C, 0x040 } },
    { 0x5E3D, { 0x000, 0x27E, 0x242, 0xFDA, 0xAC2, 0xADA, 0xA80, 0xABE, 0xAA2, 0xBBE, 0x222, 0x23E } },
    { 0x5E40, { 0x000, 0x208, 0x20E, 0xF88, 0xABE, 0xAA2, 0xABE, 0xAA2, 0xABE, 0xBA2, 0x23E, 0x262 } },
    { 0x5E55, { 0x000, 0x110, 0xFBE, 0x110, 0x7FC, 0x404, 0xFFE, 0x248, 0x7FC, 0xA4A, 0x258, 0x040 } },
    { 0x5E63, { 0x000, 0xAA0, 0x23E, 0xFC4, 0xA54, 0xF58, 0xAE6, 0x040, 0x7FC, 0x444, 0x444, 0x44C } },
    { 0x5E72, { 0x000, 0x7FC, 0x040, 0x040, 0x040, 0x040, 0xFFE, 0x040, 0x040, 0x040, 0x040, 0x040 } },
    { 0x5E73, { 0x000, 0x7FC, 0x040, 0x248, 0x444, 0x040, 0xFFE, 0x040, 0x040, 0x040, 0x040, 0x040 } },
    { 0x5E74, { 0x000, 0x200, 0x3FE, 0x420, 0x820, 0x3FC, 0x220, 0x220, 0xFFE, 0x020, 0x020, 0x020 } },
    { 0x5E78, { 0x000, 0x040, 0x7FC, 0x040, 0xFFE, 0x208, 0x110, 0xFFE, 0x040, 0x7FC, 0x040, 0x040 } },
    { 0x5E79, { 0x000, 0x208, 0xF94, 0x222, 0xF80, 0x8BE, 0xF88, 0x888, 0xFBE, 0x208, 0xF88, 0x208 } },
    { 0x5E7D, { 0x000, 0x040, 0xA4A, 0xA4A, 0xC52, 0xD56, 0xA4A, 0xA4A, 0xD56, 0xF5E, 0x842, 0xFFE } },
    { 0x5E87, { 0x000, 0x020, 0x7FE, 0x400, 0x510, 0x512, 0x5D4, 0x518, 0x510, 0x510, 0x552, 0xB8E } },
    { 0x5E95, { 0x000, 0x020, 0x7FE, 0x404, 0x5F8, 0x510, 0x510, 0x5FE, 0x510, 0x7C8, 0x40A, 0xBE6 } },
    { 0x5EA6, { 0x000, 0x020, 0x7FE, 0x488, 0x7FE, 0x488, 0x4F8, 0x400, 0x5FC, 0x488, 0x470, 0xB8E } },
    { 0x5EA7, { 0x000, 0x020, 0x7FE, 0x400, 0x420, 0x524, 0x524, 0x6AA, 0x420, 0x5FC, 0x420, 0xBFE } },
    { 0x5EAB, { 0x000, 0x020, 0x7FE, 0x420, 0x7FE, 0x524, 0x5FC, 0x524, 0x5FC, 0x420, 0x7FE, 0x820 } },
    { 0x5EB7, { 0x000, 0x020, 0x7FE, 0x420, 0x5FC, 0x424, 0x7FE, 0x424, 0x5FC, 0x524, 0x4A8, 0xB66 } },
    { 0x5EE3, { 0x000, 0x020, 0x7FE, 0x488, 0x5FC, 0x488, 0x7FE, 0x524, 0x5FC, 0x524, 0x5FC, 0xB06 } },
    { 0x5EF3, { 0x000, 0x020, 0xFFE, 0x808, 0xFFE, 0xAAA, 0xBBE, 0xA80, 0xFBE, 0xA88, 0xFB2, 0xADC } },
    { 0x5EF6, { 0x000, 0xE0E, 0x2F0, 0x410, 0x810, 0xE5E, 0x250, 0xA50, 0xA50, 0x4FE, 0x600, 0x9FE } },
    { 0x5EFA, { 0x000, 0xE20, 0x2FC, 0x424, 0x9FE, 0xE24, 0x2FC, 0xA20, 0xAFC, 0x420, 0x620, 0x9FE } },
    { 0x5F0F, { 0x000, 0x014, 0x012, 0xFFE, 0x010, 0x010, 0xFD0, 0x110, 0x108, 0x10A, 0x1C6, 0xE02 } },
    { 0x5F13, { 0x000, 0x7FC, 0x004, 0x004, 0x7FC, 0x400, 0x400, 0x7FE, 0x002, 0x002, 0x002, 0x03C } },
    { 0x5F15, { 0x000, 0xFC4, 0x044, 0x044, 0xFC4, 0x804, 0x804, 0xFC4, 0x044, 0x044, 0x044, 0x384 } },
    { 0x5F29, { 0x000, 0x23E, 0xFA2, 0x49C, 0x322, 0xDFC, 0x004, 0x7FC, 0x400, 0x7FE, 0x002, 0x03C } },
    { 0x5F31, { 0x000, 0xFBE, 0x082, 0x082, 0xFBE, 0x820, 0xFBE, 0x28A, 0x492, 0x9A6, 0x28A, 0x596 } },
    { 0x5F35, { 0x000, 0xEFC, 0x280, 0x2FC, 0xE80, 0x8FC, 0x880, 0xFFE, 0x2A0, 0x294, 0x2A8, 0xDC6 } },
    { 0x5F37, { 0x000, 0xE20, 0x244, 0x2FA, 0xE10, 0x8FE, 0x892, 0xE92, 0x2FE, 0x210, 0x214, 0xCFA } },
    { 0x5F48, { 0x000, 0xEEE, 0x2AA, 0x2FE, 0xE92, 0x8FE, 0x892, 0xEFE, 0x210, 0x2FE, 0x210, 0xC10 } },
    { 0x5F57, { 0x000, 0x208, 0xFBE, 0x208, 0xFBE, 0x208, 0x000, 0x7FC, 0x004, 0xFFE, 0x004, 0x7FC } },
    { 0x5F62, { 0x000, 0xFF2, 0x244, 0x248, 0x240, 0x242, 0xFF4, 0x248, 0x240, 0x442, 0x444, 0x848 } },
    { 0x5F71, { 0x000, 0x7C2, 0x444, 0x7C8, 0x440, 0x7C2, 0x104, 0xFE8, 0x440, 0x7C2, 0x544, 0xB28 } },
    { 0x5F7C, { 0x000, 0x210, 0x4FE, 0x892, 0x290, 0x4FE, 0xCC2, 0x4A2, 0x494, 0x488, 0x494, 0x562 } },
    { 0x5F80, { 0x000, 0x220, 0x410, 0x9FE, 0x210, 0x410, 0xC10, 0x4FC, 0x410, 0x410, 0x410, 0x5FE } },
    { 0x5F85, { 0x000, 0x210, 0x47C, 0x810, 0x210, 0x4FE, 0xC04, 0x4FE, 0x444, 0x424, 0x404, 0x41C } },
    { 0x5F88, { 0x000, 0x2FC, 0x484, 0x8FC, 0x284, 0x484, 0xCFC, 0x492, 0x494, 0x488, 0x4A4, 0x5C2 } },
    { 0x5F8C, { 0x000, 0x220, 0x444, 0x888, 0x250, 0x424, 0xCFA, 0x420, 0x47C, 0x4C4, 0x438, 0x4C6 } },
    { 0x5F92, { 0x000, 0x210, 0x47C, 0x810, 0x210, 0x4FE, 0xC10, 0x450, 0x45E, 0x450, 0x4B0, 0x50E } },
    { 0x5F97, { 0x000, 0x2FC, 0x484, 0x8FC, 0x284, 0x4FC, 0xC00, 0x5FE, 0x408, 0x5FE, 0x488, 0x458 } },
    { 0x5F9E, { 0x000, 0x244, 0x444, 0x8AA, 0x2AA, 0x400, 0xC10, 0x450, 0x45E, 0x450, 0x4B0, 0x50E } },
    { 0x5FA9, { 0x000, 0x280, 0x4FE, 0x984, 0x2FC, 0x484, 0xCFC, 0x440, 0x4FC, 0x544, 0x438, 0x5C6 } },
    { 0x5FAE, { 0x000, 0x2A8, 0x6A8, 0xBEE, 0x212, 0x5EA, 0xC0A, 0x54A, 0x54A, 0x564, 0x54A, 0x612 } },
    { 0x5FB7, { 0x000, 0x210, 0x4FE, 0x810, 0x2FE, 0x4AA, 0xCFE, 0x400, 0x4FE, 0x454, 0x54A, 0x63A } },
    { 0x5FC3, { 0x000, 0x080, 0x040, 0x020, 0x120, 0x100, 0x504, 0x502, 0x502, 0x90A, 0x108, 0x0F8 } },
    { 0x5FC5, { 0x000, 0x080, 0x048, 0x048, 0x108, 0x510, 0x514, 0x522, 0x942, 0x18A, 0x308, 0xCF8 } },
    { 0x5FCD, { 0x000, 0x7FC, 0x044, 0x244, 0x484, 0x104, 0x618, 0x040, 0x524, 0x522, 0x90A, 0x0F8 } },
    { 0x5FD7, { 0x000, 0x040, 0x040, 0xFFE, 0x040, 0x040, 0x7FC, 0x000, 0x544, 0x522, 0x90A, 0x0F8 } },
    { 0x5FD8, { 0x000, 0x040, 0xFFE, 0x200, 0x200, 0x3FC, 0x000, 0x040, 0x524, 0x522, 0x90A, 0x0F8 } },
    { 0x5FEB, { 0x000, 0x220, 0x220, 0xAFC, 0xB24, 0xA24, 0xA24, 0x3FE, 0x220, 0x250, 0x288, 0x306 } },
    { 0x5FF5, { 0x000, 0x040, 0x0A0, 0x318, 0xCE6, 0x000, 0x7FC, 0x008, 0x090, 0x544, 0x50A, 0x8FA } },
    { 0x6012, { 0x000, 0x200, 0xFBE, 0x2A2, 0x494, 0x308, 0xCB6, 0x000, 0x544, 0x522, 0x90A, 0x0F8 } },
    { 0x6015, { 0x000, 0x208, 0x210, 0xA7E, 0xB42, 0xA42, 0xA42, 0x27E, 0x242, 0x242, 0x242, 0x27E } },
    { 0x6016, { 0x000, 0x220, 0x2FE, 0xB20, 0xA50, 0xB90, 0x2FE, 0x292, 0x292, 0x292, 0x296, 0x210 } },
    { 0x6025, { 0x000, 0x1F0, 0x210, 0x7FC, 0x004, 0xFFE, 0x004, 0x7FC, 0x040, 0x524, 0x50A, 0x8FA } },
    { 0x6027, { 0x000, 0x248, 0x248, 0xA7E, 0xB48, 0xA88, 0xA08, 0x27E, 0x208, 0x208, 0x208, 0x2FE } },
    { 0x602A, { 0x000, 0x27C, 0x244, 0xA28, 0xB10, 0xA28, 0xAC6, 0x210, 0x27C, 0x210, 0x210, 0x2FE } },
    { 0x6046, { 0x000, 0x2FE, 0x220, 0xA20, 0xB3E, 0xA22, 0xA52, 0x24C, 0x2A4, 0x298, 0x208, 0x2FE } },
    { 0x6050, { 0x000, 0xF7C, 0x224, 0x264, 0x234, 0x324, 0xC06, 0x040, 0x120, 0x104, 0x502, 0x8F8 } },
    { 0x6062, { 0x000, 0x240, 0x2FE, 0xA40, 0xB48, 0xA4A, 0xA5A, 0x26C, 0x248, 0x248, 0x294, 0x262 } },
    { 0x6069, { 0x000, 0x7FC, 0x444, 0x5F4, 0x444, 0x4A4, 0x514, 0x7FC, 0x040, 0x524, 0x50A, 0x8FA } },
    { 0x606F, { 0x000, 0x080, 0x3F8, 0x208, 0x3F8, 0x208, 0x3F8, 0x208, 0x3F8, 0x544, 0x52A, 0x8FA } },
    { 0x6089, { 0x000, 0x01C, 0x7E0, 0x248, 0x150, 0xFFE, 0x248, 0xC46, 0x000, 0x544, 0x52A, 0x8FA } },
    { 0x60C5, { 0x000, 0x210, 0x27C, 0xA10, 0xB7C, 0xA10, 0xAFE, 0x254, 0x254, 0x27C, 0x244, 0x24C } },
    { 0x60E1, { 0x000, 0xFFE, 0x0A0, 0x7BC, 0x404, 0x7BC, 0x0A0, 0xFFE, 0x040, 0x524, 0x50A, 0x8FA } },
    { 0x60F3, { 0x000, 0x23E, 0xFA2, 0x23E, 0x722, 0xABE, 0x222, 0x23E, 0x140, 0x524, 0x50A, 0x8FA } },
    { 0x610F, { 0x000, 0x040, 0x7FC, 0x110, 0xFFE, 0x208, 0x3F8, 0x208, 0x3F8, 0x144, 0x52A, 0x8FA } },
    { 0x611B, { 0x000, 0x7FC, 0x248, 0xFFE, 0x942, 0x524, 0x8FA, 0x100, 0x3F8, 0xD08, 0x0F0, 0xF0E } },
    { 0x611F, { 0x000, 0x014, 0x7FE, 0x5D0, 0x414, 0x5C8, 0x54A, 0x9D6, 0x040, 0x524, 0x50A, 0x8FA } },
    { 0x6162, { 0x000, 0x27C, 0x244, 0xA7C, 0xB44, 0xAFE, 0xAAA, 0x2FE, 0x244, 0x228, 0x210, 0x2EE } },
    { 0x6167, { 0x000, 0x208, 0xFBE, 0x208, 0xFBE, 0x208, 0xFFE, 0x004, 0x7FC, 0x140, 0x52A, 0x8FA } },
    { 0x61C7, { 0x000, 0xFBE, 0x522, 0xFFE, 0x522, 0xABE, 0x4A4, 0xB3A, 0x040, 0x124, 0x502, 0x8F8 } },
    { 0x61C9, { 0x000, 0x020, 0x7FE, 0x4A4, 0x57E, 0x748, 0x57E, 0x548, 0x97E, 0x890, 0x284, 0x472 } },
    { 0x61F8, { 0x000, 0x7BE, 0x494, 0x7A8, 0x492, 0x4BE, 0xFD4, 0x512, 0x940, 0x124, 0x502, 0x8F8 } },
    { 0x61FC, { 0x000, 0x2EE, 0x2AA, 0xAEE, 0xBAA, 0xAEE, 0xA28, 0x27E, 0x2C8, 0x27E, 0x248, 0x27E } },
    { 0x61FE, { 0x000, 0x2FE, 0x244, 0xA7C, 0xA44, 0xBFE, 0xAAA, 0x2EE, 0x2AA, 0x2EE, 0x3BA, 0x222 } },
    { 0x6210, { 0x000, 0x028, 0x024, 0x7FE, 0x420, 0x7A4, 0x4A4, 0x4A8, 0x490, 0x592, 0x42A, 0x8C6 } },
    { 0x6211, { 0x000, 0x194, 0xE12, 0x210, 0xFFE, 0x210, 0x214, 0x394, 0xE08, 0x20A, 0x216, 0x622 } },
    { 0x6212, { 0x000, 0x028, 0x024, 0xFFE, 0x020, 0x524, 0x524, 0xFA8, 0x510, 0x512, 0x52A, 0x946 } },
    { 0x6216, { 0x000, 0x028, 0x024, 0xFFE, 0x020, 0x7A4, 0x4A4, 0x4A8, 0x790, 0x012, 0x1AA, 0xE46 } },
    { 0x622E, { 0x000, 0xEEA, 0x66A, 0xAA8, 0x67E, 0xAA8, 0x38A, 0x44A, 0x9A4, 0x604, 0x0CA, 0xF12 } },
    { 0x6230, { 0x000, 0xEEA, 0xAA8, 0xFEE, 0x938, 0xFEA, 0x92A, 0xFEA, 0x104, 0xFE4, 0x10A, 0x112 } },
    { 0x6232, { 0x000, 0x1CA, 0x108, 0xFEE, 0x938, 0xFCA, 0x92A, 0xFEA, 0xA24, 0xBE4, 0x94A, 0xBF2 } },
    { 0x6234, { 0x000, 0x114, 0x7D2, 0x110, 0xFFE, 0x550, 0x7D4, 0x554, 0x7C8, 0x28A, 0xFD6, 0x4A2 } },
    { 0x6240, { 0x000, 0x186, 0x638, 0x420, 0x7A0, 0x4BE, 0x4A4, 0x7A4, 0x424, 0x424, 0x424, 0x844 } },
    { 0x6247, { 0x000, 0x7FC, 0x400, 0x7FE, 0x402, 0x7FE, 0x400, 0x7DE, 0x54A, 0x652, 0x4C6, 0x94A } },
    { 0x624B, { 0x000, 0x03C, 0x7C0, 0x040, 0x040, 0x7FC, 0x040, 0x040, 0xFFE, 0x040, 0x040, 0x1C0 } },
    { 0x624D, { 0x000, 0x020, 0x020, 0xFFE, 0x020, 0x028, 0x030, 0x060, 0x1A0, 0xE20, 0x020, 0x0E0 } },
    { 0x6253, { 0x000, 0x27E, 0x208, 0xF08, 0x208, 0x208, 0x308, 0xE08, 0x208, 0x208, 0x208, 0xE38 } },
    { 0x627E, { 0x000, 0x428, 0x424, 0xE20, 0x43E, 0x5E0, 0x624, 0xC28, 0x410, 0x412, 0x46A, 0xD86 } },
    { 0x6280, { 0x000, 0x410, 0x410, 0xEFE, 0x410, 0x410, 0x6FC, 0xC84, 0x484, 0x448, 0x430, 0xDCE } },
    { 0x628A, { 0x000, 0x4FE, 0x492, 0xE92, 0x492, 0x492, 0x6FE, 0xC80, 0x480, 0x482, 0x482, 0xC7E } },
    { 0x6293, { 0x000, 0x40E, 0x4F4, 0xE94, 0x494, 0x494, 0x694, 0xC94, 0x494, 0x494, 0x492, 0xD12 } },
    { 0x6295, { 0x000, 0x478, 0x448, 0xE48, 0x448, 0x58E, 0x600, 0xCFC, 0x484, 0x448, 0x430, 0xDCE } },
    { 0x6297, { 0x000, 0x410, 0x410, 0xEFE, 0x400, 0x478, 0x648, 0xC48, 0x448, 0x44A, 0x48A, 0xD0E } },
    { 0x6298, { 0x000, 0x40C, 0x4F0, 0xE80, 0x480, 0x4FE, 0x688, 0xC88, 0x488, 0x488, 0x488, 0xD08 } },
    { 0x62B5, { 0x000, 0x40C, 0x4F0, 0xE90, 0x490, 0x4FE, 0x690, 0xC90, 0x488, 0x5EA, 0x406, 0xDF2 } },
    { 0x62B9, { 0x000, 0x410, 0x410, 0xEFE, 0x410, 0x410, 0x67C, 0xC10, 0x438, 0x454, 0x492, 0xC10 } },
    { 0x62CD, { 0x000, 0x208, 0x210, 0xF7E, 0x242, 0x242, 0x342, 0xE7E, 0x242, 0x242, 0x242, 0xE7E } },
    { 0x62D2, { 0x000, 0x4FE, 0x480, 0xE80, 0x4FC, 0x484, 0x684, 0xC84, 0x4FC, 0x480, 0x480, 0xCFE } },
    { 0x62D6, { 0x000, 0x240, 0x27E, 0xF90, 0x296, 0x25A, 0x272, 0x3D2, 0xE56, 0x250, 0x242, 0x63E } },
    { 0x62DC, { 0x000, 0x1BE, 0xE08, 0x23E, 0x208, 0xF88, 0x23E, 0x388, 0xE08, 0x23E, 0x408, 0x808 } },
    { 0x62F3, { 0x000, 0x248, 0x250, 0x7FC, 0x110, 0xFFE, 0x248, 0xDF4, 0x042, 0xFFE, 0x040, 0x1C0 } },
    { 0x62FF, { 0x000, 0x0E0, 0x318, 0xDF6, 0x000, 0x3F8, 0x208, 0x7FC, 0x040, 0xFFE, 0x040, 0x1C0 } },
    { 0x6301, { 0x000, 0x410, 0x47C, 0xE10, 0x410, 0x4FE, 0x604, 0xCFE, 0x444, 0x424, 0x404, 0xC1C } },
    { 0x6307, { 0x000, 0x482, 0x48C, 0xEF0, 0x482, 0x47E, 0x600, 0xCFE, 0x482, 0x4FE, 0x482, 0xCFE } },
    { 0x6309, { 0x000, 0x410, 0x4FE, 0xE82, 0x410, 0x410, 0x6FE, 0xC24, 0x444, 0x428, 0x418, 0xCE6 } },
    { 0x6316, { 0x000, 0x410, 0x4FE, 0xEAA, 0x44C, 0x400, 0x6FC, 0xC08, 0x430, 0x440, 0x482, 0xC7E } },
    { 0x633A, { 0x000, 0x5C2, 0x45C, 0xE84, 0x504, 0x5DE, 0x644, 0xD44, 0x544, 0x49E, 0x540, 0xD3E } },
    { 0x6372, { 0x000, 0x454, 0x492, 0xEFE, 0x428, 0x5FE, 0x644, 0xCFA, 0x548, 0x458, 0x442, 0xC3E } },
    { 0x6377, { 0x000, 0x420, 0x5FE, 0xE24, 0x5FE, 0x424, 0x6FC, 0xC20, 0x4BC, 0x4A0, 0x560, 0xD1E } },
    { 0x6380, { 0x000, 0x428, 0x4C8, 0xE8E, 0x48A, 0x4F6, 0x6A4, 0xCA4, 0x4A4, 0x4AA, 0x4AA, 0xD32 } },
    { 0x6383, { 0x000, 0x4FC, 0x404, 0xEFE, 0x404, 0x5FE, 0x522, 0xEFC, 0x4A4, 0x4A4, 0x4AC, 0xC20 } },
    { 0x6389, { 0x000, 0x410, 0x41E, 0xE10, 0x4FC, 0x484, 0x6FC, 0xC84, 0x4FC, 0x410, 0x5FE, 0xC10 } },
    { 0x638C, { 0x000, 0x248, 0xFFE, 0x802, 0x3F8, 0x208, 0x7FC, 0x040, 0x7FC, 0x040, 0xFFE, 0x040 } },
    { 0x6392, { 0x000, 0x428, 0x428, 0xEEE, 0x428, 0x428, 0x6EE, 0xC28, 0x428, 0x4EE, 0x448, 0xC88 } },
    { 0x63A0, { 0x000, 0x410, 0x5FE, 0xE00, 0x4FC, 0x484, 0x684, 0xCFC, 0x410, 0x494, 0x512, 0xC30 } },
    { 0x63A2, { 0x000, 0x4FE, 0x482, 0xE28, 0x44A, 0x48E, 0x610, 0xCFE, 0x410, 0x438, 0x454, 0xC92 } },
    { 0x63A5, { 0x000, 0x410, 0x4FE, 0xE44, 0x428, 0x4FE, 0x610, 0xCFE, 0x424, 0x448, 0x438, 0xCC6 } },
    { 0x63A7, { 0x000, 0x410, 0x4FE, 0xEAA, 0x428, 0x44E, 0x680, 0xC7C, 0x410, 0x410, 0x410, 0xCFE } },
    { 0x63A8, { 0x000, 0x444, 0x448, 0xEFE, 0x588, 0x4FE, 0x688, 0xC88, 0x4FE, 0x488, 0x488, 0xCFE } },
    { 0x63D0, { 0x000, 0x4FC, 0x484, 0xEFC, 0x484, 0x4FC, 0x600, 0xDFE, 0x450, 0x45E, 0x4B0, 0xD0E } },
    { 0x63D2, { 0x000, 0x47C, 0x410, 0xE10, 0x4FE, 0x410, 0x650, 0xC96, 0x492, 0x4D6, 0x492, 0xCFE } },
    { 0x63DB, { 0x000, 0x47C, 0x488, 0xFFE, 0x4AA, 0x4AA, 0x4CE, 0x692, 0xDFE, 0x428, 0x444, 0xD82 } },
    { 0x63E1, { 0x000, 0x4FE, 0x482, 0xEFE, 0x480, 0x4FE, 0x6A4, 0xCFA, 0x488, 0x4BE, 0x488, 0xD7E } },
    { 0x63ED, { 0x000, 0x4FC, 0x484, 0xEFC, 0x484, 0x4FC, 0x640, 0xCFE, 0x512, 0x4AA, 0x4FA, 0xC06 } },
    { 0x63EE, { 0x000, 0x4FE, 0x492, 0xE10, 0x4FE, 0x454, 0x67C, 0xC54, 0x47C, 0x410, 0x4FE, 0xC10 } },
    { 0x640D, { 0x000, 0x47C, 0x444, 0xE7C, 0x400, 0x4FE, 0x682, 0xCFE, 0x482, 0x4FE, 0x444, 0xC82 } },
    { 0x6416, { 0x000, 0x43E, 0x4D2, 0xE4C, 0x4F0, 0x440, 0x47E, 0x690, 0xCFE, 0x410, 0x492, 0xCFE } },
    { 0x642C, { 0x000, 0x49C, 0x5D4, 0xF54, 0x5D4, 0x566, 0x740, 0x5FE, 0xD52, 0x5D4, 0x54C, 0xD72 } },
    { 0x6478, { 0x000, 0x448, 0x5FE, 0xE48, 0x4FC, 0x484, 0x6FC, 0xC84, 0x5FE, 0x430, 0x448, 0xD86 } },
    { 0x6490, { 0x000, 0x454, 0x4FE, 0xEAA, 0x438, 0x400, 0x6FE, 0xC44, 0x47E, 0x414, 0x464, 0xD8C } },
    { 0x6493, { 0x000, 0x410, 0x47C, 0xE10, 0x4FE, 0x444, 0x6EE, 0xC44, 0x4FE, 0x428, 0x44A, 0xC8E } },
    { 0x6495, { 0x000, 0x4A2, 0x5FC, 0xEA8, 0x4E8, 0x4AE, 0x6EA, 0xCAA, 0x5FA, 0x40A, 0x4AA, 0xD12 } },
    { 0x64A4, { 0x000, 0x448, 0x5E8, 0xE8E, 0x52A, 0x5D2, 0x72A, 0xDEA, 0x52A, 0x5E4, 0x52A, 0xD72 } },
    { 0x64C1, { 0x000, 0x420, 0x5FE, 0xE54, 0x494, 0x53E, 0x5E4, 0x4BE, 0xD24, 0x5FE, 0x4A4, 0xD3E } },
    { 0x64C5, { 0x000, 0x410, 0x5FE, 0xEBA, 0x4AA, 0x4BA, 0x682, 0xCFE, 0x444, 0x47C, 0x444, 0xDFE } },
    { 0x64C7, { 0x000, 0x4FE, 0x4AA, 0xEFE, 0x410, 0x4FE, 0x610, 0xCFE, 0x444, 0x4FE, 0x410, 0xC10 } },
    { 0x64CA, { 0x000, 0x13C, 0xFC4, 0x57E, 0x7D4, 0x558, 0xFE6, 0x040, 0x3F8, 0x040, 0xFFE, 0x040 } },
    { 0x64CB, { 0x000, 0x454, 0x492, 0xEFE, 0x482, 0x47C, 0x644, 0xCFE, 0x492, 0x4FE, 0x492, 0xCFE } },
    { 0x64CD, { 0x000, 0x47C, 0x444, 0xE7C, 0x4EE, 0x4AA, 0x6EE, 0xC10, 0x4FE, 0x438, 0x454, 0xC92 } },
    { 0x64DA, { 0x000, 0x43C, 0x420, 0xEFE, 0x492, 0x4FC, 0x490, 0x6BE, 0xCC8, 0x53A, 0x5CC, 0xC32 } },
    { 0x64F2, { 0x000, 0x56E, 0x52A, 0xEFA, 0x44A, 0x5EC, 0x7AA, 0xD6A, 0x52A, 0x5FE, 0x4A8, 0xD18 } },
    { 0x64F4, { 0x000, 0x410, 0x4FE, 0xE94, 0x4BE, 0x494, 0x6FE, 0xCAA, 0x4BE, 0x4AA, 0x4BE, 0xD62 } },
    { 0x64FA, { 0x000, 0x4FE, 0x4AA, 0xEFE, 0x44A, 0x4AC, 0x6E8, 0xCA6, 0x4EA, 0x4AC, 0x4E8, 0xCA6 } },
    { 0x651C, { 0x000, 0x492, 0x4FE, 0xE28, 0x47E, 0x4C8, 0x67E, 0xC48, 0x4FE, 0x4BA, 0x4EE, 0xCBA } },
    { 0x651D, { 0x000, 0x4FE, 0x444, 0xE7C, 0x444, 0x5FE, 0x6AA, 0xCEE, 0x4AA, 0x4EE, 0x5BA, 0xC22 } },
    { 0x652F, { 0x000, 0x040, 0x040, 0xFFE, 0x040, 0x040, 0x7FC, 0x208, 0x110, 0x0E0, 0x318, 0xC06 } },
    { 0x6536, { 0x000, 0x120, 0x520, 0x53E, 0x544, 0x5A4, 0x524, 0x528, 0x728, 0xD10, 0x128, 0x146 } },
    { 0x6539, { 0x000, 0x020, 0xF20, 0x13E, 0x144, 0x1A4, 0xF24, 0x828, 0x828, 0x910, 0x728, 0x0C6 } },
    { 0x653B, { 0x000, 0x020, 0xF20, 0x23E, 0x244, 0x2A4, 0x224, 0x228, 0x328, 0xC10, 0x028, 0x0C6 } },
    { 0x653E, { 0x000, 0x220, 0x220, 0xFBE, 0x444, 0x424, 0x7A4, 0x4A8, 0x4A8, 0x490, 0x4A8, 0x9C6 } },
    { 0x653F, { 0x000, 0x020, 0xFA0, 0x23E, 0x244, 0xBA4, 0xA24, 0xA28, 0xA28, 0xB90, 0xC28, 0x0C6 } },
    { 0x6545, { 0x000, 0x220, 0x220, 0xFBE, 0x244, 0x224, 0x224, 0xFA8, 0x8A8, 0x890, 0x8A8, 0xFC6 } },
    { 0x6548, { 0x000, 0x110, 0xFD0, 0x01E, 0x4A4, 0x854, 0x494, 0x494, 0x294, 0x108, 0x294, 0xC62 } },
    { 0x654F, { 0x000, 0x410, 0x7D0, 0x81E, 0x7E4, 0x554, 0x4D4, 0xFF4, 0x554, 0x4C8, 0x7D4, 0x062 } },
    { 0x6557, { 0x000, 0xF20, 0x920, 0xF3E, 0x944, 0x9A4, 0xF24, 0x928, 0xF28, 0x010, 0x528, 0x8C6 } },
    { 0x6559, { 0x000, 0x210, 0xF50, 0x29E, 0xFE4, 0x224, 0x7D4, 0x894, 0x1D4, 0xF08, 0x114, 0x362 } },
    { 0x655E, { 0x000, 0x590, 0x950, 0x11E, 0xFE4, 0x854, 0xF54, 0xD54, 0xD54, 0xF48, 0x854, 0x8E2 } },
    { 0x6563, { 0x000, 0x510, 0xF90, 0x51E, 0xFA4, 0x054, 0xF94, 0x894, 0xF94, 0x888, 0xF94, 0x8A2 } },
    { 0x6572, { 0x000, 0x208, 0xFC8, 0x48E, 0x788, 0x008, 0xFDE, 0x852, 0xF52, 0xD4A, 0xF44, 0x8DA } },
    { 0x6574, { 0x000, 0x110, 0xFFE, 0x554, 0x7D4, 0x388, 0x554, 0xFFE, 0x040, 0x27C, 0x240, 0xFFE } },
    { 0x6575, { 0x000, 0x108, 0xFE8, 0x44E, 0xFEA, 0x932, 0xBAA, 0x92A, 0xBAA, 0xAA4, 0xBAA, 0x872 } },
    { 0x6578, { 0x000, 0x110, 0x7D0, 0x55E, 0xFE4, 0x554, 0xFD4, 0x954, 0xFD4, 0x248, 0x394, 0xC62 } },
    { 0x6587, { 0x000, 0x040, 0x040, 0xFFE, 0x208, 0x208, 0x110, 0x110, 0x0A0, 0x040, 0x1B0, 0xE0E } },
    { 0x6597, { 0x000, 0x110, 0x090, 0x050, 0x410, 0x210, 0x110, 0x01E, 0x0F0, 0xF10, 0x010, 0x010 } },
    { 0x6599, { 0x000, 0x204, 0xB24, 0x614, 0x204, 0xF44, 0x224, 0x606, 0x71C, 0xA64, 0x204, 0x204 } },
    { 0x65A5, { 0x000, 0x01C, 0x3E0, 0x200, 0x200, 0x3FE, 0x210, 0x270, 0x218, 0x416, 0x410, 0x810 } },
    { 0x65A7, { 0x000, 0x110, 0x208, 0xD16, 0x0E0, 0x318, 0xDE6, 0x200, 0x3FC, 0x210, 0x210, 0x410 } },
    { 0x65AC, { 0x000, 0x206, 0xFB8, 0x220, 0xFA0, 0xABE, 0xFA4, 0xAA4, 0xFA4, 0x224, 0xFA4, 0x244 } },
    { 0x65B0, { 0x000, 0x106, 0xFD8, 0x450, 0x290, 0xFDE, 0x114, 0xFD4, 0x394, 0x554, 0x924, 0x124 } },
    { 0x65B7, { 0x000, 0xA86, 0xD58, 0xA90, 0xD50, 0xFDE, 0x814, 0xA94, 0xD54, 0xA94, 0xD54, 0xFE4 } },
    { 0x65B9, { 0x000, 0x040, 0x040, 0xFFE, 0x080, 0x080, 0x0FC, 0x084, 0x104, 0x104, 0x204, 0xC18 } },
    { 0x65BC, { 0x000, 0x210, 0x210, 0xFA8, 0x446, 0x400, 0x7B0, 0x48C, 0x480, 0x4B0, 0x48C, 0x982 } },
    { 0x65BD, { 0x000, 0x440, 0x47E, 0xF90, 0x496, 0x45A, 0x772, 0x5D2, 0x956, 0x950, 0x142, 0x63E } },
    { 0x65C5, { 0x000, 0x440, 0x47E, 0xF88, 0x490, 0x428, 0x7EA, 0x4AA, 0x4A4, 0x8A4, 0x8A2, 0x332 } },
    { 0x65CB, { 0x000, 0x440, 0x47E, 0xF40, 0x47E, 0x492, 0x710, 0x55E, 0x550, 0x950, 0x970, 0x38E } },
    { 0x65E5, { 0x000, 0x7FC, 0x404, 0x404, 0x404, 0x404, 0x7FC, 0x404, 0x404, 0x404, 0x404, 0x7FC } },
    { 0x65E9, { 0x000, 0x7FC, 0x404, 0x7FC, 0x404, 0x7FC, 0x040, 0x040, 0xFFE, 0x040, 0x040, 0x040 } },
    { 0x660E, { 0x000, 0xF7E, 0x942, 0x942, 0x97E, 0xF42, 0x942, 0x97E, 0x942, 0xF42, 0x082, 0x10E } },
    { 0x660F, { 0x000, 0x7FC, 0x420, 0x7FE, 0x410, 0x58A, 0xE06, 0x7FC, 0x404, 0x7FC, 0x404, 0x7FC } },
    { 0x6613, { 0x000, 0x7FC, 0x404, 0x7FC, 0x404, 0x7FC, 0x200, 0x3FE, 0x492, 0x892, 0x122, 0x24C } },
    { 0x661F, { 0x000, 0x7FC, 0x404, 0x7FC, 0x404, 0x7FC, 0x440, 0x7FC, 0x840, 0x7FC, 0x040, 0xFFE } },
    { 0x6625, { 0x000, 0x040, 0x7FC, 0x080, 0x7FC, 0x110, 0xFFE, 0x208, 0x60C, 0xBFA, 0x208, 0x3F8 } },
    { 0x662F, { 0x000, 0x7FC, 0x404, 0x7FC, 0x404, 0x7FC, 0x000, 0xFFE, 0x240, 0x27C, 0x5C0, 0x83E } },
    { 0x6642, { 0x000, 0x010, 0xE7C, 0xA10, 0xA10, 0xAFE, 0xE04, 0xAFE, 0xA44, 0xA24, 0xE04, 0x01C } },
    { 0x666E, { 0x000, 0x110, 0xFFE, 0x4A4, 0x2A8, 0xFFE, 0x000, 0x7FC, 0x404, 0x7FC, 0x404, 0x7FC } },
    { 0x6676, { 0x000, 0x3F8, 0x208, 0x3F8, 0x208, 0x3F8, 0x000, 0xFBE, 0x8A2, 0xFBE, 0x8A2, 0xFBE } },
    { 0x667A, { 0x000, 0x400, 0x7DE, 0x912, 0x7D2, 0x29E, 0xC40, 0x7FC, 0x404, 0x7FC, 0x404, 0x7FC } },
    { 0x6688, { 0x000, 0x7FC, 0x404, 0x7FC, 0x404, 0xFFE, 0xA4A, 0x3F8, 0x248, 0x248, 0xFFE, 0x040 } },
    { 0x6696, { 0x000, 0x0FE, 0xEA4, 0xB12, 0xAFE, 0xA20, 0xEFE, 0xA40, 0xA7C, 0xAA4, 0xF18, 0x0E6 } },
    { 0x6697, { 0x000, 0x010, 0xEFE, 0xA44, 0xA28, 0xAFE, 0xE00, 0xA7C, 0xA44, 0xA7C, 0xE44, 0x07C } },
    { 0x66AB, { 0x000, 0x106, 0xFF8, 0x550, 0x55E, 0xFD4, 0x124, 0x7FC, 0x404, 0x7FC, 0x404, 0x7FC } },
    { 0x66AE, { 0x000, 0x110, 0xFBE, 0x110, 0x7FC, 0x404, 0xFFE, 0x208, 0x60C, 0xBFA, 0x208, 0x3F8 } },
    { 0x66B4, { 0x000, 0x7FC, 0x404, 0x7FC, 0x404, 0xFFE, 0x110, 0xFFE, 0x248, 0xD56, 0x248, 0xCC6 } },
    { 0x66F4, { 0x000, 0xFFE, 0x040, 0x7FC, 0x444, 0x7FC, 0x444, 0x7FC, 0x440, 0x240, 0x180, 0xE7E } },
    { 0x66F8, { 0x000, 0x7FC, 0x044, 0xFFE, 0x044, 0x7FC, 0x040, 0xFFE, 0x404, 0x7FC, 0x404, 0x7FC } },
    { 0x6700, { 0x000, 0x7FC, 0x404, 0x7FC, 0x404, 0xFFE, 0x480, 0x7BE, 0x4A2, 0x594, 0xE88, 0x0B6 } },
    { 0x6703, { 0x000, 0x0E0, 0x318, 0xDF6, 0x000, 0x7FC, 0x554, 0x7FC, 0x208, 0x3F8, 0x208, 0x3F8 } },
    { 0x6708, { 0x000, 0x3FC, 0x204, 0x204, 0x3FC, 0x204, 0x204, 0x3FC, 0x204, 0x404, 0x404, 0x81C } },
    { 0x6709, { 0x000, 0x080, 0xFFE, 0x100, 0x200, 0x3FC, 0x604, 0xBFC, 0x204, 0x3FC, 0x204, 0x21C } },
    { 0x670D, { 0x000, 0x7BE, 0x4A2, 0x4A2, 0x7AE, 0x4A0, 0x4BE, 0x7B2, 0x4AA, 0x4A4, 0x4AA, 0x9B2 } },
    { 0x671B, { 0x000, 0x23E, 0xFE2, 0x43E, 0x422, 0x7BE, 0x042, 0xFFE, 0x040, 0x7FC, 0x040, 0xFFE } },
    { 0x671D, { 0x000, 0x23E, 0xFA2, 0x222, 0xFBE, 0x8A2, 0xFA2, 0x8BE, 0xFA2, 0x222, 0xFA2, 0x246 } },
    { 0x672A, { 0x000, 0x040, 0x040, 0x7FC, 0x040, 0x040, 0xFFE, 0x150, 0x150, 0x248, 0xC46, 0x040 } },
    { 0x672B, { 0x000, 0x040, 0x040, 0xFFE, 0x040, 0x040, 0x7FC, 0x150, 0x150, 0x248, 0xC46, 0x040 } },
    { 0x672C, { 0x000, 0x040, 0x040, 0xFFE, 0x150, 0x150, 0x150, 0x248, 0x248, 0x5F4, 0x842, 0x040 } },
    { 0x673D, { 0x000, 0x2FE, 0x220, 0xF20, 0x240, 0x27E, 0x602, 0x702, 0xA02, 0x202, 0x202, 0x20C } },
    { 0x6750, { 0x000, 0x204, 0x204, 0xF7E, 0x204, 0x20C, 0x60C, 0x714, 0xA24, 0x2C4, 0x204, 0x21C } },
    { 0x6756, { 0x000, 0x208, 0x208, 0xF7E, 0x208, 0x248, 0x648, 0x728, 0xA28, 0x210, 0x228, 0x2C6 } },
    { 0x675F, { 0x000, 0x040, 0xFFE, 0x040, 0x7FC, 0x444, 0x444, 0x7FC, 0x150, 0x248, 0xC46, 0x040 } },
    { 0x6771, { 0x000, 0x040, 0xFFE, 0x040, 0x7FC, 0x444, 0x7FC, 0x444, 0x7FC, 0x150, 0x248, 0xC46 } },
    { 0x677F, { 0x000, 0x27E, 0x240, 0xF40, 0x27E, 0x242, 0x642, 0x764, 0xA54, 0x248, 0x254, 0x2A2 } },
    { 0x6797, { 0x000, 0x210, 0x210, 0xFFE, 0x210, 0x210, 0x638, 0x754, 0xA92, 0x210, 0x210, 0x210 } },
    { 0x679A, { 0x000, 0x220, 0x220, 0xF3E, 0x244, 0x2A4, 0x624, 0x728, 0xA28, 0x210, 0x228, 0x2C6 } },
    { 0x679C, { 0x000, 0x7FC, 0x444, 0x7FC, 0x444, 0x7FC, 0x040, 0xFFE, 0x150, 0x248, 0xC46, 0x040 } },
    { 0x67AF, { 0x000, 0x210, 0x210, 0xF7E, 0x210, 0x210, 0x610, 0x77C, 0xA44, 0x244, 0x244, 0x27C } },
    { 0x67C4, { 0x000, 0x2FE, 0x210, 0xF10, 0x2FE, 0x292, 0x692, 0x7AA, 0xAC6, 0x282, 0x282, 0x286 } },
    { 0x67D0, { 0x000, 0x208, 0xFFE, 0x208, 0x3F8, 0x208, 0x3F8, 0x040, 0xFFE, 0x150, 0x248, 0xC46 } },
    { 0x67D4, { 0x000, 0x3F8, 0x010, 0xFFE, 0x144, 0x248, 0xCC0, 0x040, 0xFFE, 0x150, 0x248, 0xC46 } },
    { 0x67F1, { 0x000, 0x220, 0x210, 0xF7E, 0x210, 0x210, 0x610, 0x77C, 0xA10, 0x210, 0x210, 0x2FE } },
    { 0x6838, { 0x000, 0x210, 0x2FE, 0xF20, 0x244, 0x288, 0x650, 0x722, 0xAC4, 0x208, 0x234, 0x2C2 } },
    { 0x6839, { 0x000, 0x27E, 0x242, 0xF7E, 0x242, 0x242, 0x67E, 0x748, 0xA4A, 0x244, 0x254, 0x2E2 } },
    { 0x6848, { 0x000, 0x040, 0xFFE, 0x882, 0x7FC, 0x110, 0x1E0, 0xE1E, 0x040, 0xFFE, 0x248, 0xC46 } },
    { 0x6885, { 0x000, 0x240, 0x27E, 0xF80, 0x27C, 0x254, 0x64C, 0x6FE, 0xB54, 0x24C, 0x27E, 0x204 } },
    { 0x689D, { 0x000, 0x220, 0x23E, 0x544, 0x5A4, 0xD18, 0x5E6, 0x510, 0x5FE, 0x538, 0x454, 0x492 } },
    { 0x68AF, { 0x000, 0x244, 0x228, 0xFFE, 0x212, 0x2FE, 0x690, 0x6FE, 0xB32, 0x252, 0x296, 0x210 } },
    { 0x68B0, { 0x000, 0x40A, 0x40A, 0xEFE, 0x408, 0x4AA, 0xEAA, 0xDFA, 0x4A4, 0x4A4, 0x4AA, 0x532 } },
    { 0x68CD, { 0x000, 0x2FC, 0x284, 0xFFC, 0x284, 0x2FC, 0x600, 0x68A, 0xBEC, 0x288, 0x2AA, 0x2CE } },
    { 0x68D5, { 0x000, 0x210, 0x2FE, 0xF82, 0x200, 0x27C, 0x600, 0x6FE, 0xB10, 0x254, 0x292, 0x230 } },
    { 0x68D8, { 0x000, 0x208, 0xFBE, 0x208, 0xFBE, 0xAAA, 0xAAA, 0xBAE, 0x208, 0x71C, 0xAAA, 0x208 } },
    { 0x68EE, { 0x000, 0x040, 0xFFE, 0x150, 0x248, 0xC46, 0x208, 0xFBE, 0x208, 0x71C, 0xAAA, 0x208 } },
    { 0x68F5, { 0x000, 0x2FE, 0x292, 0xFFE, 0x292, 0x2FE, 0x710, 0x6FE, 0xA38, 0x254, 0x292, 0x210 } },
    { 0x696D, { 0x000, 0x4A4, 0x2A8, 0xFFE, 0x110, 0x7FC, 0x040, 0x7FC, 0x040, 0xFFE, 0x248, 0xC46 } },
    { 0x6975, { 0x000, 0x2FE, 0x210, 0xF18, 0x2EE, 0x2AA, 0x6AA, 0x7AC, 0xAEA, 0x21A, 0x200, 0x2FE } },
    { 0x69CB, { 0x000, 0x228, 0x2FE, 0xF28, 0x2FE, 0x228, 0x6FE, 0x754, 0xAFE, 0x254, 0x2FE, 0x244 } },
    { 0x69CC, { 0x000, 0x288, 0x25E, 0xF12, 0x29E, 0x250, 0x61E, 0x6D2, 0xB52, 0x25E, 0x2A0, 0x29E } },
    { 0x69FD, { 0x000, 0x228, 0x2FE, 0xF28, 0x2FE, 0x2AA, 0x6FE, 0x7AA, 0xAFE, 0x244, 0x244, 0x27C } },
    { 0x6A13, { 0x000, 0x210, 0x27C, 0xF54, 0x2FE, 0x254, 0x6FE, 0x692, 0xBFE, 0x224, 0x238, 0x2C6 } },
    { 0x6A19, { 0x000, 0x2FE, 0x228, 0xFFE, 0x2AA, 0x2FE, 0x600, 0x77C, 0xA00, 0x2FE, 0x254, 0x2B2 } },
    { 0x6A21, { 0x000, 0x228, 0x2FE, 0xF28, 0x27C, 0x244, 0x67C, 0x744, 0xAFE, 0x210, 0x228, 0x2C6 } },
    { 0x6A23, { 0x000, 0x244, 0x2FE, 0xF10, 0x27C, 0x210, 0x6FE, 0x720, 0xAF6, 0x258, 0x254, 0x2B2 } },
    { 0x6A39, { 0x000, 0x244, 0x2E4, 0xF5E, 0x2E4, 0x204, 0x6F4, 0x7AC, 0xAE4, 0x2A4, 0x274, 0x2CC } },
    { 0x6A5F, { 0x000, 0x252, 0x294, 0xF52, 0x2B4, 0x2DE, 0x614, 0x7FE, 0xA90, 0x2CA, 0x2A4, 0x30A } },
    { 0x6A6B, { 0x000, 0x228, 0x27C, 0xF28, 0x238, 0x200, 0x6FE, 0x754, 0xA7C, 0x254, 0x27C, 0x2C6 } },
    { 0x6A94, { 0x000, 0x254, 0x292, 0xFFE, 0x282, 0x27C, 0x744, 0x6FE, 0xA92, 0x2FE, 0x292, 0x2FE } },
    { 0x6B04, { 0x000, 0x2EE, 0x2AA, 0xFEE, 0x2AA, 0x2EE, 0x692, 0x7FE, 0xAD6, 0x2FE, 0x2BA, 0x2D6 } },
    { 0x6B21, { 0x000, 0x040, 0x040, 0xE7E, 0x052, 0x094, 0x010, 0x210, 0x428, 0x828, 0x044, 0x182 } },
    { 0x6B47, { 0x000, 0x7D0, 0x450, 0x7DE, 0x46A, 0x7CA, 0x208, 0x7C8, 0xA48, 0x554, 0x754, 0x0E2 } },
    { 0x6B4C, { 0x000, 0xFD0, 0xA90, 0xA9E, 0xEAA, 0x0AA, 0xFC8, 0xA88, 0xA88, 0xE94, 0x094, 0x1A2 } },
    { 0x6B61, { 0x000, 0x290, 0xED0, 0x49E, 0xB52, 0xFEA, 0x288, 0x7C8, 0xC88, 0x7D4, 0x494, 0x7E2 } },
    { 0x6B62, { 0x000, 0x040, 0x040, 0x040, 0x240, 0x27C, 0x240, 0x240, 0x240, 0x240, 0x240, 0xFFE } },
    { 0x6B63, { 0x000, 0xFFE, 0x040, 0x040, 0x040, 0x240, 0x27C, 0x240, 0x240, 0x240, 0x240, 0xFFE } },
    { 0x6B64, { 0x000, 0x110, 0x110, 0x112, 0x514, 0x5D8, 0x510, 0x510, 0x510, 0x512, 0x5D2, 0xE0E } },
    { 0x6B65, { 0x000, 0x040, 0x27C, 0x240, 0x240, 0xFFE, 0x040, 0x244, 0xC48, 0x010, 0x060, 0x780 } },
    { 0x6B66, { 0x000, 0x7D4, 0x012, 0xFFE, 0x010, 0x110, 0x510, 0x5D0, 0x508, 0x50A, 0x5C6, 0xE02 } },
    { 0x6B72, { 0x000, 0x040, 0x27C, 0x240, 0xFFE, 0x014, 0x7FE, 0x410, 0x7EA, 0x68A, 0x4A4, 0xBCA } },
    { 0x6B77, { 0x000, 0x7FE, 0x4CC, 0x7B8, 0x488, 0x5DC, 0x6AA, 0x488, 0x420, 0x53C, 0x520, 0xBFE } },
    { 0x6B78, { 0x000, 0x47C, 0xF04, 0x97E, 0xF84, 0x8FE, 0xF92, 0x27C, 0xB54, 0xA54, 0xB5C, 0xC10 } },
    { 0x6B7B, { 0x000, 0xFFE, 0x220, 0x220, 0x3A2, 0x4A4, 0x4B8, 0xAA0, 0x120, 0x122, 0x222, 0xC1E } },
    { 0x6B86, { 0x000, 0xF10, 0x410, 0x424, 0x744, 0x9FA, 0x900, 0x57E, 0x242, 0x242, 0x442, 0x87E } },
    { 0x6B98, { 0x000, 0xF42, 0x4FE, 0x424, 0x71A, 0x9E6, 0x948, 0x5FE, 0x344, 0x228, 0x432, 0x9CE } },
    { 0x6BBA, { 0x000, 0x0BC, 0xD24, 0x324, 0x4A4, 0x826, 0x280, 0xFBE, 0x222, 0x724, 0xA98, 0x266 } },
    { 0x6BBC, { 0x000, 0x23C, 0xFA4, 0x224, 0xFA4, 0x8C6, 0xF00, 0x07E, 0x722, 0x524, 0x998, 0x866 } },
    { 0x6BBF, { 0x000, 0xFDC, 0x854, 0xFD4, 0x814, 0xAA6, 0xFC0, 0xABE, 0xFE2, 0x814, 0xA88, 0x476 } },
    { 0x6BC0, { 0x000, 0x43C, 0x9A4, 0x8A4, 0xDA4, 0x8C6, 0xF80, 0x27E, 0xFA2, 0x224, 0x398, 0xC66 } },
    { 0x6BC6, { 0x000, 0xF9C, 0x814, 0xB94, 0xA94, 0xBA6, 0x800, 0xFBE, 0xAA2, 0xF94, 0x808, 0xFB6 } },
    { 0x6BCD, { 0x000, 0x3FC, 0x204, 0x244, 0x224, 0xFFE, 0x404, 0x444, 0x424, 0x7FE, 0x004, 0x018 } },
    { 0x6BCF, { 0x000, 0x200, 0x3FE, 0x400, 0xBFC, 0x244, 0x224, 0xFFE, 0x444, 0x424, 0x7FE, 0x004 } },
    { 0x6BD2, { 0x000, 0x040, 0x7FC, 0x040, 0x7FC, 0x040, 0xFFE, 0x244, 0xFFE, 0x444, 0x7FE, 0x004 } },
    { 0x6BD4, { 0x000, 0x420, 0x420, 0x422, 0x424, 0x7B8, 0x420, 0x420, 0x420, 0x422, 0x5A2, 0xE1E } },
    { 0x6BEB, { 0x000, 0x040, 0xFFE, 0x208, 0x3F8, 0x000, 0xFFE, 0x872, 0x780, 0x0FC, 0xF82, 0x07E } },
    { 0x6C11, { 0x000, 0x7FC, 0x404, 0x404, 0x7FC, 0x420, 0x420, 0x7FE, 0x410, 0x410, 0x58A, 0xE06 } },
    { 0x6C23, { 0x000, 0x400, 0x7FC, 0x800, 0x7F8, 0x000, 0xFF8, 0x928, 0x548, 0xFEA, 0x54A, 0x924 } },
    { 0x6C34, { 0x000, 0x040, 0x040, 0x042, 0xF64, 0x168, 0x150, 0x250, 0x248, 0x444, 0x842, 0x1C0 } },
    { 0x6C38, { 0x000, 0x0C0, 0x020, 0x3C2, 0x044, 0xF68, 0x150, 0x150, 0x248, 0x444, 0x842, 0x1C0 } },
    { 0x6C42, { 0x000, 0x048, 0x044, 0xFFE, 0x040, 0x444, 0x268, 0x050, 0x0C8, 0x344, 0xC42, 0x1C0 } },
    { 0x6C50, { 0x000, 0x020, 0x83E, 0x422, 0x042, 0x882, 0x424, 0x014, 0x408, 0x410, 0x860, 0x980 } },
    { 0x6C60, { 0x000, 0x410, 0x290, 0x096, 0x8BA, 0x5D2, 0x092, 0x096, 0x490, 0x482, 0x882, 0x87E } },
    { 0x6C89, { 0x000, 0x9FE, 0x502, 0x102, 0x878, 0x448, 0x048, 0x048, 0x448, 0x44A, 0x88A, 0x90E } },
    { 0x6C92, { 0x000, 0x040, 0x87C, 0x444, 0x084, 0x898, 0x400, 0x0FC, 0x044, 0x248, 0x438, 0x9C6 } },
    { 0x6C99, { 0x000, 0x410, 0x210, 0x094, 0x892, 0x492, 0x110, 0x032, 0x404, 0x408, 0x830, 0x9C0 } },
    { 0x6C9B, { 0x000, 0x410, 0x210, 0x0FE, 0x810, 0x4FE, 0x092, 0x092, 0x492, 0x496, 0x810, 0x810 } },
    { 0x6CBB, { 0x000, 0x420, 0x220, 0x048, 0x884, 0x5FA, 0x002, 0x0FC, 0x484, 0x484, 0x884, 0x8FC } },
    { 0x6CC9, { 0x000, 0x080, 0x7FC, 0x404, 0x7FC, 0x404, 0x7FC, 0x042, 0xF6C, 0x150, 0x248, 0xCC6 } },
    { 0x6CD5, { 0x000, 0x410, 0x210, 0x0FC, 0x810, 0x410, 0x1FE, 0x020, 0x444, 0x444, 0x89A, 0x9E2 } },
    { 0x6CE2, { 0x000, 0x410, 0x2FE, 0x092, 0x890, 0x4FE, 0x0C2, 0x0A2, 0x494, 0x488, 0x894, 0x962 } },
    { 0x6CE5, { 0x000, 0x4FE, 0x282, 0x082, 0x8FE, 0x480, 0x0A0, 0x0A6, 0x4B8, 0x4A0, 0x8A2, 0x91E } },
    { 0x6CE8, { 0x000, 0x820, 0x410, 0x1FE, 0x810, 0x410, 0x010, 0x0FC, 0x410, 0x410, 0x810, 0x9FE } },
    { 0x6CF0, { 0x000, 0x040, 0x7FC, 0x080, 0x7FC, 0x110, 0xFFE, 0x248, 0x554, 0x8E2, 0x150, 0x6CC } },
    { 0x6D17, { 0x000, 0x490, 0x290, 0x0FC, 0x910, 0x410, 0x1FE, 0x048, 0x448, 0x48A, 0x88A, 0x90E } },
    { 0x6D1E, { 0x000, 0x9FE, 0x502, 0x17A, 0x902, 0x57A, 0x14A, 0x14A, 0x54A, 0x57A, 0x902, 0x906 } },
    { 0x6D32, { 0x000, 0x492, 0x292, 0x092, 0x9DA, 0x5B6, 0x2B6, 0x092, 0x492, 0x492, 0x892, 0x912 } },
    { 0x6D3B, { 0x000, 0x40C, 0x2F0, 0x010, 0x810, 0x5FE, 0x010, 0x010, 0x4FC, 0x484, 0x884, 0x8FC } },
    { 0x6D3E, { 0x000, 0x40C, 0x2F0, 0x086, 0x8B8, 0x4A8, 0x0AA, 0x0AC, 0x4A8, 0x4A4, 0x8B4, 0x922 } },
    { 0x6D41, { 0x000, 0x820, 0x5FE, 0x040, 0x884, 0x5FA, 0x000, 0x0A8, 0x4A8, 0x4A8, 0x8AA, 0x92E } },
    { 0x6D69, { 0x000, 0x890, 0x4FC, 0x110, 0x810, 0x5FE, 0x010, 0x0FC, 0x484, 0x484, 0x884, 0x8FC } },
    { 0x6D6A, { 0x000, 0x420, 0x2FC, 0x084, 0x8FC, 0x484, 0x0FC, 0x092, 0x494, 0x488, 0x8A4, 0x9C2 } },
    { 0x6D74, { 0x000, 0x848, 0x484, 0x132, 0x848, 0x484, 0x302, 0x0FC, 0x484, 0x484, 0x884, 0x8FC } },
    { 0x6D77, { 0x000, 0x880, 0x4FE, 0x100, 0x8FC, 0x4A4, 0x094, 0x1FE, 0x4A4, 0x494, 0x8FE, 0x804 } },
    { 0x6D88, { 0x000, 0x454, 0x292, 0x010, 0x8FE, 0x482, 0x0FE, 0x082, 0x4FE, 0x482, 0x882, 0x886 } },
    { 0x6DB2, { 0x000, 0x820, 0x5FE, 0x050, 0x85E, 0x492, 0x0AA, 0x1A4, 0x4D4, 0x488, 0x894, 0x8A2 } },
    { 0x6DBC, { 0x000, 0x810, 0x5FE, 0x000, 0x8FC, 0x484, 0x084, 0x0FC, 0x410, 0x494, 0x912, 0x830 } },
    { 0x6DD8, { 0x000, 0x880, 0x4FE, 0x182, 0x8FA, 0x522, 0x0FA, 0x022, 0x4AA, 0x4FA, 0x802, 0x80C } },
    { 0x6DE1, { 0x000, 0x410, 0x252, 0x094, 0x810, 0x428, 0x1C6, 0x010, 0x452, 0x494, 0x828, 0x9C6 } },
    { 0x6DE8, { 0x000, 0x80C, 0x4F0, 0x0A4, 0x912, 0x4FC, 0x014, 0x1FE, 0x414, 0x4FC, 0x810, 0x870 } },
    { 0x6DF1, { 0x000, 0x9FE, 0x502, 0x028, 0x84A, 0x58E, 0x010, 0x1FE, 0x410, 0x438, 0x854, 0x992 } },
    { 0x6DF5, { 0x000, 0x94A, 0x54A, 0x14A, 0x9CE, 0x502, 0x1FE, 0x102, 0x5CE, 0x54A, 0x94A, 0xA4A } },
    { 0x6DF7, { 0x000, 0x9FC, 0x504, 0x1FC, 0x904, 0x5FC, 0x000, 0x112, 0x5DC, 0x510, 0x952, 0xB8E } },
    { 0x6DF9, { 0x000, 0x820, 0x5FC, 0x088, 0x924, 0x7FE, 0x124, 0x1FC, 0x524, 0x5FC, 0x822, 0x81E } },
    { 0x6DFA, { 0x000, 0x042, 0x9FE, 0x448, 0x032, 0x8CE, 0x448, 0x1FE, 0x444, 0x428, 0x832, 0x9CE } },
    { 0x6DFB, { 0x000, 0x4FC, 0x220, 0x020, 0x9FE, 0x448, 0x084, 0x122, 0x4B4, 0x4AA, 0x92A, 0x860 } },
    { 0x6E05, { 0x000, 0x410, 0x2FC, 0x010, 0x8FC, 0x410, 0x1FE, 0x084, 0x4FC, 0x484, 0x8FC, 0x884 } },
    { 0x6E1B, { 0x000, 0x40A, 0x20A, 0x0FE, 0x888, 0x4EA, 0x08A, 0x0EA, 0x4A4, 0x4E4, 0x88A, 0x932 } },
    { 0x6E21, { 0x000, 0x810, 0x5FE, 0x144, 0x9FE, 0x544, 0x17C, 0x100, 0x57C, 0x544, 0x938, 0xAC6 } },
    { 0x6E34, { 0x000, 0x4FC, 0x284, 0x0FC, 0x884, 0x4FC, 0x040, 0x0FE, 0x512, 0x4AA, 0x8FA, 0x806 } },
    { 0x6E67, { 0x000, 0x4FC, 0x228, 0x0FE, 0x892, 0x4FE, 0x092, 0x010, 0x4FE, 0x422, 0x842, 0x98C } },
    { 0x6E90, { 0x000, 0x9FE, 0x510, 0x17C, 0x944, 0x57C, 0x144, 0x17C, 0x510, 0x554, 0x952, 0xAB2 } },
    { 0x6E96, { 0x000, 0x450, 0x2FE, 0x890, 0x5FE, 0x090, 0x2FE, 0x490, 0x8FE, 0x040, 0xFFE, 0x040 } },
    { 0x6EAB, { 0x000, 0x47C, 0x254, 0x06C, 0x844, 0x47C, 0x000, 0x0FE, 0x4AA, 0x4AA, 0x8AA, 0x9FE } },
    { 0x6EBA, { 0x000, 0x9EE, 0x422, 0x022, 0x9EE, 0x508, 0x1EE, 0x066, 0x4AA, 0x566, 0x8AA, 0x966 } },
    { 0x6EC5, { 0x000, 0x40A, 0x20A, 0x0FE, 0x888, 0x4FA, 0x0AA, 0x0EA, 0x4B4, 0x4A4, 0x8AA, 0x952 } },
    { 0x6ECB, { 0x000, 0x844, 0x5EE, 0x044, 0x844, 0x488, 0x12A, 0x0A6, 0x444, 0x488, 0x92A, 0x9EE } },
    { 0x6ED1, { 0x000, 0x4FC, 0x284, 0x09C, 0x894, 0x5FE, 0x102, 0x0FC, 0x484, 0x4FC, 0x884, 0x88C } },
    { 0x6EFE, { 0x000, 0x010, 0x9FE, 0x448, 0x084, 0x9FE, 0x484, 0x0FC, 0x452, 0x594, 0x888, 0x8E6 } },
    { 0x6EFF, { 0x000, 0x444, 0x2FE, 0x044, 0x87C, 0x410, 0x0FE, 0x092, 0x4FE, 0x4B6, 0x8DA, 0x896 } },
    { 0x6F02, { 0x000, 0x4FE, 0x228, 0x0FE, 0x8AA, 0x4FE, 0x000, 0x07C, 0x400, 0x4FE, 0x854, 0x8B2 } },
    { 0x6F0F, { 0x000, 0x9FE, 0x502, 0x1FE, 0x900, 0x57E, 0x108, 0x17E, 0x56E, 0x55A, 0x96E, 0xA5A } },
    { 0x6F2B, { 0x000, 0x4FC, 0x284, 0x0FC, 0x884, 0x5FE, 0x14A, 0x1FE, 0x484, 0x448, 0x830, 0x9CE } },
    { 0x6F32, { 0x000, 0x9DE, 0x450, 0x05E, 0x9D0, 0x51E, 0x110, 0x1FE, 0x454, 0x456, 0x854, 0x9BA } },
    { 0x6F38, { 0x000, 0x882, 0x7EC, 0x088, 0xBE8, 0x6AE, 0x3EA, 0x2AA, 0x7EA, 0x48A, 0xBEA, 0x892 } },
    { 0x6F5B, { 0x000, 0x1FE, 0x948, 0x5FE, 0x054, 0x8A6, 0x500, 0x0FC, 0x484, 0x4FC, 0x884, 0x8FC } },
    { 0x6F6E, { 0x000, 0x84E, 0x5EA, 0x04A, 0x9EE, 0x52A, 0x1EA, 0x12E, 0x5EA, 0x44A, 0x9EA, 0x856 } },
    { 0x6F70, { 0x000, 0x410, 0x2FC, 0x094, 0x8FC, 0x410, 0x1FE, 0x084, 0x4FC, 0x484, 0x8FC, 0x986 } },
    { 0x6F88, { 0x000, 0x848, 0x5E8, 0x08E, 0x92A, 0x5D2, 0x12A, 0x1EA, 0x52A, 0x5E4, 0x92A, 0x972 } },
    { 0x7009, { 0x000, 0x020, 0x9FE, 0x522, 0x1CE, 0x884, 0x4DC, 0x084, 0x5FE, 0x402, 0x952, 0xA56 } },
    { 0x704C, { 0x000, 0x424, 0x2E6, 0x044, 0x8AA, 0x4EE, 0x048, 0x07E, 0x4C8, 0x57E, 0x848, 0x87E } },
    { 0x706B, { 0x000, 0x040, 0x040, 0x244, 0x244, 0x448, 0x040, 0x0A0, 0x0A0, 0x110, 0x208, 0xC06 } },
    { 0x7070, { 0x000, 0x200, 0xFFE, 0x200, 0x220, 0x2A4, 0x2A4, 0x328, 0x420, 0x450, 0x888, 0x306 } },
    { 0x707C, { 0x000, 0x240, 0x240, 0xB7E, 0xA82, 0xA02, 0x202, 0x27A, 0x202, 0x502, 0x502, 0x80C } },
    { 0x707D, { 0x000, 0x124, 0x248, 0x490, 0x248, 0x124, 0x040, 0x244, 0x448, 0x0A0, 0x318, 0xC06 } },
    { 0x70B8, { 0x000, 0x220, 0x220, 0xA3E, 0xB50, 0xA90, 0x21E, 0x210, 0x210, 0x51E, 0x510, 0x810 } },
    { 0x70BA, { 0x000, 0x440, 0x240, 0xFF8, 0x088, 0x1FC, 0x104, 0x3FE, 0x402, 0xAAA, 0x2AA, 0x406 } },
    { 0x70C8, { 0x000, 0xFC2, 0x212, 0x3D2, 0x652, 0x952, 0x092, 0x302, 0xC06, 0x000, 0x524, 0x892 } },
    { 0x70D9, { 0x000, 0x220, 0x23C, 0xB44, 0xAA8, 0xA10, 0x228, 0x2C6, 0x27C, 0x544, 0x544, 0x87C } },
    { 0x7121, { 0x000, 0x400, 0x7FE, 0xAA8, 0x2A8, 0xFFE, 0x2A8, 0x2A8, 0xFFE, 0x000, 0x524, 0x892 } },
    { 0x7130, { 0x000, 0x220, 0x23C, 0xB44, 0xA88, 0xA20, 0x2CE, 0x282, 0x2EE, 0x582, 0x482, 0x8FE } },
    { 0x7136, { 0x000, 0x414, 0x792, 0x4FC, 0xA90, 0x110, 0x528, 0x244, 0xC82, 0x000, 0x524, 0x892 } },
    { 0x7149, { 0x000, 0x210, 0x2FE, 0xB10, 0xAFE, 0xAD6, 0x2BA, 0x292, 0x2FE, 0x538, 0x554, 0x892 } },
    { 0x7167, { 0x000, 0xF7E, 0x912, 0x922, 0xF46, 0x900, 0x97E, 0x942, 0xF7E, 0x000, 0x524, 0x892 } },
    { 0x7184, { 0x000, 0x220, 0x2FC, 0xA84, 0xBFC, 0xA84, 0x2FC, 0x284, 0x2FC, 0x550, 0x4C4, 0x97A } },
    { 0x718A, { 0x000, 0x426, 0x938, 0xFA2, 0x89E, 0xFA4, 0x8B8, 0xFA2, 0x89E, 0x000, 0x524, 0x892 } },
    { 0x7194, { 0x000, 0x210, 0x2FE, 0xAAA, 0xB44, 0xA10, 0x228, 0x2C6, 0x27C, 0x544, 0x544, 0x87C } },
    { 0x719F, { 0x000, 0x110, 0xFD0, 0x4BC, 0x794, 0x134, 0xFD4, 0x12A, 0x342, 0x000, 0x524, 0x892 } },
    { 0x71B1, { 0x000, 0x110, 0xFFC, 0x114, 0xFD4, 0x524, 0xBA4, 0x252, 0xF4A, 0x000, 0x524, 0x892 } },
    { 0x71C3, { 0x000, 0x2EA, 0x2AA, 0xABE, 0xB68, 0xAA8, 0x248, 0x294, 0x522, 0x400, 0x8A4, 0x912 } },
    { 0x71D2, { 0x000, 0x210, 0x27C, 0xB10, 0xAFE, 0xA44, 0x2EE, 0x244, 0x2FE, 0x528, 0x54A, 0x88E } },
    { 0x71D9, { 0x000, 0x4FC, 0x284, 0x8FC, 0x484, 0x1FE, 0x44A, 0x896, 0x244, 0x448, 0x0A0, 0xF1E } },
    { 0x71ED, { 0x000, 0x2FE, 0x2AA, 0xBFE, 0xA40, 0xAFE, 0x322, 0x2FA, 0x2AA, 0x5FA, 0x52A, 0x8F6 } },
    { 0x71FC, { 0x000, 0x210, 0x2FE, 0xB12, 0xAFE, 0xA12, 0x2FE, 0x224, 0x292, 0x5FE, 0x4AA, 0x9FE } },
    { 0x7206, { 0x000, 0x27C, 0x244, 0xA7C, 0xB44, 0xAFE, 0x228, 0x2FE, 0x254, 0x5BA, 0x554, 0x8B2 } },
    { 0x720D, { 0x000, 0x254, 0x2B8, 0xAAA, 0xB7C, 0xAAA, 0x2FE, 0x210, 0x2FE, 0x538, 0x554, 0x892 } },
    { 0x7210, { 0x000, 0x21C, 0x210, 0xAFE, 0xBA2, 0xAFC, 0x2D4, 0x2FC, 0x2D4, 0x5FE, 0x4AA, 0x97E } },
    { 0x721B, { 0x000, 0x2EE, 0x2AA, 0xAEE, 0xBAA, 0xAEE, 0x292, 0x2FE, 0x2D6, 0x5FE, 0x4BA, 0x8D6 } },
    { 0x722A, { 0x000, 0x03C, 0x7C8, 0x448, 0x448, 0x448, 0x448, 0x448, 0x448, 0x444, 0x444, 0x842 } },
    { 0x722C, { 0x000, 0x1C0, 0xEBE, 0xAAA, 0xAAA, 0xABE, 0xAA0, 0xAA2, 0xAA2, 0xA9E, 0xA40, 0xA3E } },
    { 0x722D, { 0x000, 0x01C, 0x7E0, 0x488, 0x844, 0x7FC, 0x044, 0xFFE, 0x044, 0x7FC, 0x040, 0x1C0 } },
    { 0x723E, { 0x000, 0xFFE, 0x248, 0x444, 0xFFE, 0x444, 0x6EC, 0x554, 0x6EC, 0x554, 0x6EC, 0x444 } },
    { 0x7246, { 0x000, 0xA10, 0xAFE, 0xA10, 0xE54, 0x2BA, 0x210, 0xFFE, 0xA82, 0xABA, 0xAAA, 0xAFE } },
    { 0x7247, { 0x000, 0x210, 0x210, 0x210, 0x3FE, 0x200, 0x200, 0x3F8, 0x208, 0x408, 0x408, 0x808 } },
    { 0x724C, { 0x000, 0x520, 0x57E, 0x552, 0x7FE, 0x452, 0x47E, 0x728, 0x548, 0x5FE, 0x508, 0x908 } },
    { 0x7259, { 0x000, 0x7FC, 0x210, 0x210, 0x410, 0x7FE, 0x030, 0x050, 0x090, 0x310, 0xC10, 0x070 } },
    { 0x725F, { 0x000, 0x100, 0x204, 0xFFA, 0x000, 0x440, 0x7FC, 0x840, 0x040, 0xFFE, 0x040, 0x040 } },
    { 0x7262, { 0x000, 0x040, 0xFFE, 0x802, 0x240, 0x3FC, 0x440, 0x040, 0xFFE, 0x040, 0x040, 0x040 } },
    { 0x7269, { 0x000, 0x240, 0xA40, 0xF7E, 0xAAA, 0x22A, 0x32A, 0xE4A, 0x252, 0x292, 0x222, 0x24C } },
    { 0x72C2, { 0x000, 0xAFE, 0x410, 0x410, 0xA10, 0x210, 0x2FE, 0x610, 0xA10, 0x210, 0x210, 0xCFE } },
    { 0x72E9, { 0x000, 0xA10, 0x4FE, 0x482, 0xA8A, 0x208, 0x2FE, 0x608, 0xA48, 0x228, 0x208, 0xC18 } },
    { 0x72FC, { 0x000, 0xA20, 0x4FC, 0x484, 0xAFC, 0x284, 0x2FC, 0x692, 0xA94, 0x288, 0x2A4, 0xDC2 } },
    { 0x731B, { 0x000, 0xA7C, 0x408, 0x410, 0xAFE, 0x210, 0x230, 0x600, 0xAFE, 0x2AA, 0x2AA, 0xDFE } },
    { 0x7344, { 0x000, 0x2EA, 0xA0A, 0x5E8, 0x41E, 0xAE8, 0x208, 0x608, 0xAF4, 0x294, 0x292, 0xCF2 } },
    { 0x734E, { 0x000, 0x50E, 0x772, 0x12C, 0xF7E, 0x544, 0x92C, 0x048, 0xFFE, 0x0A0, 0x318, 0xC06 } },
    { 0x7372, { 0x000, 0x224, 0xAFE, 0x424, 0x47E, 0xAC8, 0x27E, 0x648, 0xAFE, 0x244, 0x238, 0xCC6 } },
    { 0x7375, { 0x000, 0xA54, 0x4A8, 0x454, 0xAFE, 0x292, 0x2AA, 0x6FE, 0xA94, 0x2DC, 0x294, 0xDDA } },
    { 0x7378, { 0x000, 0xEEA, 0xAAA, 0xFE8, 0x95E, 0xFC8, 0x948, 0xFC8, 0x008, 0xFD4, 0x854, 0xFE2 } },
    { 0x737B, { 0x000, 0x38A, 0x20A, 0xFC8, 0xA7E, 0xFC8, 0xA08, 0xFC8, 0xA94, 0xFD4, 0xA62, 0xD42 } },
    { 0x7387, { 0x000, 0x040, 0xFFE, 0x444, 0x2A8, 0x040, 0x4A4, 0x9F2, 0x040, 0xFFE, 0x040, 0x040 } },
    { 0x7389, { 0x000, 0xFFE, 0x040, 0x040, 0x040, 0x040, 0x7FC, 0x040, 0x048, 0x044, 0x040, 0xFFE } },
    { 0x738B, { 0x000, 0xFFE, 0x040, 0x040, 0x040, 0x040, 0x7FC, 0x040, 0x040, 0x040, 0x040, 0xFFE } },
    { 0x73A9, { 0x000, 0x0FC, 0xE00, 0x400, 0x400, 0x5FE, 0xE48, 0x448, 0x448, 0x68A, 0xC8A, 0x10E } },
    { 0x73BB, { 0x000, 0x010, 0xEFE, 0x492, 0x490, 0x4FE, 0xEC2, 0x4A2, 0x494, 0x688, 0xC94, 0x162 } },
    { 0x73C0, { 0x000, 0x008, 0xF10, 0x27E, 0x242, 0x242, 0xF42, 0x27E, 0x242, 0x342, 0xC42, 0x07E } },
    { 0x73E0, { 0x000, 0x090, 0xE90, 0x4FC, 0x510, 0x410, 0xEFE, 0x410, 0x438, 0x654, 0xD92, 0x010 } },
    { 0x73FE, { 0x000, 0x0FC, 0xE84, 0x4FC, 0x484, 0x4FC, 0xE84, 0x4FC, 0x448, 0x64A, 0xC8A, 0x10E } },
    { 0x7403, { 0x000, 0x014, 0xE12, 0x4FE, 0x410, 0x492, 0xE54, 0x418, 0x434, 0x652, 0xC90, 0x030 } },
    { 0x7406, { 0x000, 0x0FE, 0xE92, 0x492, 0x4FE, 0x492, 0xE92, 0x4FE, 0x410, 0x6FE, 0xC10, 0x1FE } },
    { 0x7425, { 0x000, 0x01C, 0xE10, 0x4FE, 0x492, 0x49C, 0xEF2, 0x49E, 0x480, 0x6A8, 0xCAA, 0x14E } },
    { 0x7455, { 0x000, 0x0EE, 0xEA2, 0x4A2, 0x4EE, 0x480, 0xEEE, 0x48A, 0x48A, 0x6E4, 0xC8A, 0x092 } },
    { 0x7483, { 0x000, 0x010, 0xEFE, 0x428, 0x492, 0x4AA, 0xEFE, 0x410, 0x4FE, 0x6AA, 0xCF6, 0x082 } },
    { 0x74B0, { 0x000, 0x0FE, 0xEAA, 0x4FE, 0x400, 0x4FE, 0xE44, 0x47C, 0x428, 0x6CA, 0xC54, 0x0E2 } },
    { 0x751F, { 0x000, 0x440, 0x440, 0x7FC, 0x440, 0x840, 0x040, 0x7FC, 0x040, 0x040, 0x040, 0xFFE } },
    { 0x7522, { 0x000, 0x040, 0xFFE, 0x110, 0x2E8, 0x7FE, 0x520, 0x5FC, 0x620, 0x5FC, 0x420, 0xBFE } },
    { 0x7526, { 0x000, 0xFA8, 0x228, 0xFBE, 0xAC8, 0xF88, 0xABE, 0xF88, 0x208, 0xA7E, 0x400, 0xBFE } },
    { 0x7528, { 0x000, 0x7FC, 0x444, 0x444, 0x7FC, 0x444, 0x444, 0x7FC, 0x444, 0x444, 0x444, 0x84C } },
    { 0x7531, { 0x000, 0x040, 0x040, 0xFFE, 0x842, 0x842, 0x842, 0xFFE, 0x842, 0x842, 0x842, 0xFFE } },
    { 0x7532, { 0x000, 0xFFE, 0x842, 0x842, 0xFFE, 0x842, 0x842, 0xFFE, 0x040, 0x040, 0x040, 0x040 } },
    { 0x754C, { 0x000, 0x7FC, 0x444, 0x7FC, 0x444, 0x7FC, 0x110, 0x208, 0xD16, 0x110, 0x210, 0xC10 } },
    { 0x7559, { 0x000, 0x1BE, 0x612, 0x412, 0x4A2, 0xF46, 0x000, 0x7FC, 0x444, 0x7FC, 0x444, 0x7FC } },
    { 0x756B, { 0x000, 0x7FC, 0x044, 0xFFE, 0x044, 0x7FC, 0x040, 0xFFE, 0x444, 0x7FC, 0x444, 0xFFE } },
    { 0x7570, { 0x000, 0x7FC, 0x444, 0x7FC, 0x444, 0x7FC, 0x110, 0x7FC, 0x110, 0xFFE, 0x208, 0xC06 } },
    { 0x7576, { 0x000, 0x248, 0x444, 0xFFE, 0x802, 0x3F8, 0x208, 0x7FC, 0x444, 0x7FC, 0x444, 0x7FC } },
    { 0x758A, { 0x000, 0x3F8, 0x248, 0xFFE, 0xA4A, 0xFFE, 0xAAA, 0xFFE, 0xA0A, 0x3F8, 0x208, 0xFFE } },
    { 0x75AB, { 0x000, 0x020, 0x7FE, 0x400, 0xCF8, 0x488, 0x70E, 0xC00, 0x5FC, 0x488, 0x470, 0xB8E } },
    { 0x75B5, { 0x000, 0x020, 0x7FE, 0x448, 0xC48, 0x54A, 0x57C, 0xD48, 0x548, 0x548, 0x97A, 0xB8E } },
    { 0x75BE, { 0x000, 0x020, 0x7FE, 0x400, 0xC80, 0x4FC, 0x520, 0xC20, 0x5FE, 0x450, 0x488, 0xB06 } },
    { 0x75C5, { 0x000, 0x020, 0x7FE, 0x400, 0xDFE, 0x410, 0x5FE, 0xD12, 0x52A, 0x5C6, 0x502, 0x906 } },
    { 0x75D5, { 0x000, 0x020, 0x7FE, 0x400, 0xDFC, 0x504, 0x5FC, 0xD04, 0x5FC, 0x514, 0x548, 0xB86 } },
    { 0x75DB, { 0x000, 0x020, 0x7FE, 0x400, 0xDF8, 0x450, 0x5FC, 0xD24, 0x5FC, 0x524, 0x5FC, 0x924 } },
    { 0x75F4, { 0x000, 0x020, 0x7FE, 0x500, 0xDDE, 0x692, 0x492, 0xFF2, 0x492, 0x552, 0x55E, 0xA00 } },
    { 0x760B, { 0x000, 0x020, 0x7FE, 0x400, 0xDFC, 0x544, 0x5F4, 0xD54, 0x5F4, 0x544, 0x556, 0xAEA } },
    { 0x761F, { 0x000, 0x020, 0x7FE, 0x400, 0xCF8, 0x4A8, 0x4D8, 0xC88, 0x5FC, 0x554, 0x554, 0xBFE } },
    { 0x7642, { 0x000, 0x020, 0x7FE, 0x420, 0xFFE, 0x48A, 0x5FC, 0xE8A, 0x4F8, 0x420, 0x924, 0xA62 } },
    { 0x7652, { 0x000, 0x040, 0x7FE, 0x504, 0xEFE, 0x554, 0x5D4, 0xD44, 0x54C, 0x420, 0xA84, 0xA72 } },
    { 0x767C, { 0x000, 0xFA4, 0x0A8, 0x512, 0x20C, 0x73A, 0x924, 0x746, 0x43C, 0x724, 0x118, 0x766 } },
    { 0x767D, { 0x000, 0x040, 0x080, 0x7FC, 0x404, 0x404, 0x404, 0x7FC, 0x404, 0x404, 0x404, 0x7FC } },
    { 0x767E, { 0x000, 0xFFE, 0x040, 0x080, 0x7FC, 0x404, 0x404, 0x7FC, 0x404, 0x404, 0x404, 0x7FC } },
    { 0x7684, { 0x000, 0x220, 0x420, 0xFBE, 0x8C2, 0x882, 0x882, 0xFBA, 0x882, 0x882, 0x882, 0xF8C } },
    { 0x7686, { 0x000, 0x420, 0x7A6, 0x438, 0x5A2, 0xE3E, 0x080, 0x7FC, 0x404, 0x7FC, 0x404, 0x7FC } },
    { 0x7687, { 0x000, 0x080, 0x3F8, 0x208, 0x3F8, 0x208, 0x208, 0x7FC, 0x040, 0x7FC, 0x040, 0xFFE } },
    { 0x76AE, { 0x000, 0x020, 0x7FE, 0x422, 0x420, 0x7FC, 0x504, 0x484, 0x448, 0x430, 0x4C8, 0xB06 } },
    { 0x76D4, { 0x000, 0x200, 0xFFE, 0x220, 0x524, 0x554, 0x888, 0x306, 0x7FC, 0x4A4, 0x4A4, 0xFFE } },
    { 0x76E1, { 0x000, 0x040, 0x7FC, 0x044, 0xFFE, 0x044, 0xFFE, 0x524, 0x892, 0x7FC, 0x4A4, 0xFFE } },
    { 0x76E4, { 0x000, 0x23C, 0x7A4, 0x4C6, 0x6BC, 0x4A4, 0xF98, 0x4A6, 0x7FC, 0x4A4, 0x4A4, 0xFFE } },
    { 0x76EE, { 0x000, 0x7FC, 0x404, 0x404, 0x7FC, 0x404, 0x404, 0x404, 0x7FC, 0x404, 0x404, 0x7FC } },
    { 0x76F4, { 0x000, 0x040, 0xFFE, 0x040, 0x9F8, 0x908, 0x9F8, 0x908, 0x908, 0x9F8, 0x800, 0xFFE } },
    { 0x76F8, { 0x000, 0x27E, 0x242, 0xFC2, 0x27E, 0x242, 0x742, 0x6C2, 0xA7E, 0x242, 0x242, 0x27E } },
    { 0x76FE, { 0x000, 0x7FC, 0x420, 0x7FE, 0x420, 0x5FC, 0x504, 0x5FC, 0x504, 0x5FC, 0x504, 0x9FC } },
    { 0x7701, { 0x000, 0x248, 0x444, 0x8CA, 0x010, 0x1FC, 0xE04, 0x3FC, 0x204, 0x3FC, 0x204, 0x3FC } },
    { 0x770B, { 0x000, 0x7FC, 0x040, 0x7FC, 0x080, 0xFFE, 0x204, 0x7FC, 0xA04, 0x3FC, 0x204, 0x3FC } },
    { 0x771F, { 0x000, 0x040, 0x7FC, 0x040, 0x3F8, 0x208, 0x3F8, 0x208, 0x208, 0xFFE, 0x208, 0xC06 } },
    { 0x7729, { 0x000, 0xE10, 0xA10, 0xAFE, 0xE10, 0xAA0, 0xA44, 0xE28, 0xA10, 0xA24, 0xE44, 0x0FA } },
    { 0x773C, { 0x000, 0xEFC, 0xA84, 0xAFC, 0xE84, 0xA84, 0xAFC, 0xE92, 0xA94, 0xA88, 0xEA4, 0x1C2 } },
    { 0x775B, { 0x000, 0xE10, 0xAFC, 0xA10, 0xEFC, 0xA10, 0xBFE, 0xE94, 0xA94, 0xAFC, 0xE84, 0x08C } },
    { 0x7761, { 0x000, 0xE0C, 0xA70, 0xA10, 0xEFE, 0xA54, 0xAFE, 0xE54, 0xA54, 0xAFE, 0xE10, 0x0FE } },
    { 0x7784, { 0x000, 0xE44, 0xAEE, 0xA44, 0xE00, 0xAFE, 0xA92, 0xE92, 0xAFE, 0xA92, 0xE92, 0x0FE } },
    { 0x77AC, { 0x000, 0x0FE, 0xE52, 0xA54, 0xFFE, 0xA82, 0xAF4, 0xE9E, 0xAF4, 0xB14, 0xE3E, 0x0C4 } },
    { 0x77DB, { 0x000, 0x7FC, 0x008, 0x190, 0x060, 0xFFE, 0x0C2, 0x144, 0x248, 0xC40, 0x040, 0x1C0 } },
    { 0x77E2, { 0x000, 0x200, 0x3FC, 0x440, 0x840, 0x040, 0xFFE, 0x040, 0x0A0, 0x110, 0x208, 0xC06 } },
    { 0x77E5, { 0x000, 0x400, 0x7DE, 0x512, 0x912, 0x112, 0xFD2, 0x112, 0x292, 0x252, 0x45E, 0x800 } },
    { 0x77ED, { 0x000, 0x4FE, 0x700, 0xA7C, 0x244, 0x244, 0xF7C, 0x200, 0x244, 0x524, 0x528, 0x8FE } },
    { 0x77EE, { 0x000, 0x40E, 0x770, 0xA10, 0x2FE, 0x254, 0xF92, 0x220, 0x2FE, 0x524, 0x538, 0x8C6 } },
    { 0x77F3, { 0x000, 0xFFE, 0x080, 0x080, 0x100, 0x100, 0x3FC, 0x604, 0xA04, 0x204, 0x204, 0x3FC } },
    { 0x7827, { 0x000, 0xF10, 0x210, 0x21E, 0x410, 0x710, 0xD10, 0x57E, 0x542, 0x542, 0x742, 0x07E } },
    { 0x7832, { 0x000, 0xF40, 0x27E, 0x282, 0x47A, 0x74A, 0xD4A, 0x57A, 0x546, 0x540, 0x742, 0x03E } },
    { 0x7834, { 0x000, 0xF08, 0x27E, 0x24A, 0x448, 0x77E, 0xD42, 0x562, 0x554, 0x548, 0x754, 0x0A2 } },
    { 0x7838, { 0x000, 0xEFE, 0x488, 0x488, 0x8BE, 0xEAA, 0xAAA, 0xAAA, 0xAAE, 0xA88, 0xE88, 0x0FE } },
    { 0x786C, { 0x000, 0xEFE, 0x410, 0x4FE, 0x892, 0xEFE, 0xA92, 0xAFE, 0xA50, 0xA20, 0xE50, 0x18E } },
    { 0x788E, { 0x000, 0xF10, 0x2FE, 0x200, 0x444, 0x744, 0xDAA, 0x510, 0x5FE, 0x510, 0x710, 0x010 } },
    { 0x78B0, { 0x000, 0xF44, 0x228, 0x2FE, 0x428, 0x7AA, 0xDAA, 0x5AA, 0x5EE, 0x528, 0x728, 0x0FE } },
    { 0x78BA, { 0x000, 0xF10, 0x2FE, 0x2A2, 0x448, 0x77E, 0xDC8, 0x57E, 0x548, 0x57E, 0x748, 0x07E } },
    { 0x78BE, { 0x000, 0xEFE, 0x482, 0x4FE, 0x894, 0xEFE, 0xA94, 0xAFE, 0xAA8, 0xAAA, 0xEA4, 0x172 } },
    { 0x78E8, { 0x000, 0x020, 0x7FE, 0x488, 0x7FE, 0x5DC, 0x6AA, 0x7FE, 0x440, 0x4FE, 0x582, 0xAFE } },
    { 0x790E, { 0x000, 0xF44, 0x2EE, 0x244, 0x4EE, 0x754, 0xDFE, 0x512, 0x550, 0x55C, 0x7B0, 0x08E } },
    { 0x7926, { 0x000, 0xE10, 0x4FE, 0x494, 0x8BE, 0xE94, 0xAFE, 0xAAA, 0xABE, 0xAAA, 0xEBE, 0x162 } },
    { 0x792A, { 0x000, 0xEFE, 0x494, 0x4FE, 0x894, 0xEBE, 0xAAA, 0xABE, 0xAAA, 0xAFE, 0xECA, 0x15E } },
    { 0x793A, { 0x000, 0x7FC, 0x000, 0x000, 0xFFE, 0x040, 0x040, 0x248, 0x244, 0x442, 0x842, 0x1C0 } },
    { 0x7956, { 0x000, 0x77C, 0x044, 0x044, 0xF7C, 0x244, 0xA44, 0xB7C, 0xB44, 0xA44, 0xA44, 0x2FE } },
    { 0x795D, { 0x000, 0x77C, 0x044, 0x044, 0xF44, 0x244, 0xA7C, 0xB28, 0xB28, 0xA2A, 0xA4A, 0x28E } },
    { 0x795E, { 0x000, 0x710, 0x010, 0x0FE, 0xF92, 0x292, 0xAFE, 0xB92, 0xA92, 0xAFE, 0xA10, 0x210 } },
    { 0x7968, { 0x000, 0xFFE, 0x0A0, 0x7FC, 0x4A4, 0x7FC, 0x000, 0x7FC, 0x000, 0xFFE, 0x248, 0xCC6 } },
    { 0x796D, { 0x000, 0x420, 0x7BE, 0xAA2, 0x514, 0x208, 0xDF6, 0x000, 0x7FC, 0x040, 0x248, 0xCC6 } },
    { 0x798F, { 0x000, 0x6FE, 0x000, 0x07C, 0xF44, 0x27C, 0xA00, 0xAFE, 0xB92, 0xAFE, 0xA92, 0x2FE } },
    { 0x79A6, { 0x000, 0x5FE, 0x94A, 0x3FA, 0x44A, 0xD4E, 0x5F8, 0x000, 0xFFE, 0x040, 0x444, 0x8C2 } },
    { 0x79AE, { 0x000, 0x728, 0x0FE, 0x0AA, 0xFFE, 0x2AA, 0xAFE, 0xB82, 0xAFE, 0xA44, 0xA28, 0x2FE } },
    { 0x79B1, { 0x000, 0x610, 0x0FE, 0x010, 0xFFE, 0x202, 0xA7C, 0xB10, 0xAFE, 0xAA4, 0xAF4, 0x20C } },
    { 0x79BD, { 0x000, 0x0E0, 0x318, 0xC46, 0x7FC, 0x110, 0x4A4, 0x7FC, 0x080, 0xFFE, 0x912, 0xBEA } },
    { 0x79D2, { 0x000, 0x110, 0xE10, 0x254, 0x252, 0xF52, 0x290, 0x632, 0x704, 0xA08, 0x230, 0x2C0 } },
    { 0x79D8, { 0x000, 0x120, 0xE12, 0x202, 0x224, 0xF24, 0x2A8, 0x6AA, 0x732, 0xA20, 0x262, 0x29E } },
    { 0x79FB, { 0x000, 0x110, 0xE3E, 0x2C2, 0x224, 0xF18, 0x2E0, 0x63E, 0x6C2, 0xB24, 0x218, 0x2E0 } },
    { 0x7A00, { 0x000, 0x166, 0xE18, 0x266, 0x210, 0xF7E, 0x228, 0x67E, 0x6CA, 0xB4A, 0x24E, 0x208 } },
    { 0x7A05, { 0x000, 0x118, 0xE44, 0x282, 0x27C, 0xF44, 0x244, 0x67C, 0x728, 0xA2A, 0x24A, 0x28E } },
    { 0x7A0B, { 0x000, 0x17C, 0xE44, 0x244, 0x27C, 0xF00, 0x2FE, 0x610, 0x77C, 0xA10, 0x210, 0x2FE } },
    { 0x7A1C, { 0x000, 0x110, 0xE7C, 0x210, 0x2FE, 0xF28, 0x2CE, 0x63C, 0x744, 0xAA8, 0x210, 0x2EE } },
    { 0x7A2E, { 0x000, 0x17C, 0xE10, 0x2FE, 0x254, 0xF7C, 0x254, 0x67C, 0x710, 0xA7C, 0x210, 0x2FE } },
    { 0x7A4D, { 0x000, 0x110, 0xEFE, 0x210, 0x27C, 0xF10, 0x2FE, 0x644, 0x77C, 0xA44, 0x27C, 0x2C6 } },
    { 0x7A6B, { 0x000, 0x1A4, 0xEFE, 0x224, 0x27E, 0xFC8, 0x27E, 0x648, 0x6FE, 0xA44, 0xA38, 0x2C6 } },
    { 0x7A74, { 0x000, 0x040, 0x040, 0xFFE, 0x802, 0x9F2, 0x010, 0x110, 0x108, 0x208, 0x404, 0x802 } },
    { 0x7A7A, { 0x000, 0x040, 0xFFE, 0x912, 0x210, 0xC1E, 0x000, 0x7FC, 0x040, 0x040, 0x040, 0xFFE } },
    { 0x7A7F, { 0x000, 0x040, 0xFFE, 0x912, 0x208, 0x7FC, 0x210, 0x410, 0x7FE, 0x090, 0x310, 0xC30 } },
    { 0x7A81, { 0x000, 0x040, 0xFFE, 0x912, 0x210, 0xC5E, 0x044, 0xFFE, 0x040, 0x0A0, 0x318, 0xC06 } },
    { 0x7A97, { 0x000, 0x040, 0xFFE, 0x8A2, 0x73C, 0x040, 0x7FC, 0x494, 0x724, 0x4E4, 0x514, 0x7FC } },
    { 0x7ACA, { 0x000, 0x040, 0xFFE, 0x892, 0x71C, 0xA90, 0x73C, 0xFA4, 0x27E, 0x752, 0xAFA, 0x246 } },
    { 0x7ACB, { 0x000, 0x040, 0x040, 0xFFE, 0x000, 0x208, 0x208, 0x108, 0x110, 0x110, 0x020, 0xFFE } },
    { 0x7AD9, { 0x000, 0x210, 0x210, 0xF9E, 0x010, 0x910, 0x510, 0x57E, 0x242, 0x3C2, 0xC42, 0x07E } },
    { 0x7AE0, { 0x000, 0x040, 0x7FC, 0x110, 0xFFE, 0x208, 0x3F8, 0x208, 0x3F8, 0x040, 0xFFE, 0x040 } },
    { 0x7AEF, { 0x000, 0x492, 0x492, 0xEFE, 0x000, 0xAFE, 0xA10, 0xAFE, 0x4AA, 0x6AA, 0x8AA, 0x086 } },
    { 0x7B11, { 0x000, 0x420, 0x7BE, 0x948, 0x000, 0x03C, 0x7C0, 0x040, 0xFFE, 0x0A0, 0x318, 0xC06 } },
    { 0x7B26, { 0x000, 0x420, 0x7BE, 0x948, 0x200, 0x208, 0x4FE, 0xC08, 0x488, 0x448, 0x408, 0x438 } },
    { 0x7B2C, { 0x000, 0x420, 0x7BE, 0x948, 0x7FC, 0x044, 0x7FC, 0x440, 0x7FE, 0x142, 0x242, 0xC4C } },
    { 0x7B46, { 0x000, 0x420, 0x7BE, 0x948, 0x7FC, 0x044, 0xFFE, 0x044, 0x7FC, 0x040, 0xFFE, 0x040 } },
    { 0x7B49, { 0x000, 0x420, 0x7BE, 0x948, 0x7FC, 0x040, 0xFFE, 0x008, 0xFFE, 0x108, 0x088, 0x038 } },
    { 0x7B54, { 0x000, 0x420, 0x7BE, 0x948, 0x0E0, 0x318, 0xDF6, 0x000, 0x7FC, 0x404, 0x404, 0x7FC } },
    { 0x7B97, { 0x000, 0x420, 0x7BE, 0x948, 0x7FC, 0x404, 0x7FC, 0x404, 0x7FC, 0x110, 0xFFE, 0x210 } },
    { 0x7BAD, { 0x000, 0x420, 0x7BE, 0x948, 0x210, 0xFFE, 0x000, 0x7D4, 0x454, 0x7D4, 0x454, 0x4CC } },
    { 0x7BB1, { 0x000, 0x420, 0x7BE, 0x948, 0x000, 0x23E, 0xFA2, 0x23E, 0x722, 0x6BE, 0xA22, 0x23E } },
    { 0x7BC0, { 0x000, 0x420, 0x7BE, 0x948, 0xFBE, 0x8A2, 0xFA2, 0x8A2, 0xFA2, 0x922, 0xAAE, 0xCA0 } },
    { 0x7BC4, { 0x000, 0x420, 0x7BE, 0x948, 0x000, 0x11E, 0xFF2, 0x552, 0x7D6, 0x550, 0xFF2, 0x10E } },
    { 0x7BC9, { 0x000, 0x420, 0x7BE, 0x948, 0xFBC, 0x224, 0xF56, 0x040, 0xFFE, 0x0D0, 0x348, 0xC46 } },
    { 0x7BF7, { 0x000, 0x420, 0x7BE, 0x944, 0x878, 0x588, 0x870, 0x58E, 0x020, 0xDFC, 0x420, 0xFFE } },
    { 0x7C3F, { 0x000, 0x420, 0x7BE, 0x948, 0x824, 0x5FE, 0x0A4, 0x8FC, 0x4A4, 0x1FE, 0x444, 0x82C } },
    { 0x7C4D, { 0x000, 0x420, 0x7BE, 0x948, 0x224, 0xF7E, 0x224, 0xF7E, 0x242, 0x77E, 0xA42, 0x27E } },
    { 0x7C60, { 0x000, 0x420, 0x7BE, 0x948, 0x220, 0xFBE, 0x520, 0xFFE, 0x882, 0xFBE, 0x8A0, 0x99E } },
    { 0x7C73, { 0x000, 0x444, 0x248, 0x150, 0x040, 0xFFE, 0x040, 0x0E0, 0x150, 0x248, 0xC46, 0x040 } },
    { 0x7C89, { 0x000, 0x238, 0xB08, 0x644, 0x244, 0xF82, 0x27C, 0x624, 0x724, 0xA44, 0x244, 0x298 } },
    { 0x7CBE, { 0x000, 0x210, 0xB7C, 0x610, 0x27C, 0xF10, 0x2FE, 0x654, 0x754, 0xA7C, 0x244, 0x24C } },
    { 0x7D00, { 0x000, 0x47C, 0x404, 0x904, 0xE04, 0x504, 0xF7C, 0x240, 0xB40, 0xB42, 0xA42, 0x23E } },
    { 0x7D04, { 0x000, 0x440, 0x440, 0x97E, 0xE82, 0x502, 0xF02, 0x27A, 0xB02, 0xB02, 0xA02, 0x20C } },
    { 0x7D05, { 0x000, 0x4FE, 0x410, 0x910, 0xE10, 0x510, 0xF10, 0x210, 0xB10, 0xB10, 0xA10, 0x2FE } },
    { 0x7D0B, { 0x000, 0x410, 0x410, 0x9FE, 0xE44, 0x544, 0xF44, 0x228, 0xB28, 0xB10, 0xA28, 0x2C6 } },
    { 0x7D17, { 0x000, 0x410, 0x410, 0x954, 0xE52, 0x552, 0xE90, 0x232, 0xB04, 0xB08, 0xA30, 0x2C0 } },
    { 0x7D1A, { 0x000, 0x4FC, 0x444, 0x944, 0xE48, 0x57E, 0xF42, 0x262, 0xB54, 0xB48, 0xA54, 0x2A2 } },
    { 0x7D20, { 0x000, 0x040, 0x7FC, 0x040, 0x3F8, 0x040, 0xFFE, 0x120, 0x244, 0xFFA, 0x248, 0xC46 } },
    { 0x7D2B, { 0x000, 0x220, 0xBBE, 0xA20, 0xBE2, 0xE3E, 0x120, 0x244, 0xFFE, 0x040, 0x444, 0x842 } },
    { 0x7D42, { 0x000, 0x420, 0x43E, 0x942, 0xEA4, 0x518, 0xF24, 0x2D2, 0xB08, 0xB02, 0xA0C, 0x270 } },
    { 0x7D44, { 0x000, 0x47C, 0x444, 0x944, 0xE7C, 0x544, 0xF44, 0x27C, 0xB44, 0xB44, 0xA44, 0x2FE } },
    { 0x7D50, { 0x000, 0x410, 0x410, 0x8FE, 0xE10, 0x510, 0xF7C, 0x200, 0xB7C, 0xB44, 0xA44, 0x27C } },
    { 0x7D55, { 0x000, 0x4FE, 0x422, 0x8CC, 0xE00, 0x4FE, 0xF92, 0x2FE, 0xA80, 0xB82, 0xA82, 0x27E } },
    { 0x7D66, { 0x000, 0x410, 0x428, 0x944, 0xE82, 0x57C, 0xF00, 0x2FE, 0xA82, 0xB82, 0xA82, 0x2FE } },
    { 0x7D71, { 0x000, 0x420, 0x4FE, 0x940, 0xE44, 0x484, 0xFFA, 0x248, 0xB48, 0xB48, 0xA4A, 0x28E } },
    { 0x7D72, { 0x000, 0x210, 0x420, 0x842, 0xF7E, 0x210, 0x422, 0xFFE, 0x210, 0xA54, 0xA92, 0x210 } },
    { 0x7D81, { 0x000, 0x44E, 0x4EA, 0x94A, 0xE4A, 0x5EC, 0xF4A, 0x26A, 0xACA, 0xB4E, 0xA48, 0x288 } },
    { 0x7D93, { 0x000, 0x4FE, 0x400, 0x92A, 0xE54, 0x554, 0xF2A, 0x200, 0xA7C, 0xB10, 0xA10, 0x2FE } },
    { 0x7DA0, { 0x000, 0x420, 0x43C, 0x944, 0xE78, 0x508, 0xEFE, 0x210, 0xB54, 0xB38, 0xA54, 0x2B2 } },
    { 0x7DAD, { 0x000, 0x424, 0x428, 0x97E, 0xEC8, 0x57E, 0xF48, 0x248, 0xB7E, 0xB48, 0xA48, 0x27E } },
    { 0x7DB2, { 0x000, 0x4FE, 0x482, 0x9AA, 0xEFE, 0x592, 0xFFE, 0x2A2, 0xAA2, 0xBBA, 0xA82, 0x286 } },
    { 0x7DB4, { 0x000, 0x4EE, 0x422, 0xAAA, 0x444, 0xAAA, 0xE00, 0x4EE, 0xE2A, 0xEAA, 0xC44, 0x4AA } },
    { 0x7DBB, { 0x000, 0x410, 0x4FE, 0x982, 0xE00, 0x4FE, 0xF10, 0x250, 0xB5E, 0xB50, 0xAB0, 0x28E } },
    { 0x7DDA, { 0x000, 0x410, 0x4FE, 0x982, 0xEFE, 0x582, 0xEFE, 0x210, 0xBD6, 0xA58, 0xA94, 0x332 } },
    { 0x7DE8, { 0x000, 0x4FC, 0x480, 0x9FE, 0xE82, 0x5FE, 0xE80, 0x2FE, 0xBAA, 0xAFE, 0xAAA, 0x32A } },
    { 0x7DF4, { 0x000, 0x410, 0x4FE, 0x910, 0xEFE, 0x5D6, 0xFBA, 0x292, 0xAFE, 0xB38, 0xA54, 0x292 } },
    { 0x7E1B, { 0x000, 0x414, 0x4FE, 0x910, 0xEFE, 0x592, 0xFFE, 0x292, 0xB04, 0xAFE, 0xA44, 0x22C } },
    { 0x7E2E, { 0x000, 0x420, 0x5FE, 0x902, 0xE5C, 0x548, 0xF90, 0x2BE, 0xBA2, 0xABE, 0xAA2, 0x2BE } },
    { 0x7E3D, { 0x000, 0x420, 0x4FE, 0x992, 0xEEA, 0x596, 0xFAA, 0x2FE, 0xB10, 0xAA8, 0xAA2, 0x21C } },
    { 0x7E41, { 0x000, 0x408, 0xFEE, 0x55A, 0xFEA, 0x544, 0x7DA, 0x120, 0x244, 0xFFA, 0x248, 0xC46 } },
    { 0x7E54, { 0x000, 0x448, 0x5FA, 0xAAA, 0x4A8, 0xBFE, 0xE08, 0x4EA, 0xEA4, 0xEE4, 0xCAA, 0x4F2 } },
    { 0x7E5E, { 0x000, 0x410, 0x47C, 0x910, 0xEFE, 0x544, 0xFEE, 0x244, 0xAFE, 0xB28, 0xA4A, 0x28E } },
    { 0x7E7C, { 0x000, 0x4A4, 0x4DA, 0x9A4, 0xEDA, 0x5FE, 0xF80, 0x2A4, 0xADA, 0xBA4, 0xADA, 0x2FE } },
    { 0x7E8C, { 0x000, 0x410, 0x4FE, 0x910, 0xEFE, 0x5AA, 0xEFE, 0x244, 0xB7C, 0xB44, 0xA7C, 0x2C6 } },
    { 0x7E8F, { 0x000, 0x408, 0x4FE, 0x9AA, 0xEBE, 0x5AA, 0xFFE, 0x294, 0xAEA, 0xBBE, 0xA88, 0x37E } },
    { 0x7F6E, { 0x000, 0xFFE, 0x912, 0xFFE, 0x040, 0xFFE, 0x040, 0x9F8, 0x908, 0x9F8, 0x908, 0xFFE } },
    { 0x7F85, { 0x000, 0xFFE, 0x912, 0xFFE, 0x220, 0x524, 0xA7E, 0x4A4, 0xFBE, 0x224, 0xAA4, 0xABE } },
    { 0x7F8E, { 0x000, 0x110, 0xFFE, 0x040, 0x7FC, 0x040, 0xFFE, 0x040, 0xFFE, 0x0A0, 0x318, 0xC06 } },
    { 0x7FA4, { 0x000, 0x7A2, 0x294, 0xFBE, 0x288, 0x788, 0x23E, 0x408, 0x788, 0xCBE, 0x488, 0x788 } },
    { 0x7FA9, { 0x000, 0x110, 0xFFE, 0x040, 0x7FC, 0x040, 0xFFE, 0x214, 0xFFE, 0x214, 0xF8A, 0x636 } },
    { 0x7FBD, { 0x000, 0xFBE, 0x186, 0x28A, 0x492, 0x8A2, 0x186, 0x28A, 0x492, 0x8A2, 0x082, 0x30C } },
    { 0x7FD2, { 0x000, 0xFBE, 0x492, 0x9A6, 0x28A, 0x492, 0x040, 0x7FC, 0x404, 0x7FC, 0x404, 0x7FC } },
    { 0x7FD4, { 0x000, 0x9EE, 0xA22, 0xF32, 0x4AA, 0xE66, 0x422, 0x466, 0xEAA, 0x532, 0x822, 0x866 } },
    { 0x7FF1, { 0x000, 0x476, 0xF92, 0x8B6, 0xFDA, 0x892, 0xF92, 0x236, 0xFDA, 0x512, 0xA92, 0x236 } },
    { 0x7FFB, { 0x000, 0x1B6, 0xE12, 0xAB6, 0xFDA, 0x712, 0xA92, 0xFB6, 0xADA, 0xF92, 0xA92, 0xFB6 } },
    { 0x7FFC, { 0x000, 0xFBE, 0x492, 0x9A6, 0x28A, 0x3F8, 0x248, 0x7FC, 0x248, 0xFFE, 0x208, 0xC06 } },
    { 0x8000, { 0x000, 0x276, 0xA92, 0xAB6, 0x75A, 0x212, 0xF94, 0x53E, 0x564, 0x53E, 0x5A4, 0x93E } },
    { 0x8001, { 0x000, 0x084, 0x7E8, 0x090, 0x0A0, 0xFFE, 0x080, 0x304, 0xD18, 0x1E0, 0x102, 0x0FE } },
    { 0x8005, { 0x000, 0x082, 0x7F4, 0x088, 0x090, 0xFFE, 0x108, 0x3FC, 0x604, 0xBFC, 0x204, 0x3FC } },
    { 0x800C, { 0x000, 0xFFE, 0x040, 0x080, 0xFFE, 0x912, 0x912, 0x912, 0x912, 0x912, 0x912, 0x806 } },
    { 0x8010, { 0x000, 0xFE4, 0x104, 0x21E, 0xFE4, 0xAA4, 0xAB4, 0xAAC, 0xAA4, 0xAA4, 0xAA4, 0x86C } },
    { 0x8017, { 0x000, 0x20E, 0x370, 0xE10, 0x21E, 0xF70, 0x210, 0xF9E, 0x270, 0x710, 0xA92, 0x20E } },
    { 0x8056, { 0x000, 0xFFE, 0x4A2, 0x7A2, 0x4A2, 0x7BE, 0xC80, 0x3FC, 0x040, 0x3F8, 0x040, 0xFFE } },
    { 0x805A, { 0x000, 0xFFE, 0x482, 0x7A2, 0x4A4, 0x798, 0xCA4, 0x0C2, 0x248, 0x248, 0x554, 0x842 } },
    { 0x8072, { 0x000, 0x23C, 0xFA4, 0x246, 0xFBC, 0xAA4, 0xF98, 0x824, 0xFFE, 0x208, 0xFFE, 0x008 } },
    { 0x8077, { 0x000, 0xE48, 0xBFA, 0xEAA, 0xAA8, 0xBFE, 0xE08, 0xAEA, 0xAA4, 0xEE4, 0xAAA, 0x2F2 } },
    { 0x807D, { 0x000, 0xF88, 0x57E, 0x708, 0x57E, 0xF52, 0x17E, 0xF00, 0x57E, 0xF28, 0x562, 0xF9C } },
    { 0x8089, { 0x000, 0x040, 0x040, 0xFFE, 0x842, 0x8A2, 0xB1A, 0x842, 0x8A2, 0xB1A, 0x802, 0x80E } },
    { 0x808B, { 0x000, 0xE20, 0xA20, 0xAFE, 0xE22, 0xA22, 0xA22, 0xE22, 0xA22, 0xA42, 0xA42, 0xA8C } },
    { 0x80A9, { 0x000, 0x7FC, 0x400, 0x7FE, 0x402, 0x7FE, 0x400, 0x5FE, 0x502, 0x5FE, 0x502, 0x906 } },
    { 0x80B2, { 0x000, 0x040, 0xFFE, 0x100, 0x208, 0x7F4, 0x208, 0x3F8, 0x208, 0x3F8, 0x208, 0x218 } },
    { 0x80CC, { 0x000, 0x120, 0xF26, 0x138, 0x322, 0xD1E, 0x3F8, 0x208, 0x3F8, 0x208, 0x3F8, 0x208 } },
    { 0x80F8, { 0x000, 0xE40, 0xA7E, 0xA82, 0xF0A, 0xADA, 0xAAA, 0xEDA, 0xA8A, 0xAFA, 0xA02, 0xA0C } },
    { 0x80FD, { 0x000, 0x426, 0x938, 0xEA0, 0x022, 0xF9E, 0x880, 0xFA6, 0x8B8, 0xFA0, 0x8A2, 0x99E } },
    { 0x8106, { 0x000, 0xE40, 0xA78, 0xA88, 0xEFE, 0xB80, 0xABC, 0xEA4, 0xAAC, 0xAA0, 0xAA2, 0xB1E } },
    { 0x8108, { 0x000, 0xE0C, 0xAF0, 0xA86, 0xEB8, 0xAA8, 0xAAA, 0xEAC, 0xAA8, 0xAA4, 0xAB4, 0xB22 } },
    { 0x810A, { 0x000, 0x040, 0xE4E, 0x0A0, 0xD16, 0x208, 0x7FC, 0xA0A, 0x3F8, 0x208, 0x3F8, 0x208 } },
    { 0x811B, { 0x000, 0xEFE, 0xA00, 0xA54, 0xEA8, 0xAA8, 0xA54, 0xE00, 0xA7C, 0xA10, 0xA10, 0xAFE } },
    { 0x8150, { 0x000, 0x020, 0x7FE, 0x444, 0x4BE, 0x794, 0x48C, 0x5FE, 0x512, 0x56E, 0x512, 0x96E } },
    { 0x8165, { 0x000, 0xEFE, 0xA82, 0xAFE, 0xE82, 0xAFE, 0xA90, 0xEFE, 0xB10, 0xAFE, 0xA10, 0xBFE } },
    { 0x8173, { 0x000, 0xEAE, 0xB1A, 0xA4A, 0xEAA, 0xB1A, 0xA0A, 0xEEA, 0xAAA, 0xAAE, 0xAA8, 0xAE8 } },
    { 0x817F, { 0x000, 0xF3E, 0xAA2, 0xA3E, 0xF22, 0xABE, 0xA28, 0xFAA, 0xAA4, 0xAB2, 0xB40, 0xA3E } },
    { 0x819A, { 0x000, 0x07C, 0x040, 0x7FE, 0x442, 0x5FC, 0x524, 0x5FC, 0x488, 0x4F8, 0x488, 0x898 } },
    { 0x81C9, { 0x000, 0xE10, 0xA28, 0xA44, 0xEBA, 0xA00, 0xAEE, 0xEAA, 0xAEE, 0xA44, 0xA44, 0xAAA } },
    { 0x81DF, { 0x000, 0xE44, 0xAEE, 0xA44, 0xE0A, 0xABE, 0xAA8, 0xEFA, 0xA2A, 0xAFC, 0xAAC, 0xABA } },
    { 0x81E3, { 0x000, 0xFFE, 0x840, 0x840, 0xFFC, 0x804, 0x804, 0x804, 0xFFC, 0x840, 0x840, 0xFFE } },
    { 0x81EA, { 0x000, 0x040, 0x080, 0x7FC, 0x404, 0x7FC, 0x404, 0x404, 0x7FC, 0x404, 0x404, 0x7FC } },
    { 0x81F3, { 0x000, 0xFFE, 0x080, 0x110, 0x208, 0x7F4, 0x044, 0x040, 0x7FC, 0x040, 0x040, 0xFFE } },
    { 0x81F4, { 0x000, 0xFA0, 0x220, 0x43E, 0x944, 0xEA4, 0x224, 0x224, 0xF94, 0x208, 0x394, 0xC62 } },
    { 0x8207, { 0x000, 0x280, 0x4EC, 0x484, 0x6EC, 0x424, 0x6AC, 0x4A4, 0xFFE, 0x000, 0x208, 0xC06 } },
    { 0x8209, { 0x000, 0x2EC, 0x484, 0x6EC, 0x424, 0xFFE, 0x248, 0x5F4, 0x842, 0x7FC, 0x040, 0x040 } },
    { 0x821F, { 0x000, 0x080, 0x3F8, 0x208, 0x288, 0x248, 0xFFE, 0x208, 0x248, 0x448, 0x408, 0x838 } },
    { 0x822A, { 0x000, 0x210, 0x710, 0x5FE, 0x700, 0x578, 0xF48, 0x548, 0x748, 0x54A, 0x54A, 0xB8E } },
    { 0x822C, { 0x000, 0x21C, 0x794, 0x494, 0x694, 0x5E6, 0xF80, 0x4BE, 0x6A2, 0x594, 0x488, 0x9B6 } },
    { 0x8239, { 0x000, 0x23C, 0x784, 0x4A4, 0x6A4, 0x5C2, 0xF80, 0x4BE, 0x6A2, 0x5A2, 0x4A2, 0x9BE } },
    { 0x826F, { 0x000, 0x040, 0x7FC, 0x404, 0x7FC, 0x404, 0x7FC, 0x440, 0x422, 0x414, 0x588, 0xE06 } },
    { 0x8272, { 0x000, 0x200, 0x3F0, 0x410, 0xFFC, 0x444, 0x444, 0x7FC, 0x400, 0x402, 0x402, 0x3FE } },
    { 0x82B1, { 0x000, 0x110, 0xFBE, 0x110, 0x000, 0x120, 0x222, 0x62C, 0xAF0, 0x220, 0x222, 0x21E } },
    { 0x82E5, { 0x000, 0x110, 0xFBE, 0x110, 0x080, 0xFFE, 0x100, 0x200, 0x7FC, 0xA04, 0x204, 0x3FC } },
    { 0x82E6, { 0x000, 0x110, 0xFBE, 0x110, 0x040, 0xFFE, 0x040, 0x040, 0x7FC, 0x404, 0x404, 0x7FC } },
    { 0x82F1, { 0x000, 0x110, 0xFBE, 0x110, 0x040, 0x7FC, 0x444, 0x444, 0xFFE, 0x0A0, 0x318, 0xC06 } },
    { 0x834A, { 0x000, 0x110, 0xFBE, 0x110, 0x000, 0xFE2, 0x24A, 0x24A, 0xFEA, 0x24A, 0x442, 0x84E } },
    { 0x8389, { 0x000, 0x110, 0xFFE, 0x110, 0x0C2, 0x712, 0x112, 0xFD2, 0x312, 0x592, 0x942, 0x106 } },
    { 0x83AB, { 0x000, 0x110, 0xFBE, 0x110, 0x7FC, 0x404, 0x7FC, 0x404, 0xFFE, 0x0A0, 0x318, 0xC06 } },
    { 0x83BD, { 0x000, 0x110, 0xFBE, 0x110, 0x048, 0xFFE, 0x110, 0xE0E, 0x110, 0xFFE, 0x110, 0x610 } },
    { 0x840E, { 0x000, 0x110, 0xFBE, 0x150, 0xFFE, 0x248, 0xC46, 0x080, 0xFFE, 0x108, 0x1F0, 0xE0E } },
    { 0x842C, { 0x000, 0x110, 0xFBE, 0x110, 0x7FC, 0x444, 0x7FC, 0x444, 0xFFE, 0x852, 0xBFA, 0x806 } },
    { 0x843D, { 0x000, 0x110, 0xFBE, 0x110, 0x420, 0x27C, 0x8C4, 0x438, 0x0C6, 0x27C, 0x444, 0x87C } },
    { 0x8457, { 0x000, 0x110, 0xFBE, 0x110, 0x082, 0x7F4, 0x088, 0xFFE, 0x204, 0x7FC, 0xA04, 0x3FC } },
    { 0x846C, { 0x000, 0x110, 0xFBE, 0x110, 0xFFE, 0x4A4, 0xAB8, 0x122, 0xE1E, 0x110, 0xFFE, 0x210 } },
    { 0x84BC, { 0x000, 0x110, 0xFBE, 0x110, 0x208, 0x7FC, 0xC0A, 0x7F8, 0x408, 0x7FC, 0xA04, 0xBFC } },
    { 0x84CB, { 0x000, 0x110, 0xFBE, 0x110, 0x040, 0x7FC, 0x040, 0xFFE, 0x208, 0x7FC, 0x4A4, 0xFFE } },
    { 0x8569, { 0x000, 0x110, 0xFBE, 0x110, 0x4FC, 0x284, 0x8FC, 0x484, 0x1FE, 0x4AA, 0x54A, 0x896 } },
    { 0x85A9, { 0x000, 0x110, 0xFBE, 0x110, 0xEFE, 0xA28, 0xAFE, 0xC80, 0xAA8, 0xABE, 0xE88, 0x93E } },
    { 0x85CD, { 0x000, 0x110, 0xFBE, 0x110, 0x010, 0xF9E, 0xA20, 0xF9E, 0x880, 0xFFC, 0x4A4, 0xFFE } },
    { 0x85CF, { 0x000, 0x110, 0xFBE, 0x110, 0x00A, 0xBFE, 0xAA8, 0xEFA, 0x29A, 0xEF4, 0xAA4, 0xAFA } },
    { 0x85DD, { 0x000, 0x110, 0xFBE, 0x210, 0xFBC, 0x514, 0xAA4, 0x756, 0x200, 0xFFE, 0x208, 0x7F4 } },
    { 0x85E5, { 0x000, 0x110, 0xFBE, 0x110, 0x444, 0xAEA, 0x4A4, 0xEEE, 0x040, 0xFFE, 0x248, 0xC46 } },
    { 0x8654, { 0x000, 0x07C, 0x040, 0x7FE, 0x44A, 0x5F0, 0x47E, 0x420, 0x7FE, 0x488, 0x470, 0xB8E } },
    { 0x8655, { 0x000, 0x07C, 0x040, 0x7FE, 0x44A, 0x5F0, 0x47E, 0x500, 0x5DC, 0x756, 0x480, 0xB7E } },
    { 0x865B, { 0x000, 0x07C, 0x040, 0x7FE, 0x442, 0x478, 0x5C2, 0x47E, 0x554, 0x5DC, 0x450, 0xBFE } },
    { 0x865F, { 0x000, 0xF1E, 0x910, 0x97E, 0xF52, 0x07C, 0xFD0, 0x45E, 0xF44, 0x914, 0x114, 0x666 } },
    { 0x86A3, { 0x000, 0x21C, 0x204, 0xFA2, 0xAA2, 0xAC0, 0xA90, 0xF90, 0x214, 0x2A4, 0x3AA, 0xCF2 } },
    { 0x86C7, { 0x000, 0x210, 0x27E, 0xFC2, 0xAA0, 0xAA4, 0xAA8, 0xFB0, 0x220, 0x2A2, 0x3A2, 0xC9E } },
    { 0x86DB, { 0x000, 0x250, 0x250, 0xFFC, 0xA90, 0xA90, 0xAFE, 0xF90, 0x238, 0x2D4, 0x392, 0xC90 } },
    { 0x8708, { 0x000, 0x20E, 0x22A, 0xFAA, 0xAAE, 0xAA0, 0xABE, 0xF8A, 0x27E, 0x288, 0x394, 0xCE2 } },
    { 0x8718, { 0x000, 0x240, 0x24E, 0xFFA, 0xAAA, 0xAAA, 0xAFA, 0xFAA, 0x22A, 0x25A, 0x34E, 0xC80 } },
    { 0x8755, { 0x000, 0x610, 0x910, 0x27E, 0xF52, 0x952, 0xF52, 0x97E, 0xF10, 0x812, 0xF1E, 0x862 } },
    { 0x8759, { 0x000, 0x2FC, 0x280, 0xFFE, 0xA82, 0xAFE, 0xA80, 0xFFE, 0x2AA, 0x2FE, 0x3AA, 0xCAA } },
    { 0x8760, { 0x000, 0x23E, 0x200, 0xFBE, 0xAA2, 0xABE, 0xA80, 0xFBE, 0x22A, 0x2BE, 0x3AA, 0xCBE } },
    { 0x8770, { 0x000, 0x208, 0x27E, 0xF94, 0xAAA, 0xADC, 0xA88, 0xFFE, 0x208, 0x2BE, 0x388, 0xCFE } },
    { 0x878D, { 0x000, 0xFC8, 0x008, 0x7BE, 0x4AA, 0x7AA, 0x02A, 0xFFE, 0xAA8, 0xCEA, 0xBAE, 0x932 } },
    { 0x87AB, { 0x000, 0x110, 0x7DE, 0x124, 0xFD4, 0x288, 0xAB6, 0x7FC, 0x444, 0x7FC, 0x044, 0xFFA } },
    { 0x87F2, { 0x000, 0x040, 0x7FC, 0x444, 0x7F8, 0x044, 0xFFE, 0xAAA, 0xAAA, 0xFBE, 0x24A, 0xFBC } },
    { 0x881F, { 0x000, 0x254, 0x2A8, 0xF54, 0xAFE, 0xA92, 0xAAA, 0xFFE, 0x294, 0x2DC, 0x394, 0xCDA } },
    { 0x8822, { 0x000, 0x080, 0x7FC, 0x110, 0xFFE, 0x514, 0x9F2, 0xFBE, 0xAAA, 0xFBE, 0x24A, 0xFBC } },
    { 0x883B, { 0x000, 0x4E4, 0xA0A, 0x4E4, 0xA0A, 0xEEE, 0x4A4, 0x7FC, 0x444, 0x7FC, 0x042, 0xFFE } },
    { 0x8840, { 0x000, 0x040, 0x080, 0x7FC, 0x4A4, 0x4A4, 0x4A4, 0x4A4, 0x4A4, 0x4A4, 0x4A4, 0xFFE } },
    { 0x884C, { 0x000, 0x27C, 0x400, 0x800, 0x2FE, 0x408, 0xC08, 0x408, 0x408, 0x408, 0x408, 0x438 } },
    { 0x8853, { 0x000, 0x256, 0x450, 0x9F0, 0x04E, 0x242, 0x442, 0xD52, 0x552, 0x552, 0x442, 0x446 } },
    { 0x885B, { 0x000, 0x24E, 0x5E0, 0x8A0, 0x3FE, 0x524, 0xDE4, 0x444, 0x7F4, 0x544, 0x5F4, 0x44C } },
    { 0x885D, { 0x000, 0x2EE, 0x440, 0x9F0, 0x35E, 0x5F4, 0xD54, 0x5F4, 0x444, 0x5F4, 0x444, 0x5FC } },
    { 0x8861, { 0x000, 0x2EE, 0x520, 0x9F0, 0x35E, 0x5F4, 0xD54, 0x5F4, 0x444, 0x5F4, 0x4A4, 0x51C } },
    { 0x8863, { 0x000, 0x040, 0x040, 0xFFE, 0x0A0, 0x124, 0x228, 0x610, 0xA10, 0x248, 0x284, 0x702 } },
    { 0x888B, { 0x000, 0x124, 0x23E, 0xEE0, 0x212, 0x20E, 0x040, 0xFFE, 0x120, 0xE14, 0x2C8, 0x706 } },
    { 0x888D, { 0x000, 0x480, 0x4FC, 0xF04, 0x2F4, 0x494, 0x594, 0xEF4, 0x58C, 0x480, 0x482, 0x47E } },
    { 0x88AB, { 0x000, 0x410, 0x4FE, 0xE92, 0x290, 0x4FE, 0x5C2, 0xEA2, 0x594, 0x488, 0x494, 0x562 } },
    { 0x88C2, { 0x000, 0xFC2, 0x212, 0x7D2, 0xC52, 0x286, 0x140, 0xFFE, 0x120, 0xE14, 0x2C8, 0x706 } },
    { 0x88DD, { 0x000, 0x888, 0xFFE, 0x088, 0xF88, 0x2BE, 0x480, 0xFFE, 0x144, 0xE24, 0x218, 0x7C6 } },
    { 0x88E1, { 0x000, 0x4FE, 0x492, 0xE92, 0x2FE, 0x492, 0x592, 0xEFE, 0x510, 0x4FE, 0x410, 0x5FE } },
    { 0x88F9, { 0x000, 0x040, 0xFFE, 0x444, 0x7FC, 0x444, 0xFFE, 0x248, 0xCA6, 0x114, 0xEC8, 0x306 } },
    { 0x8910, { 0x000, 0x47C, 0x444, 0xE7C, 0x244, 0x47C, 0x520, 0xE7E, 0x58A, 0x456, 0x47A, 0x406 } },
    { 0x8932, { 0x000, 0x410, 0x4FE, 0xE88, 0x2FE, 0x4AA, 0x5BE, 0xEAA, 0x5BE, 0x488, 0x4FE, 0x508 } },
    { 0x897F, { 0x000, 0xFFE, 0x110, 0x110, 0xFFE, 0x912, 0x912, 0x912, 0xA1E, 0xC02, 0x802, 0xFFE } },
    { 0x8981, { 0x000, 0xFFE, 0x0A0, 0x7FC, 0x4A4, 0x7FC, 0x080, 0xFFE, 0x108, 0x310, 0x0E0, 0xF1E } },
    { 0x8986, { 0x000, 0xFFE, 0x4A4, 0x7FC, 0x240, 0x47E, 0x984, 0x284, 0x4FC, 0xD44, 0x438, 0x5C6 } },
    { 0x898B, { 0x000, 0x7FC, 0x404, 0x7FC, 0x404, 0x7FC, 0x404, 0x7FC, 0x110, 0x112, 0x212, 0xC1E } },
    { 0x89AA, { 0x000, 0x13E, 0xFE2, 0x47E, 0x2A2, 0xFFE, 0x122, 0xFFE, 0x394, 0x554, 0x924, 0x146 } },
    { 0x89BA, { 0x000, 0x2AC, 0x444, 0x6AC, 0x444, 0xFFE, 0xA0A, 0x3F8, 0x208, 0x3F8, 0x112, 0xE1E } },
    { 0x89C0, { 0x000, 0x29E, 0xED2, 0x49E, 0xB52, 0xFDE, 0x292, 0x7DE, 0xC94, 0x7D4, 0x4A4, 0x7C6 } },
    { 0x89D2, { 0x000, 0x200, 0x3F0, 0x410, 0xFFC, 0x444, 0x7FC, 0x444, 0x7FC, 0x404, 0x404, 0x81C } },
    { 0x89E3, { 0x000, 0x23E, 0x392, 0x492, 0xFE6, 0x540, 0x7D4, 0x55E, 0x7E4, 0x45E, 0x444, 0x8C4 } },
    { 0x89F8, { 0x000, 0x43E, 0x72A, 0x93E, 0xF90, 0xABE, 0xFCA, 0xABE, 0xFAA, 0x8BE, 0x88A, 0x9BC } },
    { 0x8A00, { 0x000, 0x3F8, 0x000, 0xFFE, 0x000, 0x7FC, 0x000, 0x7FC, 0x000, 0x7FC, 0x404, 0x7FC } },
    { 0x8A08, { 0x000, 0x610, 0x010, 0xE10, 0x010, 0xEFE, 0x010, 0xE10, 0x010, 0xE10, 0xA10, 0xE10 } },
    { 0x8A18, { 0x000, 0x6FC, 0x004, 0xE04, 0x004, 0xE04, 0x0FC, 0xE80, 0x080, 0xE82, 0xA82, 0xE7E } },
    { 0x8A2A, { 0x000, 0x610, 0x010, 0xEFE, 0x020, 0xE20, 0x03E, 0xE22, 0x022, 0xE42, 0xA42, 0xE8C } },
    { 0x8A31, { 0x000, 0x640, 0x07C, 0xE90, 0x010, 0xE10, 0x0FE, 0xE10, 0x010, 0xE10, 0xA10, 0xE10 } },
    { 0x8A34, { 0x000, 0x60C, 0x0F0, 0xE80, 0x080, 0xEFE, 0x088, 0xE98, 0x08C, 0xE8A, 0xA88, 0xF08 } },
    { 0x8A54, { 0x000, 0x67E, 0x012, 0xF12, 0x022, 0xF46, 0x000, 0xF7E, 0x042, 0xF42, 0x942, 0xF7E } },
    { 0x8A5B, { 0x000, 0x67C, 0x044, 0xE44, 0x07C, 0xE44, 0x044, 0xE7C, 0x044, 0xE44, 0xA44, 0xEFE } },
    { 0x8A5E, { 0x000, 0x6FE, 0x002, 0xEFA, 0x002, 0xEFA, 0x08A, 0xE8A, 0x08A, 0xEFA, 0xA02, 0xE0E } },
    { 0x8A6D, { 0x000, 0x640, 0x078, 0xE88, 0x1FE, 0xE80, 0x0BC, 0xEA4, 0x0AC, 0xEA0, 0xAA2, 0xF1E } },
    { 0x8A71, { 0x000, 0x60C, 0x070, 0xE10, 0x010, 0xEFE, 0x010, 0xE10, 0x07C, 0xE44, 0xA44, 0xE7C } },
    { 0x8A72, { 0x000, 0x610, 0x0FE, 0xE20, 0x044, 0xE88, 0x050, 0xE22, 0x0C4, 0xE08, 0xA34, 0xEC2 } },
    { 0x8A8C, { 0x000, 0x610, 0x010, 0xEFE, 0x010, 0xE10, 0x07C, 0xE20, 0x054, 0xEC2, 0xB4A, 0xE38 } },
    { 0x8A8D, { 0x000, 0x6FE, 0x012, 0xE52, 0x092, 0xE22, 0x0C6, 0xE20, 0x054, 0xEC2, 0xB4A, 0xE38 } },
    { 0x8A93, { 0x000, 0x20C, 0xF70, 0x240, 0x37E, 0xE48, 0x288, 0xFFE, 0x000, 0x7FC, 0x404, 0x7FC } },
    { 0x8A9E, { 0x000, 0x6FE, 0x020, 0xEFC, 0x044, 0xE44, 0x1FE, 0xE00, 0x0FE, 0xE82, 0xA82, 0xEFE } },
    { 0x8AAA, { 0x000, 0x658, 0x084, 0xF02, 0x0FC, 0xE84, 0x084, 0xEFC, 0x048, 0xE4A, 0xA8A, 0xF0E } },
    { 0x8ABF, { 0x000, 0x6FE, 0x092, 0xEBA, 0x092, 0xEBA, 0x082, 0xEBA, 0x0AA, 0xEBA, 0xA82, 0xF06 } },
    { 0x8AC7, { 0x000, 0x610, 0x052, 0xE94, 0x010, 0xE28, 0x0C6, 0xE10, 0x052, 0xE94, 0xA28, 0xEC6 } },
    { 0x8ACB, { 0x000, 0x610, 0x0FC, 0xE10, 0x0FC, 0xE10, 0x1FE, 0xE94, 0x0FC, 0xE84, 0xA84, 0xE8C } },
    { 0x8AD6, { 0x000, 0x610, 0x028, 0xE44, 0x1BA, 0xE00, 0x0FE, 0xEAA, 0x0AA, 0xEFE, 0xAAA, 0xEAA } },
    { 0x8AED, { 0x000, 0x6F0, 0x048, 0xE84, 0x17A, 0xE00, 0x0EA, 0xEAA, 0x0F4, 0xEB4, 0xAEA, 0xEAA } },
    { 0x8AF8, { 0x000, 0x620, 0x0FA, 0xE24, 0x028, 0xEFE, 0x028, 0xE7C, 0x0C4, 0xF7C, 0xA44, 0xE7C } },
    { 0x8B1D, { 0x000, 0x644, 0x0E4, 0xEBE, 0x0E4, 0xEA4, 0x0F4, 0xEAC, 0x1E4, 0xE64, 0xAA4, 0xF6C } },
    { 0x8B20, { 0x000, 0xE3E, 0x0D2, 0xE4C, 0x0F0, 0xE40, 0x07E, 0x090, 0xEFE, 0xA10, 0xA92, 0xEFE } },
    { 0x8B66, { 0x000, 0x520, 0xFFE, 0x554, 0x758, 0x0A4, 0xFFE, 0x000, 0x7FC, 0x208, 0x208, 0x3F8 } },
    { 0x8B70, { 0x000, 0x644, 0x1FE, 0xE10, 0x0FE, 0xE10, 0x1FE, 0xE4A, 0x1FE, 0xE4A, 0xBE4, 0xE4A } },
    { 0x8B77, { 0x000, 0xE48, 0x0FE, 0xE28, 0x07E, 0xEC8, 0x07E, 0x048, 0xEFE, 0xA44, 0xA38, 0xEC6 } },
    { 0x8B80, { 0x000, 0x610, 0x0FE, 0xE10, 0x0FE, 0xEAA, 0x0FE, 0xE44, 0x07C, 0xE44, 0xA7C, 0xEC6 } },
    { 0x8B8A, { 0x000, 0x444, 0xAEA, 0x404, 0xAEA, 0x404, 0xEEE, 0x4A4, 0x3FE, 0xD08, 0x0F0, 0xF0E } },
    { 0x8B93, { 0x000, 0x610, 0x1FE, 0xEAA, 0x0EE, 0xE44, 0x0FE, 0xE44, 0x0FE, 0xE2A, 0xAD4, 0xE62 } },
    { 0x8C50, { 0x000, 0x554, 0x7FC, 0x554, 0x7FC, 0x554, 0xFFE, 0x404, 0x7FC, 0x208, 0x110, 0xFFE } },
    { 0x8C79, { 0x000, 0x140, 0xE40, 0x57E, 0x282, 0xD02, 0x302, 0x57A, 0xB02, 0x502, 0x902, 0x60C } },
    { 0x8CA1, { 0x000, 0xF04, 0x904, 0xF7E, 0x904, 0x90C, 0xF0C, 0x914, 0xF24, 0x044, 0x504, 0x89C } },
    { 0x8CA8, { 0x000, 0x122, 0x22C, 0xEF0, 0x222, 0x21E, 0x7FC, 0x404, 0x7FC, 0x404, 0x7FC, 0xC06 } },
    { 0x8CAA, { 0x000, 0x0E0, 0x318, 0xC46, 0x3F8, 0x010, 0x7FC, 0x404, 0x7FC, 0x404, 0x7FC, 0xC06 } },
    { 0x8CAB, { 0x000, 0x3F8, 0x248, 0xFFE, 0x248, 0x7FC, 0x404, 0x7FC, 0x404, 0x7FC, 0x208, 0xC06 } },
    { 0x8CB7, { 0x000, 0xFFE, 0x912, 0xFFE, 0x404, 0x7FC, 0x404, 0x7FC, 0x404, 0x7FC, 0x208, 0xC06 } },
    { 0x8CBB, { 0x000, 0x120, 0xFFC, 0x124, 0xFFE, 0x922, 0xFFE, 0x404, 0x7FC, 0x404, 0x7FC, 0xC06 } },
    { 0x8CC7, { 0x000, 0x040, 0xE7E, 0x092, 0x128, 0x444, 0xBFA, 0x208, 0x3F8, 0x208, 0x3F8, 0xC06 } },
    { 0x8CCA, { 0x000, 0xE14, 0xA12, 0xEFE, 0xA10, 0xA52, 0xE52, 0xA74, 0xEC8, 0x04A, 0x456, 0xAA2 } },
    { 0x8CDE, { 0x000, 0x248, 0xFFE, 0x802, 0xBFA, 0x208, 0x7FC, 0x404, 0x7FC, 0x404, 0x7FC, 0xC06 } },
    { 0x8CED, { 0x000, 0xF10, 0x97A, 0xF14, 0x918, 0x9FE, 0xF14, 0x93E, 0xF62, 0x0BE, 0x522, 0x8BE } },
    { 0x8CFC, { 0x000, 0xE48, 0xBFE, 0xE48, 0xBFE, 0xA48, 0xFFE, 0xA94, 0xFFE, 0x094, 0x5FE, 0xA84 } },
    { 0x8D64, { 0x000, 0x040, 0x7FC, 0x040, 0x040, 0xFFE, 0x110, 0x514, 0x512, 0x912, 0x210, 0x430 } },
    { 0x8D70, { 0x000, 0x040, 0x7FC, 0x040, 0x040, 0xFFE, 0x040, 0x240, 0x27C, 0x240, 0x5C0, 0x83E } },
    { 0x8D77, { 0x000, 0x13C, 0x7A4, 0x124, 0x124, 0xFBC, 0x120, 0x522, 0x5A2, 0x51E, 0xB00, 0x8FE } },
    { 0x8D81, { 0x000, 0x218, 0x724, 0x2CA, 0x210, 0xF64, 0x218, 0xA62, 0xB0C, 0xA70, 0xE00, 0x9FE } },
    { 0x8D85, { 0x000, 0x13E, 0x7D2, 0x112, 0x126, 0xFC0, 0x13E, 0x522, 0x5E2, 0x53E, 0xB00, 0x8FE } },
    { 0x8D8A, { 0x000, 0x10A, 0x7BE, 0x128, 0x12A, 0xFAA, 0x124, 0x52C, 0x5B6, 0x52A, 0xB00, 0x8FE } },
    { 0x8D9F, { 0x000, 0x108, 0x7AC, 0x14A, 0x13E, 0xFA2, 0x13A, 0x52A, 0x5BA, 0x526, 0xB00, 0x8FE } },
    { 0x8DB3, { 0x000, 0x7FC, 0x404, 0x404, 0x404, 0x7FC, 0x040, 0x240, 0x27C, 0x240, 0x5C0, 0x83E } },
    { 0x8DD1, { 0x000, 0xF40, 0x97E, 0x982, 0xF7A, 0x24A, 0x24A, 0xB7A, 0xA46, 0xA40, 0xB42, 0xC3E } },
    { 0x8DDD, { 0x000, 0xF7E, 0x940, 0x940, 0xF7E, 0x242, 0x242, 0xB42, 0xA7E, 0xA40, 0xB40, 0xC7E } },
    { 0x8DDF, { 0x000, 0xF7E, 0x942, 0x97E, 0xF42, 0x242, 0x27E, 0xB48, 0xA4A, 0xA44, 0xB54, 0xCE2 } },
    { 0x8DE1, { 0x000, 0xF10, 0x910, 0x9FE, 0xF28, 0x228, 0x26C, 0xB6A, 0xAAA, 0xA28, 0xB48, 0xC98 } },
    { 0x8DEA, { 0x000, 0xF20, 0x93C, 0x944, 0xF7E, 0x2C0, 0x25E, 0xB52, 0xA56, 0xA50, 0xB52, 0xC8E } },
    { 0x8DEF, { 0x000, 0xF20, 0x93C, 0x944, 0xFA8, 0x210, 0x228, 0xBC6, 0xA7C, 0xA44, 0xB44, 0xC7C } },
    { 0x8DF3, { 0x000, 0xF28, 0x928, 0x9AA, 0xF6C, 0x228, 0x228, 0xB6C, 0xAAA, 0xA28, 0xB4A, 0xC8E } },
    { 0x8E0F, { 0x000, 0xF08, 0x9EA, 0x92C, 0xF4A, 0x298, 0x200, 0xB7E, 0xA42, 0xA7E, 0xB42, 0xC7E } },
    { 0x8E42, { 0x000, 0xF7C, 0x908, 0x9FE, 0xF32, 0x254, 0x2B0, 0xB10, 0xAFE, 0xA38, 0xB54, 0xC92 } },
    { 0x8E8D, { 0x000, 0xF76, 0x932, 0x956, 0xF3A, 0x252, 0x228, 0xB7E, 0xAC8, 0xA7E, 0xB48, 0xC7E } },
    { 0x8EAA, { 0x000, 0xF44, 0x9EE, 0x944, 0xFEE, 0x2AA, 0x2EE, 0xB9E, 0xAAA, 0xAFE, 0xBAA, 0xCBE } },
    { 0x8EAB, { 0x000, 0x080, 0x3F8, 0x208, 0x3F8, 0x208, 0x3FA, 0x20C, 0xFF8, 0x048, 0x188, 0xE38 } },
    { 0x8ECC, { 0x000, 0x220, 0xFA0, 0x220, 0xFF8, 0xAA8, 0xFA8, 0xAA8, 0xFA8, 0x22A, 0xFAA, 0x24E } },
    { 0x8ECD, { 0x000, 0xFFE, 0x842, 0x040, 0xFFE, 0x444, 0x7FC, 0x444, 0x7FC, 0x040, 0xFFE, 0x040 } },
    { 0x8EDF, { 0x000, 0x210, 0xF90, 0x21E, 0xFAA, 0xAAA, 0xF88, 0xA88, 0xF88, 0x214, 0xF94, 0x222 } },
    { 0x8F09, { 0x000, 0x114, 0x7D2, 0x110, 0xFFE, 0x110, 0xFF2, 0x554, 0x7C8, 0x54A, 0xFD6, 0x122 } },
    { 0x8F2A, { 0x000, 0x210, 0xFA8, 0x244, 0xFBA, 0xA80, 0xFFE, 0xAAA, 0xFAA, 0x2FE, 0xFAA, 0x2AA } },
    { 0x8F2F, { 0x000, 0x23C, 0xFA4, 0x23C, 0xF80, 0xAFE, 0xFA4, 0xABC, 0xFA4, 0x22E, 0xFF4, 0x204 } },
    { 0x8F49, { 0x000, 0x208, 0xFFE, 0x22A, 0xFBE, 0xAAA, 0xFBE, 0xA8A, 0xFFE, 0x224, 0xF94, 0x20C } },
    { 0x8F9B, { 0x000, 0x040, 0x040, 0x7FC, 0x208, 0x110, 0xFFE, 0x040, 0x040, 0x7FC, 0x040, 0x040 } },
    { 0x8FA6, { 0x000, 0x288, 0xE9E, 0x5E4, 0x4A4, 0xEBE, 0x2A8, 0x2A8, 0xF3E, 0x528, 0x428, 0x4C8 } },
    { 0x8FAE, { 0x000, 0x248, 0xF9E, 0x514, 0x5F4, 0xF5E, 0x288, 0x3F8, 0xE4E, 0x568, 0x548, 0x448 } },
    { 0x8FB0, { 0x000, 0x7FE, 0x400, 0x5FC, 0x400, 0x7FE, 0x510, 0x512, 0x514, 0x508, 0x564, 0xB82 } },
    { 0x8FC5, { 0x000, 0x9F8, 0x408, 0x048, 0x848, 0x5F8, 0x048, 0xC4A, 0x44A, 0x444, 0xA00, 0x9FE } },
    { 0x8FCE, { 0x000, 0x840, 0x59E, 0x112, 0x912, 0x512, 0x112, 0xD52, 0x596, 0x410, 0xA10, 0x9FE } },
    { 0x8FD1, { 0x000, 0x80C, 0x4F0, 0x080, 0x880, 0x4FE, 0x088, 0xC88, 0x488, 0x508, 0xA00, 0x9FE } },
    { 0x8FD4, { 0x000, 0x8FE, 0x480, 0x080, 0x8FE, 0x482, 0x0C2, 0xCA4, 0x498, 0x566, 0xA00, 0x9FE } },
    { 0x8FEA, { 0x000, 0x810, 0x410, 0x0FE, 0x892, 0x492, 0x0FE, 0xC92, 0x492, 0x4FE, 0xA00, 0x9FE } },
    { 0x8FF4, { 0x000, 0x9FE, 0x502, 0x17A, 0x94A, 0x54A, 0x14A, 0xD7A, 0x502, 0x5FE, 0xA00, 0x9FE } },
    { 0x8FF7, { 0x000, 0x810, 0x492, 0x054, 0x810, 0x5FE, 0x038, 0xC54, 0x592, 0x410, 0xA00, 0x9FE } },
    { 0x8FF8, { 0x000, 0x824, 0x448, 0x1FE, 0x848, 0x448, 0x1FE, 0xC48, 0x448, 0x488, 0xA00, 0x9FE } },
    { 0x8FFD, { 0x000, 0x820, 0x4FC, 0x084, 0x8FC, 0x480, 0x0FC, 0xC84, 0x484, 0x4FC, 0xA00, 0x9FE } },
    { 0x9000, { 0x000, 0x8FC, 0x484, 0x0FC, 0x884, 0x4FC, 0x0A2, 0xC94, 0x4A8, 0x5C6, 0xA00, 0x9FE } },
    { 0x9001, { 0x000, 0x85C, 0x444, 0x082, 0x87C, 0x410, 0x010, 0xCFE, 0x428, 0x4C6, 0xA00, 0x9FE } },
    { 0x9003, { 0x000, 0x850, 0x554, 0x0D8, 0x850, 0x4D8, 0x154, 0xC50, 0x492, 0x51E, 0xA00, 0x9FE } },
    { 0x900F, { 0x000, 0x8FC, 0x410, 0x1FE, 0x854, 0x592, 0x0FC, 0xC26, 0x442, 0x58C, 0xA00, 0x9FE } },
    { 0x9019, { 0x000, 0x878, 0x400, 0x1FE, 0x800, 0x4FC, 0x000, 0xCFC, 0x400, 0x4FC, 0xA84, 0x9FE } },
    { 0x901A, { 0x000, 0x8FC, 0x428, 0x010, 0x8FE, 0x492, 0x0FE, 0xC92, 0x4FE, 0x492, 0xA00, 0x9FE } },
    { 0x901F, { 0x000, 0x810, 0x5FE, 0x010, 0x8FE, 0x492, 0x0FE, 0xC38, 0x454, 0x592, 0xA10, 0x9FE } },
    { 0x9020, { 0x000, 0x890, 0x4FC, 0x110, 0x810, 0x5FE, 0x010, 0xCFC, 0x484, 0x4FC, 0xA00, 0x9FE } },
    { 0x9023, { 0x000, 0x810, 0x5FE, 0x010, 0x8FC, 0x494, 0x0FC, 0xC94, 0x5FE, 0x410, 0xA10, 0x9FE } },
    { 0x9032, { 0x000, 0x848, 0x450, 0x0FE, 0x990, 0x4FE, 0x090, 0xCFE, 0x490, 0x4FE, 0xA00, 0x9FE } },
    { 0x904A, { 0x000, 0x888, 0x5EE, 0x090, 0x8EE, 0x4A2, 0x0A4, 0xCBE, 0x4A4, 0x56C, 0xA00, 0x9FE } },
    { 0x904B, { 0x000, 0x9FE, 0x512, 0x0FC, 0x894, 0x4FC, 0x094, 0xCFC, 0x410, 0x5FE, 0xA10, 0x9FE } },
    { 0x904E, { 0x000, 0x8FC, 0x484, 0x0BC, 0x8A4, 0x5FE, 0x102, 0xD7A, 0x54A, 0x57A, 0xA00, 0x9FE } },
    { 0x9053, { 0x000, 0x848, 0x5FE, 0x020, 0x8FC, 0x484, 0x0FC, 0xC84, 0x484, 0x4FC, 0xA00, 0x9FE } },
    { 0x9054, { 0x000, 0x810, 0x47C, 0x010, 0x9FE, 0x444, 0x0FE, 0xC10, 0x4FE, 0x410, 0xA10, 0x9FE } },
    { 0x9060, { 0x000, 0x810, 0x4FC, 0x010, 0x9FE, 0x484, 0x0FC, 0xC28, 0x5CA, 0x454, 0xA62, 0x9FE } },
    { 0x9069, { 0x000, 0x810, 0x4FE, 0x044, 0x8FE, 0x492, 0x0BA, 0xC92, 0x4AA, 0x4BA, 0xA00, 0x9FE } },
    { 0x9078, { 0x000, 0x9DC, 0x554, 0x1DC, 0x932, 0x5EE, 0x048, 0xCFC, 0x448, 0x5FE, 0xA84, 0x9FE } },
    { 0x907A, { 0x000, 0x810, 0x47C, 0x054, 0x9FE, 0x484, 0x0FC, 0xC84, 0x4FC, 0x448, 0xA84, 0x9FE } },
    { 0x9084, { 0x000, 0x9FC, 0x554, 0x1FC, 0x800, 0x5FC, 0x088, 0xCF8, 0x454, 0x5A8, 0xAC4, 0x9FE } },
    { 0x908A, { 0x000, 0x420, 0x2FC, 0x084, 0x9FE, 0x54A, 0x0FC, 0xE20, 0x27C, 0x284, 0x508, 0x8FE } },
    { 0x90A3, { 0x000, 0xFDE, 0x252, 0x252, 0xFF4, 0x254, 0x252, 0xFF2, 0x252, 0x25C, 0x450, 0x990 } },
    { 0x90AA, { 0x000, 0xFDE, 0x492, 0x492, 0x894, 0xFD4, 0x292, 0x292, 0x492, 0x49C, 0x890, 0x190 } },
    { 0x90E8, { 0x000, 0x11E, 0x7D2, 0x012, 0x454, 0x294, 0xFF2, 0x012, 0x7D2, 0x45C, 0x450, 0x7D0 } },
    { 0x90FD, { 0x000, 0x21E, 0xF52, 0x292, 0x314, 0xFD4, 0x292, 0x7D2, 0xC52, 0x7DC, 0x450, 0x7D0 } },
    { 0x9130, { 0x000, 0x92E, 0x54A, 0xFEA, 0x54A, 0x92C, 0x44A, 0x7EA, 0x94A, 0x54E, 0x2E8, 0xC48 } },
    { 0x914D, { 0x000, 0xFBE, 0x502, 0x502, 0xF82, 0xA82, 0xABE, 0xDA0, 0x8A0, 0xFA2, 0x8A2, 0xF9E } },
    { 0x9177, { 0x000, 0xFA8, 0x53E, 0x548, 0xF88, 0xAFE, 0xA88, 0xDBE, 0x8A2, 0xFA2, 0x8A2, 0xFBE } },
    { 0x9178, { 0x000, 0xFA4, 0x544, 0x57E, 0xF94, 0xA94, 0xAE6, 0xD9C, 0x8E4, 0xFA4, 0x898, 0xFE6 } },
    { 0x9192, { 0x000, 0xFBE, 0x522, 0x53E, 0xFA2, 0xABE, 0xAA8, 0xDBE, 0x8C8, 0xFBE, 0x888, 0xFBE } },
    { 0x91CB, { 0x000, 0x1FE, 0xEAA, 0x2FE, 0xB10, 0x6FE, 0xF10, 0x2FE, 0x744, 0x6FE, 0xA10, 0x210 } },
    { 0x91CC, { 0x000, 0x7FC, 0x444, 0x444, 0x7FC, 0x444, 0x444, 0x7FC, 0x040, 0x7FC, 0x040, 0xFFE } },
    { 0x91CD, { 0x000, 0x7FC, 0x040, 0xFFE, 0x444, 0x7FC, 0x444, 0x7FC, 0x040, 0x7FC, 0x040, 0xFFE } },
    { 0x91CE, { 0x000, 0xFBE, 0xA82, 0xF94, 0xA88, 0xAFE, 0xF8A, 0x20C, 0xF88, 0x208, 0x388, 0xC38 } },
    { 0x91CF, { 0x000, 0x7FC, 0x404, 0x7FC, 0x404, 0xFFE, 0x444, 0x7FC, 0x444, 0x7FC, 0x040, 0xFFE } },
    { 0x91D1, { 0x000, 0x040, 0x0A0, 0x318, 0xC06, 0x3F8, 0x040, 0x040, 0x7FC, 0x248, 0x150, 0xFFE } },
    { 0x9298, { 0x000, 0x220, 0x53E, 0x842, 0x6A2, 0x214, 0xF08, 0x27E, 0xBC2, 0x642, 0x342, 0xC7E } },
    { 0x92B3, { 0x000, 0x218, 0x544, 0x882, 0x77C, 0x244, 0xF44, 0x27C, 0xB28, 0x62A, 0x34A, 0xC8E } },
    { 0x92FC, { 0x000, 0x2FE, 0x582, 0x8C6, 0x7AA, 0x2FE, 0xF92, 0x2D6, 0xBD6, 0x6FE, 0x382, 0xC86 } },
    { 0x9318, { 0x000, 0x20C, 0x570, 0x810, 0x7FE, 0x254, 0xEFE, 0x254, 0xB54, 0x6FE, 0x310, 0xCFE } },
    { 0x9322, { 0x000, 0x322, 0x4FE, 0x824, 0xF1A, 0x266, 0xFC8, 0x27E, 0xB44, 0xA28, 0x232, 0xFCE } },
    { 0x935B, { 0x000, 0x22E, 0x54A, 0x84A, 0x76A, 0x252, 0xF60, 0x25E, 0xB52, 0x6EA, 0x344, 0xC5A } },
    { 0x9375, { 0x000, 0x408, 0xBBE, 0x08A, 0xEFE, 0x50A, 0xFBE, 0x488, 0xEBE, 0xD88, 0x6C8, 0x93E } },
    { 0x9396, { 0x000, 0x254, 0x592, 0x87E, 0x742, 0x27E, 0xF42, 0x27E, 0xB42, 0x67E, 0x324, 0xC42 } },
    { 0x93A7, { 0x000, 0x24A, 0x57E, 0x800, 0x77E, 0x200, 0xF7E, 0x242, 0xB7E, 0x622, 0x314, 0xC7E } },
    { 0x93AE, { 0x000, 0x210, 0x5FE, 0x810, 0x77C, 0x244, 0xF7C, 0x244, 0xB44, 0x6FE, 0x344, 0xC82 } },
    { 0x93C8, { 0x000, 0x488, 0xA5E, 0x008, 0xEBE, 0x46A, 0xE3E, 0x5AA, 0xEFE, 0xC88, 0x748, 0xD3E } },
    { 0x93E1, { 0x000, 0x210, 0x57C, 0x828, 0x6FE, 0x244, 0xF7C, 0x244, 0xB7C, 0x628, 0x34A, 0xC8E } },
    { 0x9418, { 0x000, 0x210, 0x57C, 0x828, 0x6FE, 0x254, 0xF7C, 0x254, 0xB54, 0x6FE, 0x310, 0xCFE } },
    { 0x942E, { 0x000, 0x410, 0xAFE, 0x0A4, 0xEFE, 0x4AA, 0xEFE, 0x4AA, 0xEFE, 0xCA8, 0x6EC, 0x92A } },
    { 0x9435, { 0x000, 0x44A, 0xAEA, 0x048, 0xFFE, 0x4A8, 0xEEA, 0x44A, 0xEE4, 0xC44, 0x66A, 0x992 } },
    { 0x9444, { 0x000, 0x210, 0x57E, 0x810, 0x77E, 0x202, 0xF7C, 0x210, 0xB7E, 0x654, 0x374, 0xC0C } },
    { 0x9470, { 0x000, 0x238, 0x544, 0x8FE, 0x7AA, 0x2FE, 0xF00, 0x2FE, 0xBAA, 0x6FE, 0x3AA, 0xCAA } },
    { 0x9472, { 0x000, 0x410, 0xBFE, 0x0AA, 0xEEE, 0x444, 0xEFE, 0x444, 0xEFE, 0xC2A, 0x6D4, 0x862 } },
    { 0x947D, { 0x000, 0x254, 0x57E, 0x8A4, 0x7FE, 0x254, 0xFFE, 0x244, 0xB7C, 0x644, 0x37C, 0xCC6 } },
    { 0x9577, { 0x000, 0x3FC, 0x200, 0x3F8, 0x200, 0x3F8, 0x200, 0xFFE, 0x244, 0x228, 0x290, 0x70E } },
    { 0x9580, { 0x000, 0xFBE, 0x8A2, 0xFBE, 0x8A2, 0xFBE, 0x802, 0x802, 0x802, 0x802, 0x802, 0x80E } },
    { 0x9583, { 0x000, 0xFBE, 0x8A2, 0xFBE, 0x8A2, 0xFBE, 0x802, 0x842, 0x842, 0x8A2, 0xB1A, 0x806 } },
    { 0x9589, { 0x000, 0xFBE, 0x8A2, 0xFBE, 0x8A2, 0xFBE, 0x802, 0x822, 0xBFA, 0x8A2, 0x922, 0xA6E } },
    { 0x958B, { 0x000, 0xFBE, 0x8A2, 0xFBE, 0x8A2, 0xFBE, 0x802, 0xBFA, 0x912, 0xBFA, 0x912, 0xA16 } },
    { 0x9593, { 0x000, 0xFBE, 0x8A2, 0xFBE, 0x8A2, 0xFBE, 0x802, 0x9F2, 0x912, 0x9F2, 0x912, 0x9F6 } },
    { 0x95B1, { 0x000, 0xFBE, 0x8A2, 0xFBE, 0x8A2, 0xFBE, 0x912, 0xBFA, 0x912, 0x9F2, 0x8AA, 0xB3A } },
    { 0x95DC, { 0x000, 0xFBE, 0x8A2, 0xFBE, 0x8A2, 0xFBE, 0x912, 0xAAA, 0x912, 0xAAA, 0xBBA, 0x926 } },
    { 0x9631, { 0x000, 0xE24, 0xA24, 0xAFE, 0xA24, 0xC24, 0xA24, 0xAFE, 0xA24, 0xE24, 0x844, 0x884 } },
    { 0x9632, { 0x000, 0xE20, 0xA20, 0xBFE, 0xA40, 0xC40, 0xA7C, 0xA44, 0xA44, 0xE84, 0x884, 0x918 } },
    { 0x9644, { 0x000, 0xE44, 0xA44, 0xABE, 0xA84, 0xD84, 0xAA4, 0xA94, 0xA94, 0xE84, 0x884, 0x88C } },
    { 0x964C, { 0x000, 0xEFE, 0xA10, 0xA20, 0xAFE, 0xC82, 0xA82, 0xAFE, 0xA82, 0xE82, 0x882, 0x8FE } },
    { 0x964D, { 0x000, 0xE20, 0xA3C, 0xAC4, 0xA38, 0xDC6, 0xA10, 0xBFE, 0xA90, 0xE90, 0x8FE, 0x810 } },
    { 0x9650, { 0x000, 0xEFC, 0xA84, 0xAFC, 0xA84, 0xC84, 0xAFC, 0xA92, 0xA94, 0xE88, 0x8A4, 0x9C2 } },
    { 0x9663, { 0x000, 0xE10, 0xAFE, 0xA10, 0xAFE, 0xC92, 0xAFE, 0xA92, 0xAFE, 0xE10, 0x8FE, 0x810 } },
    { 0x9664, { 0x000, 0xE38, 0xA44, 0xB82, 0xA7C, 0xC10, 0xA10, 0xAFE, 0xA10, 0xE94, 0x912, 0x830 } },
    { 0x9670, { 0x000, 0xE38, 0xA44, 0xABA, 0xA00, 0xC7C, 0xA08, 0xA7C, 0xA00, 0xEFE, 0x844, 0x8FA } },
    { 0x9675, { 0x000, 0xE10, 0xA7C, 0xA10, 0xAFE, 0xC28, 0xACE, 0xA3C, 0xA44, 0xEA8, 0x810, 0x8EE } },
    { 0x9677, { 0x000, 0xE20, 0xA3C, 0xA44, 0xB88, 0xC20, 0xACE, 0xA82, 0xAEE, 0xE82, 0x882, 0x8FE } },
    { 0x967D, { 0x000, 0xE7C, 0xA44, 0xA7C, 0xA44, 0xCFE, 0xA40, 0xA7E, 0xAAA, 0xE4A, 0x892, 0x826 } },
    { 0x968A, { 0x000, 0xEBC, 0xA84, 0xA82, 0xB7C, 0xC18, 0xA2A, 0xADC, 0xA28, 0xEDC, 0x82A, 0x8D8 } },
    { 0x968E, { 0x000, 0xE88, 0xAEA, 0xA8C, 0xAAA, 0xDCE, 0xA10, 0xAFE, 0xA82, 0xEFE, 0x882, 0x8FE } },
    { 0x9695, { 0x000, 0xE7C, 0xA44, 0xA7C, 0xA00, 0xCFE, 0xA82, 0xAFE, 0xA82, 0xEFE, 0x844, 0x882 } },
    { 0x9699, { 0x000, 0xE54, 0xA92, 0xA20, 0xCFE, 0xA82, 0xAFE, 0xA82, 0xAFE, 0xC10, 0x894, 0x932 } },
    { 0x969C, { 0x000, 0xE10, 0xAFC, 0xA48, 0xBFE, 0xC84, 0xAFC, 0xA84, 0xAFC, 0xE10, 0x9FE, 0x810 } },
    { 0x96A8, { 0x000, 0xE08, 0xB3E, 0xA90, 0xB3E, 0xCC8, 0xA3E, 0xBA4, 0xABC, 0xEA4, 0x940, 0x93E } },
    { 0x96AA, { 0x000, 0xE10, 0xA28, 0xA44, 0xABA, 0xC00, 0xAEE, 0xAAA, 0xAEE, 0xE44, 0x844, 0x8AA } },
    { 0x96BB, { 0x000, 0x240, 0x7FC, 0xC40, 0x7FC, 0x440, 0x7FC, 0x440, 0x7FC, 0x208, 0x1F0, 0xE0E } },
    { 0x96C4, { 0x000, 0x424, 0x428, 0xF7E, 0x4C8, 0x57E, 0x548, 0x548, 0xA7E, 0xAC8, 0xAC8, 0x37E } },
    { 0x96C6, { 0x000, 0x240, 0x7FC, 0xC40, 0x7FC, 0x440, 0x7FC, 0x040, 0xFFE, 0x150, 0x248, 0xC46 } },
    { 0x96D5, { 0x000, 0xFD2, 0xA54, 0xF5E, 0xA74, 0xF5E, 0x854, 0xF54, 0x95E, 0xF54, 0x854, 0x8DE } },
    { 0x96D9, { 0x000, 0x514, 0x79E, 0xD34, 0x79E, 0x514, 0x79E, 0x000, 0x7FC, 0x208, 0x1F0, 0xE0E } },
    { 0x96E2, { 0x000, 0x212, 0xF94, 0x53E, 0xAE4, 0xDBE, 0xFA4, 0x224, 0xFBE, 0xAA4, 0xFA4, 0x8BE } },
    { 0x96E8, { 0x000, 0xFFE, 0x040, 0x040, 0xFFE, 0x842, 0xA52, 0x94A, 0x842, 0xA52, 0x94A, 0x842 } },
    { 0x96EA, { 0x000, 0x7FC, 0x040, 0xFFE, 0x842, 0xB5A, 0x040, 0x7FC, 0x004, 0xFFE, 0x004, 0x7FC } },
    { 0x96F6, { 0x000, 0x7FC, 0x040, 0xFFE, 0xB5A, 0x0E0, 0x318, 0xCE6, 0x000, 0x7FC, 0x084, 0x09C } },
    { 0x96F7, { 0x000, 0x7FC, 0x040, 0xFFE, 0x842, 0xB5A, 0x000, 0x7FC, 0x444, 0x7FC, 0x444, 0x7FC } },
    { 0x96F9, { 0x000, 0x7FC, 0x040, 0xFFE, 0x842, 0xB5A, 0x000, 0x3FC, 0x624, 0xBEC, 0x202, 0x1FE } },
    { 0x96FB, { 0x000, 0x7FC, 0x040, 0xFFE, 0x952, 0x7FC, 0x444, 0x7FC, 0x444, 0x7FC, 0x042, 0x03E } },
    { 0x9700, { 0x000, 0x7FC, 0x040, 0xFFE, 0x842, 0xB5A, 0x000, 0xFFE, 0x080, 0xFFE, 0x912, 0x916 } },
    { 0x9706, { 0x000, 0x7FC, 0x040, 0xFFE, 0x952, 0xEFC, 0x210, 0x4FE, 0xE10, 0xAFE, 0x600, 0x9FE } },
    { 0x9707, { 0x000, 0x7FC, 0x040, 0xFFE, 0xB5A, 0x040, 0x7FE, 0x400, 0x7FE, 0x514, 0x548, 0xB86 } },
    { 0x971C, { 0x000, 0x7FC, 0x040, 0xFFE, 0x842, 0xB5A, 0x000, 0x23E, 0xFA2, 0x23E, 0x722, 0xABE } },
    { 0x9727, { 0x000, 0x7FC, 0x040, 0xFFE, 0xB5A, 0x040, 0x78E, 0x132, 0xFD4, 0x57E, 0x992, 0x326 } },
    { 0x9732, { 0x000, 0x7FC, 0x040, 0xFFE, 0xA4A, 0xF7C, 0x9C4, 0xF38, 0x2C6, 0xB7C, 0xA44, 0xF7C } },
    { 0x9748, { 0x000, 0x7FC, 0x040, 0xFFE, 0xB5A, 0x000, 0xEEE, 0xAAA, 0xFFE, 0x248, 0x554, 0xFFE } },
    { 0x9752, { 0x000, 0x040, 0x7FC, 0x040, 0x7FC, 0x040, 0xFFE, 0x208, 0x3F8, 0x208, 0x3F8, 0x208 } },
    { 0x975C, { 0x000, 0x206, 0xFBC, 0x22A, 0xFC4, 0x23E, 0xF8A, 0xAFE, 0xA8A, 0xFBE, 0x888, 0x998 } },
    { 0x975E, { 0x000, 0x110, 0x110, 0xF1E, 0x110, 0x110, 0xF1E, 0x110, 0x110, 0xF1E, 0x210, 0x410 } },
    { 0x9762, { 0x000, 0xFFE, 0x040, 0x080, 0xFFE, 0x912, 0x9F2, 0x912, 0x912, 0x9F2, 0x912, 0xFFE } },
    { 0x9774, { 0x000, 0x528, 0xFA8, 0x528, 0x76A, 0x22C, 0xFB8, 0xAA8, 0xFA8, 0x22A, 0xFAA, 0x22E } },
    { 0x978B, { 0x000, 0x508, 0xFBE, 0x508, 0x708, 0x23E, 0xF80, 0xA88, 0xFBE, 0x208, 0xF88, 0x23E } },
    { 0x97CC, { 0x000, 0x27E, 0xF92, 0x292, 0xFB2, 0x492, 0x79A, 0x216, 0xFA2, 0xA22, 0xF84, 0x218 } },
    { 0x97F3, { 0x000, 0x040, 0x7FC, 0x208, 0x110, 0xFFE, 0x000, 0x3F8, 0x208, 0x3F8, 0x208, 0x3F8 } },
    { 0x97FF, { 0x000, 0x4EE, 0xAAA, 0x4EC, 0xA8A, 0xEEE, 0x248, 0x7FC, 0x110, 0xFFE, 0x208, 0x3F8 } },
    { 0x9801, { 0x000, 0xFFE, 0x040, 0x7FC, 0x404, 0x7FC, 0x404, 0x7FC, 0x404, 0x7FC, 0x208, 0xC06 } },
    { 0x9805, { 0x000, 0x0FE, 0xE10, 0x4FE, 0x482, 0x4FE, 0x482, 0x4FE, 0x682, 0xCFE, 0x044, 0x082 } },
    { 0x9808, { 0x000, 0x2FE, 0x410, 0x8FE, 0x082, 0x2FE, 0x482, 0x8FE, 0x082, 0x2FE, 0x444, 0x882 } },
    { 0x9818, { 0x000, 0x23E, 0x208, 0x53E, 0x8A2, 0x77E, 0x022, 0xFBE, 0x4A2, 0x4BE, 0x594, 0x422 } },
    { 0x982D, { 0x000, 0xFBE, 0x008, 0xFBE, 0x8A2, 0x8BE, 0xFA2, 0x03E, 0x922, 0x53E, 0x594, 0xE22 } },
    { 0x9846, { 0x000, 0xFBE, 0xA88, 0xFBE, 0xAA2, 0xFBE, 0x222, 0xFBE, 0x222, 0x73E, 0xA94, 0x222 } },
    { 0x984C, { 0x000, 0xFBE, 0x888, 0xFBE, 0x8A2, 0xFBE, 0x022, 0xFBE, 0x214, 0xBA2, 0xE00, 0x9FE } },
    { 0x984D, { 0x000, 0x13E, 0xFC8, 0xA7E, 0x3A2, 0xCBE, 0x322, 0xCFE, 0x7A2, 0x4BE, 0x494, 0x7A2 } },
    { 0x985E, { 0x000, 0xABE, 0x208, 0xFBE, 0x722, 0xABE, 0x022, 0x2BE, 0xFA2, 0x23E, 0x514, 0x8A2 } },
    { 0x986F, { 0x000, 0xFBE, 0x888, 0xFBE, 0x8A2, 0xFBE, 0x522, 0xABE, 0xDA2, 0x03E, 0x514, 0xAA2 } },
    { 0x98A8, { 0x000, 0x7FC, 0x434, 0x5C4, 0x444, 0x5F4, 0x554, 0x554, 0x5F4, 0x444, 0x456, 0xBEA } },
    { 0x98DB, { 0x000, 0xFF4, 0x018, 0x294, 0xC92, 0x48E, 0x480, 0xFF4, 0x498, 0x494, 0x492, 0x88E } },
    { 0x98DF, { 0x000, 0x0E0, 0x318, 0xCE6, 0x3F8, 0x208, 0x3F8, 0x208, 0x3FA, 0x224, 0x298, 0x706 } },
    { 0x98E2, { 0x000, 0x678, 0x948, 0x248, 0xF48, 0x948, 0xF48, 0x948, 0xF48, 0x84A, 0xF4A, 0x88E } },
    { 0x990A, { 0x000, 0x110, 0xFFE, 0x040, 0x7FC, 0x110, 0x3F8, 0xE0E, 0x3F8, 0x24C, 0x230, 0xF8E } },
    { 0x9913, { 0x000, 0x42C, 0xACA, 0x048, 0xEFE, 0xA48, 0xE4A, 0xA6A, 0xEC4, 0x844, 0xE4A, 0x8D2 } },
    { 0x9918, { 0x000, 0x738, 0x844, 0x282, 0xF7E, 0x910, 0xF10, 0x9FE, 0xF10, 0x854, 0xA92, 0xD30 } },
    { 0x992E, { 0x000, 0xF98, 0x466, 0x78A, 0xCB4, 0x3F8, 0xE0E, 0x3F8, 0x208, 0x3FA, 0x214, 0x78E } },
    { 0x9955, { 0x000, 0x7BE, 0x4A0, 0xFFE, 0x4AA, 0xBFC, 0x208, 0x7FC, 0xA0A, 0x3F8, 0x224, 0xF9E } },
    { 0x9996, { 0x000, 0x208, 0x110, 0xFFE, 0x040, 0x7FC, 0x404, 0x7FC, 0x404, 0x7FC, 0x404, 0x7FC } },
    { 0x99AC, { 0x000, 0x3FC, 0x220, 0x3FC, 0x220, 0x3FC, 0x220, 0x3FE, 0x002, 0x552, 0x552, 0x80C } },
    { 0x99AD, { 0x000, 0xFBE, 0xA22, 0xFA2, 0xA22, 0xFA2, 0xA22, 0xF94, 0x094, 0xA88, 0xA94, 0x9A2 } },
    { 0x99B3, { 0x000, 0xF10, 0xA50, 0xF56, 0xA7A, 0xFD2, 0xA52, 0xF56, 0x150, 0x542, 0x942, 0xB3E } },
    { 0x99D5, { 0x000, 0x200, 0xFBE, 0x2A2, 0x4A2, 0xBFE, 0x220, 0x3FC, 0x220, 0x3FE, 0x402, 0x956 } },
    { 0x9A30, { 0x000, 0xE54, 0xAFE, 0xA28, 0xEFE, 0xA54, 0xAFE, 0xE90, 0xAFE, 0xA02, 0xAAA, 0xAAE } },
    { 0x9A55, { 0x000, 0xF8C, 0xA70, 0xF10, 0xAFE, 0xF6C, 0xABA, 0xF80, 0x0FE, 0xAAA, 0xABA, 0x986 } },
    { 0x9A57, { 0x000, 0xF10, 0xA28, 0xF44, 0xABA, 0xF00, 0xAEE, 0xFAA, 0x1EE, 0x544, 0x944, 0xBAA } },
    { 0x9AA8, { 0x000, 0x3F8, 0x208, 0x278, 0x248, 0xFFE, 0xA0A, 0x3F8, 0x208, 0x3F8, 0x208, 0x218 } },
    { 0x9AB7, { 0x000, 0x788, 0x488, 0x5BE, 0xFC8, 0x848, 0x788, 0x4BE, 0x7A2, 0x4A2, 0x7A2, 0x4BE } },
    { 0x9AB8, { 0x000, 0x708, 0x57E, 0x520, 0xFC4, 0x8A8, 0x710, 0x522, 0x744, 0x508, 0x714, 0x562 } },
    { 0x9ACF, { 0x000, 0x710, 0x57C, 0x554, 0xFFE, 0x8D4, 0x77E, 0x552, 0x7FE, 0x524, 0x738, 0x5C6 } },
    { 0x9AD3, { 0x000, 0x784, 0x55E, 0x508, 0xF9E, 0x964, 0x71E, 0x5D2, 0x75E, 0x552, 0x7A0, 0x51E } },
    { 0x9AD4, { 0x000, 0x728, 0x5FE, 0x5AA, 0xFFE, 0x8AA, 0x7FE, 0x544, 0x77C, 0x544, 0x728, 0x5FE } },
    { 0x9AD8, { 0x000, 0x040, 0xFFE, 0x208, 0x3F8, 0x000, 0xFFE, 0x802, 0x9F2, 0x912, 0x9F2, 0x806 } },
    { 0x9AEE, { 0x000, 0x7C6, 0x418, 0xFC6, 0x498, 0xF46, 0x090, 0xFFE, 0x100, 0x288, 0x470, 0xB8E } },
    { 0x9B0D, { 0x000, 0x7C6, 0x418, 0x7C6, 0x418, 0xFE0, 0x23E, 0xFA2, 0x23E, 0xFA2, 0x8BE, 0xFA2 } },
    { 0x9B1A, { 0x000, 0x7C6, 0x418, 0x7C6, 0x438, 0xFC8, 0x07E, 0x342, 0xC7E, 0x042, 0x37E, 0xCC2 } },
    { 0x9B25, { 0x000, 0xBBA, 0x912, 0xBBA, 0x912, 0xBBA, 0x802, 0x802, 0x802, 0x802, 0x802, 0x80E } },
    { 0x9B3C, { 0x000, 0x080, 0x7FC, 0x444, 0x7FC, 0x444, 0x7FC, 0x0A8, 0x0B4, 0x13C, 0x222, 0xC3E } },
    { 0x9B42, { 0x000, 0x040, 0xEFC, 0x0A4, 0x0FC, 0xFA4, 0x4FC, 0x428, 0x954, 0xB5C, 0xD52, 0x09E } },
    { 0x9B54, { 0x000, 0x020, 0x7FE, 0x488, 0x7FE, 0x5DC, 0x6AA, 0x5FC, 0x524, 0x5FC, 0x452, 0xB9E } },
    { 0x9B6F, { 0x000, 0x3F0, 0x410, 0xFFC, 0x444, 0x7FC, 0x444, 0x7FC, 0x912, 0x7FC, 0x404, 0x7FC } },
    { 0x9BAE, { 0x000, 0x422, 0x714, 0x93E, 0xF88, 0xA88, 0xFBE, 0xA88, 0xF88, 0x03E, 0xA88, 0xA88 } },
    { 0x9C57, { 0x000, 0x44A, 0x72C, 0x97E, 0xFAC, 0xACA, 0xFA4, 0xABE, 0xFD4, 0x034, 0xAAE, 0xAC4 } },
    { 0x9CF3, { 0x000, 0x7FC, 0x444, 0x5F4, 0x514, 0x5F4, 0x514, 0x5F4, 0x504, 0x5FA, 0x80A, 0x95A } },
    { 0x9CF4, { 0x000, 0x020, 0xEFC, 0xA84, 0xAFC, 0xA84, 0xAFE, 0xA80, 0xAFE, 0xE02, 0x0AA, 0x0AC } },
    { 0x9DF9, { 0x000, 0x020, 0x7FE, 0x4A8, 0x57E, 0x748, 0x57E, 0x484, 0x4FC, 0x484, 0x4FE, 0xB52 } },
    { 0x9EA5, { 0x000, 0x040, 0xFFE, 0x248, 0x554, 0x8E2, 0x358, 0xC86, 0x1F8, 0x688, 0x070, 0xF8E } },
    { 0x9EBC, { 0x000, 0x020, 0x7FE, 0x488, 0x7FE, 0x5DC, 0x6AA, 0x420, 0x4C8, 0x430, 0x4C4, 0x9FA } },
    { 0x9EC3, { 0x000, 0x110, 0x7FC, 0x110, 0x1F0, 0x000, 0xFFE, 0x444, 0x7FC, 0x444, 0x7FC, 0xC06 } },
    { 0x9ECE, { 0x000, 0xFA0, 0x23E, 0xFAA, 0x74A, 0xA92, 0x246, 0x1B0, 0xE4E, 0x248, 0x150, 0x6CC } },
    { 0x9ED1, { 0x000, 0x7FC, 0x444, 0x554, 0x444, 0x7FC, 0x040, 0x7FC, 0x040, 0xFFE, 0x524, 0x892 } },
    { 0x9EDE, { 0x000, 0xF88, 0xA88, 0xF8E, 0xA88, 0xF88, 0x208, 0xFBE, 0x222, 0xFA2, 0x022, 0xABE } },
    { 0x9EEF, { 0x000, 0xF88, 0xABE, 0xF94, 0xA94, 0xFFE, 0x200, 0xFBE, 0x222, 0xFBE, 0x022, 0xABE } },
    { 0x9F13, { 0x000, 0x208, 0xFC8, 0x23E, 0xF88, 0x008, 0xFBE, 0x8A2, 0xFA2, 0x514, 0x588, 0xE76 } },
    { 0x9F20, { 0x000, 0x7BC, 0x404, 0x7BC, 0x404, 0x7FC, 0x000, 0x554, 0x4CC, 0x554, 0x4CC, 0xF72 } },
    { 0x9F4A, { 0x000, 0x040, 0xFFE, 0x0A0, 0xF5E, 0x554, 0xB5A, 0x404, 0x7FC, 0x404, 0x7FC, 0x804 } },
    { 0x9F52, { 0x000, 0x040, 0x27C, 0x240, 0xFFE, 0x000, 0x514, 0x6AC, 0x7FC, 0x514, 0x6AC, 0x7FC } },
    { 0x9F8D, { 0x000, 0x23E, 0xFA0, 0x53E, 0xFC2, 0x03E, 0xFA0, 0x8BE, 0xFA0, 0x8BE, 0xFA0, 0x89E } },
    { 0x9F95, { 0x000, 0x0E0, 0x318, 0xDF6, 0x208, 0xFFE, 0x520, 0xFBE, 0x882, 0xFBE, 0x8A0, 0x99E } },
    { 0xFF01, { 0x000, 0x000, 0x040, 0x0E0, 0x0E0, 0x0E0, 0x040, 0x040, 0x040, 0x000, 0x040, 0x000 } },
    { 0xFF08, { 0x000, 0x004, 0x008, 0x008, 0x010, 0x010, 0x010, 0x010, 0x010, 0x008, 0x008, 0x004 } },
    { 0xFF09, { 0x000, 0x400, 0x200, 0x200, 0x100, 0x100, 0x100, 0x100, 0x100, 0x200, 0x200, 0x400 } },
    { 0xFF0C, { 0x000, 0x000, 0x000, 0x000, 0x000, 0x060, 0x060, 0x020, 0x040, 0x000, 0x000, 0x000 } },
    { 0xFF1A, { 0x000, 0x000, 0x000, 0x060, 0x060, 0x000, 0x000, 0x000, 0x000, 0x060, 0x060, 0x000 } },
    { 0xFF1F, { 0x000, 0x000, 0x0E0, 0x110, 0x110, 0x010, 0x020, 0x040, 0x040, 0x000, 0x040, 0x000 } },
};

static const CjkGlyphHD hd_ja[] = {
    { 0x2026, { 0x000, 0x000, 0x000, 0x000, 0x000, 0x000, 0x666, 0x666, 0x000, 0x000, 0x000, 0x000 } },
    { 0x3001, { 0x000, 0x000, 0x000, 0x000, 0x000, 0x000, 0x000, 0x000, 0x000, 0x400, 0x300, 0x100 } },
    { 0x3002, { 0x000, 0x000, 0x000, 0x000, 0x000, 0x000, 0x000, 0x000, 0x300, 0x480, 0x480, 0x300 } },
    { 0x3005, { 0x000, 0x000, 0x080, 0x080, 0x0FC, 0x104, 0x208, 0x410, 0x0A0, 0x040, 0x020, 0x000 } },
    { 0x300C, { 0x000, 0x03C, 0x020, 0x020, 0x020, 0x020, 0x020, 0x020, 0x020, 0x000, 0x000, 0x000 } },
    { 0x300D, { 0x000, 0x000, 0x000, 0x000, 0x080, 0x080, 0x080, 0x080, 0x080, 0x080, 0x080, 0x780 } },
    { 0x3042, { 0x000, 0x080, 0x080, 0x7FC, 0x080, 0x1F8, 0x294, 0x492, 0x8A2, 0x842, 0x884, 0x718 } },
    { 0x3044, { 0x000, 0x000, 0x808, 0x808, 0x804, 0x804, 0x804, 0x802, 0x842, 0x442, 0x480, 0x300 } },
    { 0x3046, { 0x000, 0x1C0, 0x030, 0x000, 0x0F0, 0x708, 0x004, 0x004, 0x004, 0x008, 0x030, 0x1C0 } },
    { 0x3048, { 0x000, 0x180, 0x070, 0x000, 0x7F8, 0x010, 0x020, 0x040, 0x0A0, 0x120, 0x220, 0xC1E } },
    { 0x304A, { 0x000, 0x080, 0x084, 0xFF2, 0x082, 0x080, 0x3F8, 0x484, 0x882, 0x882, 0x884, 0x718 } },
    { 0x304B, { 0x000, 0x100, 0x108, 0x104, 0xFE2, 0x112, 0x110, 0x110, 0x210, 0x210, 0x410, 0x860 } },
    { 0x304C, { 0x000, 0x10A, 0x10A, 0x100, 0xFE4, 0x112, 0x112, 0x110, 0x210, 0x210, 0x410, 0x860 } },
    { 0x304D, { 0x000, 0x080, 0x7F8, 0x040, 0xFFE, 0x020, 0x010, 0x3F8, 0x404, 0x400, 0x200, 0x1F8 } },
    { 0x304E, { 0x000, 0x08A, 0x7FA, 0x040, 0xFFE, 0x020, 0x010, 0x3F8, 0x404, 0x400, 0x200, 0x1F8 } },
    { 0x304F, { 0x000, 0x004, 0x008, 0x030, 0x0C0, 0x300, 0x400, 0x300, 0x0C0, 0x030, 0x008, 0x004 } },
    { 0x3050, { 0x000, 0x008, 0x010, 0x060, 0x18A, 0x60A, 0x800, 0x600, 0x180, 0x060, 0x010, 0x008 } },
    { 0x3051, { 0x000, 0x410, 0x410, 0x810, 0x9FE, 0x810, 0x810, 0x810, 0x810, 0x410, 0x420, 0x0C0 } },
    { 0x3052, { 0x000, 0x42A, 0x42A, 0x820, 0x9FC, 0x820, 0x820, 0x820, 0x820, 0x420, 0x440, 0x180 } },
    { 0x3053, { 0x000, 0x000, 0x3F8, 0x000, 0x000, 0x000, 0x000, 0x200, 0x400, 0x400, 0x400, 0x3FC } },
    { 0x3054, { 0x000, 0x00A, 0x3EA, 0x000, 0x000, 0x000, 0x000, 0x200, 0x400, 0x400, 0x400, 0x3FC } },
    { 0x3055, { 0x000, 0x040, 0x040, 0xFFE, 0x020, 0x010, 0x1F8, 0x204, 0x400, 0x400, 0x200, 0x1F8 } },
    { 0x3056, { 0x000, 0x04A, 0x04A, 0xFFC, 0x020, 0x010, 0x1F8, 0x204, 0x400, 0x400, 0x200, 0x1F8 } },
    { 0x3057, { 0x000, 0x400, 0x400, 0x400, 0x400, 0x400, 0x400, 0x400, 0x404, 0x404, 0x208, 0x1F0 } },
    { 0x3058, { 0x000, 0x400, 0x428, 0x428, 0x400, 0x400, 0x400, 0x400, 0x404, 0x404, 0x208, 0x1F0 } },
    { 0x3059, { 0x000, 0x020, 0x020, 0xFFE, 0x020, 0x0E0, 0x120, 0x120, 0x0E0, 0x020, 0x040, 0x180 } },
    { 0x305A, { 0x000, 0x02A, 0x02A, 0xFFC, 0x020, 0x0E0, 0x120, 0x120, 0x0E0, 0x020, 0x040, 0x180 } },
    { 0x305B, { 0x000, 0x210, 0x210, 0x210, 0xFFE, 0x210, 0x210, 0x210, 0x260, 0x200, 0x200, 0x1FC } },
    { 0x305C, { 0x000, 0x42A, 0x42A, 0x420, 0xFFC, 0x420, 0x420, 0x420, 0x4C0, 0x400, 0x400, 0x3F8 } },
    { 0x305D, { 0x000, 0x3F8, 0x010, 0x060, 0x080, 0xFFE, 0x080, 0x100, 0x100, 0x100, 0x080, 0x078 } },
    { 0x305E, { 0x000, 0x3F0, 0x02A, 0x0CA, 0x100, 0xFFC, 0x100, 0x200, 0x200, 0x200, 0x100, 0x0F0 } },
    { 0x305F, { 0x000, 0x100, 0x100, 0xFF0, 0x100, 0x27C, 0x200, 0x200, 0x440, 0x480, 0x880, 0x87C } },
    { 0x3060, { 0x000, 0x10A, 0x10A, 0xFF0, 0x100, 0x27C, 0x200, 0x200, 0x440, 0x480, 0x880, 0x87C } },
    { 0x3061, { 0x000, 0x080, 0x080, 0xFFC, 0x100, 0x100, 0x3F0, 0x408, 0x004, 0x004, 0x008, 0x3F0 } },
    { 0x3063, { 0x000, 0x000, 0x000, 0x000, 0x1F0, 0x608, 0x004, 0x004, 0x004, 0x004, 0x018, 0x1E0 } },
    { 0x3064, { 0x000, 0x000, 0x0F0, 0x308, 0xC04, 0x002, 0x002, 0x002, 0x002, 0x004, 0x018, 0x0E0 } },
    { 0x3066, { 0x000, 0x000, 0x0FE, 0xF20, 0x040, 0x040, 0x080, 0x080, 0x080, 0x080, 0x040, 0x03C } },
    { 0x3067, { 0x000, 0x000, 0x0FE, 0xF20, 0x04A, 0x04A, 0x080, 0x080, 0x080, 0x080, 0x040, 0x03C } },
    { 0x3068, { 0x000, 0x200, 0x200, 0x10C, 0x130, 0x0C0, 0x300, 0x400, 0x800, 0x800, 0x400, 0x3FC } },
    { 0x3069, { 0x000, 0x20A, 0x20A, 0x100, 0x11C, 0x0E0, 0x300, 0x400, 0x800, 0x800, 0x400, 0x3FC } },
    { 0x306A, { 0x000, 0x100, 0x118, 0xFC4, 0x202, 0x210, 0x410, 0x410, 0x8F0, 0x918, 0x114, 0x0E2 } },
    { 0x306B, { 0x000, 0x400, 0x4FE, 0x800, 0x800, 0x800, 0x800, 0x840, 0x880, 0x880, 0x480, 0x47E } },
    { 0x306C, { 0x000, 0x220, 0x220, 0x2F8, 0x324, 0x522, 0x942, 0x942, 0x89A, 0x8A6, 0x924, 0x61A } },
    { 0x306D, { 0x000, 0x200, 0x200, 0x238, 0xF44, 0x282, 0x302, 0x602, 0xA3A, 0xA46, 0x244, 0x23A } },
    { 0x306E, { 0x000, 0x000, 0x1F8, 0x244, 0x442, 0x842, 0x842, 0x882, 0x882, 0x904, 0x608, 0x030 } },
    { 0x306F, { 0x000, 0x410, 0x410, 0x810, 0x9FE, 0x810, 0x810, 0x810, 0x8F0, 0x918, 0x514, 0x4E2 } },
    { 0x3070, { 0x000, 0x42A, 0x42A, 0x820, 0x9FC, 0x820, 0x820, 0x820, 0x8E0, 0x930, 0x528, 0x4C4 } },
    { 0x3071, { 0x000, 0x424, 0x42A, 0x824, 0x9FC, 0x820, 0x820, 0x820, 0x8E0, 0x930, 0x528, 0x4C4 } },
    { 0x3072, { 0x000, 0x000, 0xF10, 0x110, 0x208, 0x40C, 0x40A, 0x808, 0x810, 0x810, 0x420, 0x3C0 } },
    { 0x3073, { 0x000, 0x00A, 0xF0A, 0x100, 0x208, 0x40C, 0x40A, 0x808, 0x810, 0x810, 0x420, 0x3C0 } },
    { 0x3076, { 0x000, 0x0C0, 0x02A, 0x00A, 0x040, 0x040, 0x044, 0x224, 0x412, 0x812, 0x110, 0x0E0 } },
    { 0x3078, { 0x000, 0x000, 0x000, 0x080, 0x140, 0x220, 0x220, 0x410, 0x808, 0x006, 0x000, 0x000 } },
    { 0x3079, { 0x000, 0x000, 0x014, 0x094, 0x140, 0x220, 0x220, 0x410, 0x808, 0x006, 0x000, 0x000 } },
    { 0x307B, { 0x000, 0x5FE, 0x410, 0x810, 0x9FE, 0x810, 0x810, 0x810, 0x8F0, 0x918, 0x514, 0x4E2 } },
    { 0x307C, { 0x000, 0x5FA, 0x42A, 0x820, 0x9FC, 0x820, 0x820, 0x820, 0x8E0, 0x930, 0x528, 0x4C4 } },
    { 0x307E, { 0x000, 0x040, 0x7F8, 0x040, 0x040, 0xFFC, 0x040, 0x040, 0x3C0, 0x460, 0x450, 0x388 } },
    { 0x307F, { 0x000, 0x7C0, 0x040, 0x048, 0x048, 0x3F8, 0x44C, 0x88A, 0x888, 0x910, 0x610, 0x020 } },
    { 0x3080, { 0x000, 0x100, 0x104, 0xFE2, 0x102, 0x100, 0x700, 0x900, 0x904, 0x704, 0x104, 0x0F8 } },
    { 0x3081, { 0x000, 0x020, 0x220, 0x2F8, 0x324, 0x622, 0xA22, 0x942, 0x942, 0x882, 0x704, 0x018 } },
    { 0x3082, { 0x000, 0x100, 0x100, 0xFF0, 0x100, 0x100, 0xFF0, 0x204, 0x204, 0x204, 0x108, 0x0F0 } },
    { 0x3084, { 0x000, 0x220, 0x220, 0x21C, 0x162, 0x382, 0xD02, 0x084, 0x098, 0x040, 0x040, 0x040 } },
    { 0x3086, { 0x000, 0x020, 0x820, 0x9F8, 0xA24, 0xC22, 0xC22, 0x922, 0x924, 0x8F8, 0x020, 0x1C0 } },
    { 0x3087, { 0x000, 0x000, 0x000, 0x040, 0x040, 0x078, 0x040, 0x040, 0x3C0, 0x460, 0x450, 0x388 } },
    { 0x3088, { 0x000, 0x040, 0x040, 0x040, 0x07C, 0x040, 0x040, 0x7C0, 0x860, 0x850, 0x848, 0x784 } },
    { 0x3089, { 0x000, 0x0C0, 0x030, 0x200, 0x200, 0x4F0, 0x508, 0x604, 0x004, 0x004, 0x018, 0x0E0 } },
    { 0x308A, { 0x000, 0x4E0, 0x510, 0x608, 0x408, 0x408, 0x408, 0x408, 0x008, 0x008, 0x010, 0x0E0 } },
    { 0x308B, { 0x000, 0x7F8, 0x010, 0x020, 0x040, 0x0F8, 0x304, 0xC02, 0x182, 0x242, 0x24C, 0x1F0 } },
    { 0x308C, { 0x000, 0x200, 0x200, 0x230, 0xF48, 0x288, 0x308, 0x608, 0x610, 0xA10, 0xA12, 0x20C } },
    { 0x308D, { 0x000, 0x7F8, 0x010, 0x020, 0x040, 0x0F8, 0x304, 0xC02, 0x002, 0x002, 0x004, 0x1F8 } },
    { 0x308F, { 0x000, 0x200, 0x200, 0x238, 0xF44, 0x282, 0x302, 0x602, 0x602, 0xA02, 0xA04, 0x218 } },
    { 0x3092, { 0x000, 0x080, 0x080, 0x7F8, 0x100, 0x1C0, 0x22E, 0x470, 0x8A0, 0x120, 0x100, 0x0FE } },
    { 0x3093, { 0x000, 0x040, 0x040, 0x080, 0x080, 0x100, 0x1C0, 0x220, 0x222, 0x422, 0x424, 0x818 } },
    { 0x30A1, { 0x000, 0x000, 0x000, 0x7F8, 0x008, 0x088, 0x090, 0x0A0, 0x080, 0x080, 0x100, 0x200 } },
    { 0x30A2, { 0x000, 0x000, 0xFFC, 0x004, 0x084, 0x088, 0x090, 0x0A0, 0x080, 0x080, 0x100, 0x600 } },
    { 0x30A3, { 0x000, 0x000, 0x000, 0x010, 0x020, 0x040, 0x1C0, 0x640, 0x040, 0x040, 0x040, 0x040 } },
    { 0x30A4, { 0x000, 0x008, 0x010, 0x020, 0x0C0, 0x340, 0xC40, 0x040, 0x040, 0x040, 0x040, 0x040 } },
    { 0x30A6, { 0x000, 0x080, 0x080, 0xFFC, 0x804, 0x804, 0x804, 0x008, 0x008, 0x010, 0x060, 0x180 } },
    { 0x30A7, { 0x000, 0x000, 0x000, 0x000, 0x3F8, 0x040, 0x040, 0x040, 0x040, 0x040, 0x7FC, 0x000 } },
    { 0x30A8, { 0x000, 0x000, 0x7FC, 0x040, 0x040, 0x040, 0x040, 0x040, 0x040, 0x040, 0xFFE, 0x000 } },
    { 0x30A9, { 0x000, 0x000, 0x000, 0x010, 0x010, 0x7FC, 0x030, 0x050, 0x090, 0x110, 0x610, 0x060 } },
    { 0x30AA, { 0x000, 0x010, 0x010, 0x010, 0xFFE, 0x030, 0x050, 0x090, 0x310, 0xC10, 0x010, 0x060 } },
    { 0x30AB, { 0x000, 0x080, 0x080, 0x080, 0xFFE, 0x082, 0x082, 0x082, 0x102, 0x102, 0x202, 0xC1C } },
    { 0x30AC, { 0x000, 0x08A, 0x08A, 0x080, 0xFFC, 0x084, 0x084, 0x084, 0x104, 0x104, 0x204, 0xC38 } },
    { 0x30AD, { 0x000, 0x080, 0x080, 0x080, 0xFFC, 0x040, 0x040, 0x040, 0xFFC, 0x020, 0x020, 0x020 } },
    { 0x30AE, { 0x000, 0x08A, 0x08A, 0x080, 0xFFC, 0x040, 0x040, 0x040, 0xFFC, 0x020, 0x020, 0x020 } },
    { 0x30AF, { 0x000, 0x100, 0x100, 0x1F8, 0x208, 0x408, 0x810, 0x010, 0x020, 0x040, 0x180, 0x600 } },
    { 0x30B0, { 0x000, 0x10A, 0x10A, 0x1F0, 0x208, 0x408, 0x810, 0x010, 0x020, 0x040, 0x180, 0x600 } },
    { 0x30B1, { 0x000, 0x200, 0x200, 0x200, 0x3FE, 0x410, 0x810, 0x010, 0x020, 0x020, 0x0C0, 0x300 } },
    { 0x30B2, { 0x000, 0x20A, 0x20A, 0x200, 0x3FE, 0x410, 0x810, 0x010, 0x020, 0x020, 0x0C0, 0x300 } },
    { 0x30B3, { 0x000, 0x000, 0xFFC, 0x004, 0x004, 0x004, 0x004, 0x004, 0x004, 0x004, 0xFFC, 0x000 } },
    { 0x30B4, { 0x000, 0x00A, 0xFFA, 0x004, 0x004, 0x004, 0x004, 0x004, 0x004, 0x004, 0xFFC, 0x000 } },
    { 0x30B5, { 0x000, 0x000, 0x210, 0x210, 0xFFC, 0x210, 0x210, 0x210, 0x010, 0x010, 0x020, 0x3C0 } },
    { 0x30B6, { 0x000, 0x00A, 0x21A, 0x210, 0xFFC, 0x210, 0x210, 0x210, 0x010, 0x010, 0x020, 0x3C0 } },
    { 0x30B7, { 0x000, 0x600, 0x180, 0x000, 0x000, 0xC04, 0x304, 0x008, 0x010, 0x020, 0x0C0, 0x700 } },
    { 0x30B8, { 0x000, 0x60A, 0x18A, 0x000, 0x000, 0xC04, 0x304, 0x008, 0x010, 0x020, 0x0C0, 0x700 } },
    { 0x30B9, { 0x000, 0x000, 0xFF8, 0x008, 0x008, 0x010, 0x010, 0x020, 0x050, 0x088, 0x304, 0xC02 } },
    { 0x30BA, { 0x000, 0x00A, 0x00A, 0xFF0, 0x010, 0x010, 0x020, 0x020, 0x050, 0x088, 0x304, 0xC02 } },
    { 0x30BB, { 0x000, 0x100, 0x100, 0x100, 0x11E, 0x1E2, 0xF04, 0x104, 0x108, 0x100, 0x100, 0x0FC } },
    { 0x30BD, { 0x000, 0x000, 0x804, 0x804, 0x404, 0x404, 0x008, 0x008, 0x010, 0x020, 0x0C0, 0x300 } },
    { 0x30BF, { 0x000, 0x100, 0x100, 0x1FC, 0x204, 0x504, 0x888, 0x048, 0x030, 0x020, 0x0C0, 0x700 } },
    { 0x30C0, { 0x000, 0x10A, 0x10A, 0x1FC, 0x204, 0x504, 0x888, 0x048, 0x030, 0x020, 0x0C0, 0x700 } },
    { 0x30C1, { 0x000, 0x00C, 0x030, 0x7C0, 0x040, 0x040, 0xFFE, 0x040, 0x040, 0x040, 0x080, 0x700 } },
    { 0x30C3, { 0x000, 0x000, 0x000, 0x000, 0x484, 0x244, 0x244, 0x008, 0x008, 0x010, 0x060, 0x180 } },
    { 0x30C4, { 0x000, 0x000, 0x882, 0x882, 0x442, 0x444, 0x004, 0x008, 0x008, 0x010, 0x060, 0x380 } },
    { 0x30C6, { 0x000, 0x000, 0x7FC, 0x000, 0x000, 0xFFE, 0x040, 0x040, 0x040, 0x040, 0x080, 0x700 } },
    { 0x30C7, { 0x000, 0x00A, 0x7FA, 0x000, 0x000, 0xFFE, 0x040, 0x040, 0x040, 0x040, 0x080, 0x700 } },
    { 0x30C8, { 0x000, 0x200, 0x200, 0x200, 0x200, 0x380, 0x260, 0x218, 0x200, 0x200, 0x200, 0x200 } },
    { 0x30C9, { 0x000, 0x200, 0x214, 0x214, 0x200, 0x380, 0x260, 0x218, 0x200, 0x200, 0x200, 0x200 } },
    { 0x30CA, { 0x000, 0x040, 0x040, 0x040, 0xFFE, 0x040, 0x040, 0x040, 0x080, 0x080, 0x100, 0x600 } },
    { 0x30CB, { 0x000, 0x000, 0x000, 0x7FC, 0x000, 0x000, 0x000, 0x000, 0x000, 0x000, 0xFFE, 0x000 } },
    { 0x30CD, { 0x000, 0x040, 0x040, 0x7FC, 0x004, 0x008, 0x010, 0x060, 0x1D8, 0xE46, 0x040, 0x040 } },
    { 0x30CE, { 0x000, 0x008, 0x008, 0x008, 0x008, 0x008, 0x008, 0x010, 0x010, 0x020, 0x0C0, 0xF00 } },
    { 0x30CF, { 0x000, 0x000, 0x110, 0x110, 0x110, 0x208, 0x208, 0x208, 0x404, 0x404, 0x802, 0x802 } },
    { 0x30D0, { 0x000, 0x00A, 0x11A, 0x110, 0x110, 0x208, 0x208, 0x208, 0x404, 0x404, 0x802, 0x802 } },
    { 0x30D1, { 0x000, 0x004, 0x11A, 0x114, 0x110, 0x208, 0x208, 0x208, 0x404, 0x404, 0x802, 0x802 } },
    { 0x30D2, { 0x000, 0x400, 0x400, 0x400, 0x40C, 0x470, 0x780, 0x400, 0x400, 0x400, 0x400, 0x3FC } },
    { 0x30D3, { 0x000, 0x40A, 0x40A, 0x400, 0x40C, 0x470, 0x780, 0x400, 0x400, 0x400, 0x400, 0x3FC } },
    { 0x30D4, { 0x000, 0x408, 0x414, 0x408, 0x430, 0x4C0, 0x700, 0x400, 0x400, 0x400, 0x400, 0x3FC } },
    { 0x30D5, { 0x000, 0x000, 0x000, 0xFFC, 0x004, 0x004, 0x004, 0x008, 0x008, 0x010, 0x060, 0x380 } },
    { 0x30D6, { 0x000, 0x00A, 0x00A, 0xFFC, 0x004, 0x004, 0x004, 0x008, 0x008, 0x010, 0x060, 0x380 } },
    { 0x30D7, { 0x000, 0x004, 0x00A, 0xFF4, 0x008, 0x008, 0x008, 0x010, 0x010, 0x020, 0x0C0, 0x300 } },
    { 0x30D8, { 0x000, 0x000, 0x000, 0x080, 0x140, 0x220, 0x220, 0x410, 0x808, 0x006, 0x000, 0x000 } },
    { 0x30D9, { 0x000, 0x000, 0x014, 0x094, 0x140, 0x220, 0x220, 0x410, 0x808, 0x006, 0x000, 0x000 } },
    { 0x30DA, { 0x000, 0x000, 0x008, 0x094, 0x148, 0x220, 0x220, 0x410, 0x808, 0x006, 0x000, 0x000 } },
    { 0x30DC, { 0x000, 0x04A, 0x04A, 0x040, 0xFFE, 0x040, 0x248, 0x244, 0x442, 0x842, 0x040, 0x180 } },
    { 0x30DD, { 0x000, 0x044, 0x04A, 0x044, 0xFFE, 0x040, 0x248, 0x244, 0x442, 0x842, 0x040, 0x180 } },
    { 0x30DE, { 0x000, 0x000, 0xFFE, 0x002, 0x004, 0x008, 0x010, 0x020, 0x640, 0x180, 0x040, 0x020 } },
    { 0x30DF, { 0x000, 0x380, 0x070, 0x00C, 0x000, 0x380, 0x070, 0x00C, 0x000, 0x700, 0x0E0, 0x01C } },
    { 0x30E0, { 0x000, 0x040, 0x040, 0x080, 0x080, 0x100, 0x108, 0x208, 0x204, 0x41C, 0x4E2, 0xF02 } },
    { 0x30E1, { 0x000, 0x008, 0x008, 0x008, 0x008, 0x310, 0x0D0, 0x020, 0x030, 0x048, 0x184, 0xE00 } },
    { 0x30E2, { 0x000, 0x7FC, 0x080, 0x080, 0x080, 0xFFE, 0x080, 0x080, 0x080, 0x080, 0x080, 0x07C } },
    { 0x30E3, { 0x000, 0x000, 0x000, 0x200, 0x13C, 0x1C4, 0x708, 0x088, 0x090, 0x080, 0x040, 0x040 } },
    { 0x30E4, { 0x000, 0x200, 0x200, 0x10E, 0x172, 0x384, 0xC84, 0x088, 0x040, 0x040, 0x020, 0x020 } },
    { 0x30E5, { 0x000, 0x000, 0x000, 0x000, 0x3F8, 0x008, 0x008, 0x008, 0x010, 0x010, 0x010, 0x7FC } },
    { 0x30E6, { 0x000, 0x000, 0x7F8, 0x008, 0x008, 0x008, 0x008, 0x010, 0x010, 0x010, 0x010, 0xFFE } },
    { 0x30E7, { 0x000, 0x000, 0x000, 0x3F8, 0x008, 0x008, 0x008, 0x3F8, 0x008, 0x008, 0x008, 0x3F8 } },
    { 0x30E9, { 0x000, 0x7F8, 0x000, 0x000, 0xFFC, 0x004, 0x004, 0x008, 0x008, 0x010, 0x060, 0x380 } },
    { 0x30EA, { 0x000, 0x408, 0x408, 0x408, 0x408, 0x408, 0x408, 0x008, 0x008, 0x010, 0x020, 0x1C0 } },
    { 0x30EB, { 0x000, 0x110, 0x110, 0x110, 0x110, 0x110, 0x110, 0x112, 0x212, 0x212, 0x414, 0x818 } },
    { 0x30EC, { 0x000, 0x400, 0x400, 0x400, 0x400, 0x400, 0x404, 0x404, 0x408, 0x410, 0x460, 0x780 } },
    { 0x30ED, { 0x000, 0x000, 0x7FC, 0x404, 0x404, 0x404, 0x404, 0x404, 0x404, 0x404, 0x7FC, 0x000 } },
    { 0x30EF, { 0x000, 0x000, 0xFFC, 0x804, 0x804, 0x804, 0x004, 0x008, 0x008, 0x010, 0x060, 0x380 } },
    { 0x30F3, { 0x000, 0x000, 0x600, 0x184, 0x004, 0x004, 0x008, 0x008, 0x010, 0x020, 0x0C0, 0x700 } },
    { 0x30F4, { 0x000, 0x08A, 0x08A, 0xFFC, 0x804, 0x804, 0x804, 0x008, 0x008, 0x010, 0x060, 0x180 } },
    { 0x30FB, { 0x000, 0x000, 0x000, 0x000, 0x000, 0x000, 0x060, 0x060, 0x000, 0x000, 0x000, 0x000 } },
    { 0x30FC, { 0x000, 0x000, 0x000, 0x000, 0x000, 0x000, 0x7FC, 0x000, 0x000, 0x000, 0x000, 0x000 } },
    { 0x4E00, { 0x000, 0x000, 0x000, 0x000, 0x000, 0x000, 0xFFE, 0x000, 0x000, 0x000, 0x000, 0x000 } },
    { 0x4E01, { 0x000, 0xFFE, 0x040, 0x040, 0x040, 0x040, 0x040, 0x040, 0x040, 0x040, 0x040, 0x1C0 } },
    { 0x4E03, { 0x000, 0x080, 0x080, 0x080, 0x08E, 0x0F0, 0xF80, 0x080, 0x080, 0x082, 0x082, 0x07E } },
    { 0x4E07, { 0x000, 0xFFE, 0x080, 0x080, 0x080, 0x0FC, 0x084, 0x084, 0x104, 0x104, 0x204, 0xC18 } },
    { 0x4E08, { 0x000, 0x010, 0x010, 0xFFE, 0x010, 0x210, 0x210, 0x120, 0x0A0, 0x040, 0x1B0, 0xE0E } },
    { 0x4E09, { 0x000, 0x7FC, 0x000, 0x000, 0x000, 0x000, 0x3F8, 0x000, 0x000, 0x000, 0x000, 0xFFE } },
    { 0x4E0A, { 0x000, 0x040, 0x040, 0x040, 0x040, 0x07C, 0x040, 0x040, 0x040, 0x040, 0x040, 0xFFE } },
    { 0x4E0B, { 0x000, 0xFFE, 0x040, 0x040, 0x040, 0x050, 0x048, 0x044, 0x040, 0x040, 0x040, 0x040 } },
    { 0x4E0D, { 0x000, 0xFFE, 0x020, 0x040, 0x0C0, 0x150, 0x248, 0xC44, 0x042, 0x040, 0x040, 0x040 } },
    { 0x4E0E, { 0x000, 0x100, 0x1FC, 0x100, 0x200, 0x3F8, 0x008, 0x008, 0xFFE, 0x008, 0x008, 0x070 } },
    { 0x4E16, { 0x000, 0x248, 0x248, 0x248, 0xFFE, 0x248, 0x248, 0x248, 0x278, 0x200, 0x200, 0x3FE } },
    { 0x4E2D, { 0x000, 0x040, 0x040, 0xFFE, 0x842, 0x842, 0x842, 0xFFE, 0x040, 0x040, 0x040, 0x040 } },
    { 0x4E3B, { 0x000, 0x080, 0x040, 0xFFE, 0x040, 0x040, 0x040, 0x7FC, 0x040, 0x040, 0x040, 0xFFE } },
    { 0x4E45, { 0x000, 0x100, 0x100, 0x1F0, 0x210, 0x410, 0x820, 0x040, 0x0A0, 0x110, 0x208, 0xC06 } },
    { 0x4E57, { 0x000, 0x03C, 0x7C0, 0x040, 0x7FC, 0x248, 0xFFE, 0x248, 0x7FC, 0x150, 0x248, 0xC46 } },
    { 0x4E5D, { 0x000, 0x100, 0x100, 0x100, 0xFF0, 0x110, 0x110, 0x110, 0x210, 0x212, 0x412, 0x81E } },
    { 0x4E71, { 0x000, 0x0D0, 0x710, 0x110, 0x110, 0xFD0, 0x110, 0x110, 0x7D0, 0x452, 0x452, 0x7CE } },
    { 0x4E86, { 0x000, 0x7FC, 0x004, 0x008, 0x010, 0x020, 0x020, 0x020, 0x020, 0x020, 0x020, 0x0E0 } },
    { 0x4E8B, { 0x000, 0x040, 0xFFE, 0x248, 0x248, 0x7FC, 0x044, 0xFFE, 0x044, 0x7FC, 0x040, 0x1C0 } },
    { 0x4E8C, { 0x000, 0x000, 0x7FC, 0x000, 0x000, 0x000, 0x000, 0x000, 0x000, 0x000, 0xFFE, 0x000 } },
    { 0x4E94, { 0x000, 0x7FC, 0x080, 0x080, 0x080, 0x7F8, 0x108, 0x108, 0x108, 0x208, 0x208, 0xFFE } },
    { 0x4EA1, { 0x000, 0x040, 0x040, 0xFFE, 0x200, 0x200, 0x200, 0x200, 0x200, 0x200, 0x200, 0x3FC } },
    { 0x4EBA, { 0x000, 0x040, 0x040, 0x040, 0x040, 0x0A0, 0x0A0, 0x110, 0x110, 0x208, 0x404, 0x802 } },
    { 0x4ECA, { 0x000, 0x040, 0x0A0, 0x318, 0xC06, 0x1F0, 0x000, 0x7FC, 0x008, 0x010, 0x020, 0x040 } },
    { 0x4ED5, { 0x000, 0x210, 0x210, 0x410, 0x410, 0xDFE, 0x410, 0x410, 0x410, 0x410, 0x410, 0x4FC } },
    { 0x4ED6, { 0x000, 0x210, 0x290, 0x496, 0x4BA, 0xDD2, 0x492, 0x496, 0x490, 0x482, 0x482, 0x47E } },
    { 0x4ED8, { 0x000, 0x208, 0x208, 0x4FE, 0x408, 0xC08, 0x488, 0x448, 0x448, 0x408, 0x408, 0x438 } },
    { 0x4EE3, { 0x000, 0x228, 0x224, 0x420, 0x43E, 0xDE0, 0x420, 0x420, 0x410, 0x412, 0x40A, 0x406 } },
    { 0x4EE4, { 0x000, 0x040, 0x0A0, 0x318, 0xC06, 0x1F0, 0x000, 0x7FC, 0x084, 0x084, 0x09C, 0x080 } },
    { 0x4EE5, { 0x000, 0x008, 0x488, 0x448, 0x448, 0x408, 0x408, 0x490, 0x510, 0x628, 0xC44, 0x182 } },
    { 0x4EF6, { 0x000, 0x290, 0x290, 0x4FE, 0x510, 0xC10, 0x410, 0x5FE, 0x410, 0x410, 0x410, 0x410 } },
    { 0x4EFB, { 0x000, 0x20C, 0x2F0, 0x410, 0x410, 0xC10, 0x5FE, 0x410, 0x410, 0x410, 0x410, 0x4FC } },
    { 0x4F0F, { 0x000, 0x114, 0x112, 0x210, 0x2FE, 0x610, 0xA28, 0x228, 0x228, 0x244, 0x244, 0x282 } },
    { 0x4F10, { 0x000, 0x228, 0x224, 0x420, 0x43E, 0xDE0, 0x424, 0x428, 0x410, 0x412, 0x46A, 0x586 } },
    { 0x4F1A, { 0x000, 0x040, 0x0A0, 0x318, 0xC06, 0x3F8, 0x000, 0x000, 0xFFE, 0x100, 0x208, 0x7F4 } },
    { 0x4F1D, { 0x000, 0x2FC, 0x200, 0x400, 0x400, 0xDFE, 0x420, 0x420, 0x444, 0x444, 0x49A, 0x5E2 } },
    { 0x4F4D, { 0x000, 0x210, 0x210, 0x5FE, 0x400, 0xC84, 0x484, 0x444, 0x448, 0x448, 0x410, 0x5FE } },
    { 0x4F53, { 0x000, 0x220, 0x220, 0x5FE, 0x420, 0xC70, 0x4A8, 0x4A8, 0x524, 0x6FA, 0x420, 0x420 } },
    { 0x4F55, { 0x000, 0x2FE, 0x204, 0x404, 0x4F4, 0xC94, 0x494, 0x494, 0x4F4, 0x404, 0x404, 0x41C } },
    { 0x4F59, { 0x000, 0x0E0, 0x110, 0x208, 0xDF6, 0x040, 0x040, 0x7FC, 0x040, 0x248, 0xC46, 0x0C0 } },
    { 0x4F5C, { 0x000, 0x240, 0x240, 0x47E, 0x4A0, 0xD20, 0x43E, 0x420, 0x420, 0x43E, 0x420, 0x420 } },
    { 0x4F7F, { 0x000, 0x210, 0x2FE, 0x410, 0x4FE, 0xC92, 0x492, 0x4FE, 0x450, 0x420, 0x450, 0x58E } },
    { 0x4F8D, { 0x000, 0x210, 0x27C, 0x410, 0x410, 0xCFE, 0x404, 0x4FE, 0x444, 0x424, 0x404, 0x41C } },
    { 0x4F9B, { 0x000, 0x248, 0x248, 0x5FE, 0x448, 0xC48, 0x448, 0x5FE, 0x400, 0x448, 0x484, 0x502 } },
    { 0x4F9D, { 0x000, 0x210, 0x210, 0x5FE, 0x420, 0xC50, 0x492, 0x594, 0x488, 0x488, 0x4A4, 0x5C2 } },
    { 0x4FCA, { 0x000, 0x224, 0x244, 0x5FE, 0x428, 0xC4A, 0x586, 0x43C, 0x4C4, 0x448, 0x438, 0x5C6 } },
    { 0x4FDD, { 0x000, 0x2FC, 0x284, 0x484, 0x4FC, 0xC10, 0x410, 0x5FE, 0x438, 0x454, 0x592, 0x410 } },
    { 0x4FE1, { 0x000, 0x278, 0x200, 0x5FE, 0x400, 0xCFC, 0x400, 0x4FC, 0x400, 0x4FC, 0x484, 0x4FC } },
    { 0x4FEE, { 0x000, 0x240, 0x27C, 0x4C8, 0x530, 0xDCE, 0x510, 0x564, 0x518, 0x564, 0x418, 0x4E0 } },
    { 0x4FFA, { 0x000, 0x220, 0x3FC, 0x488, 0x524, 0xFFE, 0x524, 0x5FC, 0x524, 0x5FC, 0x422, 0x41E } },
    { 0x500B, { 0x000, 0x2FE, 0x292, 0x492, 0x4FE, 0xC92, 0x4BA, 0x4AA, 0x4AA, 0x4BA, 0x482, 0x4FE } },
    { 0x500D, { 0x000, 0x210, 0x2FC, 0x400, 0x484, 0xC48, 0x5FE, 0x400, 0x4FC, 0x484, 0x484, 0x4FC } },
    { 0x5012, { 0x000, 0x3F2, 0x24A, 0x48A, 0x52A, 0xDDA, 0x44A, 0x44A, 0x5F2, 0x442, 0x472, 0x58E } },
    { 0x5019, { 0x000, 0x27C, 0x204, 0x5FE, 0x540, 0xD7E, 0x590, 0x510, 0x5FE, 0x528, 0x444, 0x482 } },
    { 0x501F, { 0x000, 0x248, 0x2FC, 0x448, 0x448, 0xDFE, 0x400, 0x4FC, 0x484, 0x4FC, 0x484, 0x4FC } },
    { 0x5024, { 0x000, 0x210, 0x2FE, 0x410, 0x47C, 0xD44, 0x57C, 0x544, 0x544, 0x57C, 0x500, 0x5FE } },
    { 0x5039, { 0x000, 0x210, 0x228, 0x444, 0x5BA, 0xC10, 0x4FE, 0x492, 0x4FE, 0x410, 0x428, 0x5C6 } },
    { 0x505C, { 0x000, 0x220, 0x3FE, 0x484, 0x4FC, 0xC00, 0x5FE, 0x502, 0x4FC, 0x410, 0x410, 0x470 } },
    { 0x5065, { 0x000, 0x208, 0x3BE, 0x48A, 0x4FE, 0xD0A, 0x5BE, 0x488, 0x4BE, 0x588, 0x4C8, 0x53E } },
    { 0x5074, { 0x000, 0x1E2, 0x32A, 0x5EA, 0x52A, 0xD2A, 0x5EA, 0x52A, 0x5EA, 0x402, 0x4A2, 0x516 } },
    { 0x5099, { 0x000, 0x248, 0x3FE, 0x448, 0x4FE, 0xC80, 0x4FE, 0x492, 0x4FE, 0x492, 0x5FE, 0x692 } },
    { 0x50B7, { 0x000, 0x280, 0x2FE, 0x584, 0x4FC, 0xC84, 0x5FE, 0x480, 0x4FE, 0x52A, 0x44A, 0x496 } },
    { 0x50BE, { 0x000, 0x23E, 0x208, 0x53E, 0x562, 0xDBE, 0x522, 0x53E, 0x562, 0x5FE, 0x414, 0x422 } },
    { 0x50CF, { 0x000, 0x278, 0x288, 0x5FE, 0x492, 0xCFE, 0x470, 0x59A, 0x46C, 0x59A, 0x46A, 0x598 } },
    { 0x512A, { 0x000, 0x3FE, 0x284, 0x2FC, 0x484, 0x7FE, 0xCAA, 0x544, 0x47E, 0x5C4, 0x438, 0x5C6 } },
    { 0x5143, { 0x000, 0x7FC, 0x000, 0x000, 0x000, 0xFFE, 0x110, 0x110, 0x110, 0x112, 0x212, 0xC1E } },
    { 0x5146, { 0x000, 0x120, 0x924, 0x528, 0x330, 0x120, 0x330, 0x528, 0x924, 0x120, 0x222, 0xC3E } },
    { 0x5148, { 0x000, 0x240, 0x240, 0x3FC, 0x440, 0x040, 0xFFE, 0x110, 0x110, 0x112, 0x212, 0xC1E } },
    { 0x5149, { 0x000, 0x040, 0x444, 0x248, 0x150, 0x040, 0xFFE, 0x110, 0x110, 0x112, 0x212, 0xC1E } },
    { 0x515C, { 0x000, 0x040, 0x5F6, 0x912, 0x9F2, 0x912, 0xDF6, 0x000, 0x110, 0x112, 0x212, 0xC1E } },
    { 0x5165, { 0x000, 0x3C0, 0x040, 0x040, 0x040, 0x0A0, 0x0A0, 0x110, 0x110, 0x208, 0x404, 0x802 } },
    { 0x5168, { 0x000, 0x040, 0x0A0, 0x318, 0xC06, 0x3F8, 0x040, 0x040, 0x7FC, 0x040, 0x040, 0xFFE } },
    { 0x516B, { 0x000, 0x1F0, 0x010, 0x010, 0x110, 0x110, 0x108, 0x208, 0x208, 0x404, 0x404, 0x802 } },
    { 0x516D, { 0x000, 0x040, 0x040, 0x040, 0xFFE, 0x000, 0x000, 0x208, 0x204, 0x404, 0x402, 0x802 } },
    { 0x5171, { 0x000, 0x110, 0x110, 0x7FC, 0x110, 0x110, 0x110, 0xFFE, 0x000, 0x110, 0x208, 0xC06 } },
    { 0x5185, { 0x000, 0x040, 0x040, 0xFFE, 0x842, 0x842, 0x8A2, 0x912, 0xA0A, 0x802, 0x802, 0x80E } },
    { 0x518D, { 0x000, 0xFFE, 0x040, 0x7FC, 0x444, 0x7FC, 0x444, 0x444, 0xFFE, 0x404, 0x404, 0x41C } },
    { 0x5199, { 0x000, 0xFFE, 0x802, 0x902, 0x1F8, 0x200, 0x3F8, 0x008, 0x008, 0xFFE, 0x008, 0x070 } },
    { 0x51A0, { 0x000, 0xFFE, 0x802, 0x704, 0x03E, 0x004, 0xFA4, 0x514, 0x504, 0x50C, 0x502, 0x9FE } },
    { 0x51AC, { 0x000, 0x100, 0x1F8, 0x208, 0xD10, 0x0E0, 0x318, 0xCC6, 0x030, 0x300, 0x0C0, 0x038 } },
    { 0x51B6, { 0x000, 0x820, 0x420, 0x448, 0x084, 0x1FA, 0x002, 0x4FC, 0x484, 0x484, 0x884, 0x8FC } },
    { 0x51B7, { 0x000, 0x810, 0x428, 0x444, 0x182, 0x038, 0x000, 0x4FE, 0x422, 0x422, 0x82E, 0x820 } },
    { 0x51CD, { 0x000, 0x810, 0x5FE, 0x410, 0x0FE, 0x092, 0x0FE, 0x492, 0x4FE, 0x438, 0x854, 0x992 } },
    { 0x51F6, { 0x000, 0x208, 0x110, 0x912, 0x8A2, 0x842, 0x8A2, 0x912, 0x912, 0xA0A, 0x802, 0xFFE } },
    { 0x51FA, { 0x000, 0x040, 0x444, 0x444, 0x444, 0x7FC, 0x040, 0x040, 0x842, 0x842, 0x842, 0xFFE } },
    { 0x5203, { 0x000, 0x7FE, 0x042, 0x042, 0x342, 0x0C2, 0x042, 0x0A2, 0x092, 0x102, 0x202, 0xC1C } },
    { 0x5206, { 0x000, 0x110, 0x110, 0x208, 0x208, 0x404, 0xBFA, 0x088, 0x088, 0x108, 0x208, 0xC30 } },
    { 0x5207, { 0x000, 0x4FE, 0x422, 0x422, 0x722, 0xC22, 0x422, 0x522, 0x522, 0x742, 0x042, 0x08C } },
    { 0x5208, { 0x000, 0x082, 0x092, 0x892, 0x492, 0x312, 0x112, 0x112, 0x292, 0x242, 0x402, 0x406 } },
    { 0x5217, { 0x000, 0xFC2, 0x212, 0x212, 0x3D2, 0x452, 0x652, 0x952, 0x092, 0x082, 0x102, 0x60E } },
    { 0x521D, { 0x000, 0x2FE, 0x222, 0xF22, 0x122, 0x222, 0x2A2, 0x722, 0xAA2, 0x242, 0x242, 0x28C } },
    { 0x5229, { 0x000, 0x0C2, 0x702, 0x112, 0x112, 0xFD2, 0x112, 0x312, 0x392, 0x542, 0x902, 0x10E } },
    { 0x5230, { 0x000, 0xFE2, 0x10A, 0x20A, 0x44A, 0xFAA, 0x10A, 0x10A, 0xFEA, 0x102, 0x1E2, 0xE0E } },
    { 0x523A, { 0x000, 0x102, 0xFEA, 0x10A, 0xFEA, 0x92A, 0x92A, 0x96A, 0x38A, 0x542, 0x922, 0x10E } },
    { 0x523B, { 0x000, 0x102, 0xFEA, 0x20A, 0x44A, 0x88A, 0x50A, 0x22A, 0xC4A, 0x082, 0x342, 0xC2E } },
    { 0x524A, { 0x000, 0x922, 0x54A, 0x10A, 0xFEA, 0x82A, 0xFEA, 0x82A, 0xFEA, 0x822, 0x822, 0x86E } },
    { 0x524D, { 0x000, 0x208, 0x110, 0xFFE, 0x000, 0x7D4, 0x454, 0x7D4, 0x454, 0x7D4, 0x444, 0x4CC } },
    { 0x525B, { 0x000, 0xFE2, 0x82A, 0xC6A, 0xAAA, 0xFEA, 0x92A, 0xD6A, 0xD6A, 0xFE2, 0x822, 0x86E } },
    { 0x5263, { 0x000, 0x102, 0x28A, 0x44A, 0xBAA, 0x10A, 0xFEA, 0x92A, 0xFEA, 0x102, 0x282, 0xC6E } },
    { 0x5265, { 0x000, 0x7C2, 0x04A, 0x7CA, 0x04A, 0xFEA, 0x10A, 0x92A, 0x54A, 0x382, 0x542, 0xB2E } },
    { 0x5272, { 0x000, 0x102, 0xFEA, 0x92A, 0x7CA, 0x10A, 0x7CA, 0x10A, 0xFEA, 0x442, 0x442, 0x7CE } },
    { 0x529B, { 0x000, 0x040, 0x040, 0x7FE, 0x042, 0x042, 0x042, 0x082, 0x082, 0x102, 0x202, 0xC1C } },
    { 0x52A0, { 0x000, 0x200, 0x21E, 0xFD2, 0x252, 0x252, 0x252, 0x252, 0x252, 0x452, 0x452, 0x99E } },
    { 0x52AA, { 0x000, 0x200, 0xFBE, 0x2A2, 0x494, 0x308, 0xCB6, 0x040, 0xFFE, 0x082, 0x302, 0xC1C } },
    { 0x52B9, { 0x000, 0x110, 0xFD0, 0x03E, 0x492, 0x852, 0x492, 0x492, 0x292, 0x122, 0x2A2, 0xC4C } },
    { 0x52C5, { 0x000, 0x110, 0xFD0, 0x13E, 0xFD2, 0x952, 0x952, 0xFD2, 0x392, 0x562, 0x922, 0x14C } },
    { 0x52C7, { 0x000, 0x7F8, 0x090, 0x7FC, 0x444, 0x7FC, 0x444, 0x444, 0xFFE, 0x082, 0x302, 0xC1C } },
    { 0x52D5, { 0x000, 0x7C8, 0x108, 0xFFE, 0x54A, 0x7CA, 0x54A, 0x7CA, 0x10A, 0x7D2, 0x112, 0xFE6 } },
    { 0x52E2, { 0x000, 0x210, 0xFFC, 0x214, 0xFD4, 0x4A4, 0xF52, 0x242, 0xFFC, 0x084, 0x104, 0x618 } },
    { 0x5302, { 0x000, 0x200, 0x3FE, 0x402, 0xA02, 0x212, 0x262, 0x382, 0x202, 0x212, 0x1F2, 0x00C } },
    { 0x5305, { 0x000, 0x200, 0x3FC, 0x404, 0xBE4, 0x024, 0x024, 0x3E4, 0x21C, 0x200, 0x202, 0x1FE } },
    { 0x5316, { 0x000, 0x240, 0x240, 0x444, 0x448, 0xC50, 0x460, 0x440, 0x440, 0x442, 0x442, 0x43E } },
    { 0x5320, { 0x000, 0xFFE, 0x800, 0x818, 0x9E0, 0x900, 0x900, 0x9FC, 0x910, 0x910, 0xA10, 0xFFE } },
    { 0x5339, { 0x000, 0xFFE, 0x890, 0x890, 0x890, 0x890, 0x912, 0x912, 0xA1E, 0x800, 0x800, 0xFFE } },
    { 0x5341, { 0x000, 0x040, 0x040, 0x040, 0x040, 0xFFE, 0x040, 0x040, 0x040, 0x040, 0x040, 0x040 } },
    { 0x5343, { 0x000, 0x03C, 0x7C0, 0x040, 0x040, 0x040, 0xFFE, 0x040, 0x040, 0x040, 0x040, 0x040 } },
    { 0x534A, { 0x000, 0x040, 0x444, 0x248, 0x040, 0x7FC, 0x040, 0x040, 0xFFE, 0x040, 0x040, 0x040 } },
    { 0x535A, { 0x000, 0x414, 0x4FE, 0x410, 0xEFE, 0x492, 0x4FE, 0x492, 0x404, 0x4FE, 0x444, 0x42C } },
    { 0x5370, { 0x000, 0x180, 0x63E, 0x422, 0x422, 0x7A2, 0x422, 0x422, 0x422, 0xFAE, 0x020, 0x020 } },
    { 0x5371, { 0x000, 0x100, 0x1F0, 0x210, 0x7FE, 0xA00, 0x2F8, 0x288, 0x298, 0x480, 0x482, 0x87E } },
    { 0x5374, { 0x000, 0x100, 0x11E, 0x7D2, 0x112, 0x112, 0xFD2, 0x212, 0x492, 0x496, 0x950, 0xE50 } },
    { 0x5384, { 0x000, 0x7FE, 0x400, 0x400, 0x4FC, 0x484, 0x484, 0x49C, 0x480, 0x482, 0x482, 0x87E } },
    { 0x539A, { 0x000, 0x7FE, 0x504, 0x5FC, 0x504, 0x5FC, 0x400, 0x5FC, 0x408, 0x7FE, 0x410, 0x870 } },
    { 0x539F, { 0x000, 0x7FE, 0x420, 0x5FC, 0x504, 0x5FC, 0x504, 0x5FC, 0x420, 0x524, 0x522, 0xA62 } },
    { 0x53BB, { 0x000, 0x040, 0x040, 0x7FC, 0x040, 0x040, 0xFFE, 0x080, 0x108, 0x108, 0x234, 0x7C4 } },
    { 0x53CE, { 0x000, 0x0BE, 0x4A2, 0x4A2, 0x4A2, 0x4A2, 0x4A2, 0x494, 0x594, 0xE88, 0x094, 0x0A2 } },
    { 0x53D6, { 0x000, 0xFC0, 0x4BE, 0x7A2, 0x4A2, 0x4A2, 0x7A2, 0x494, 0x494, 0x588, 0xE94, 0x0A2 } },
    { 0x53D7, { 0x000, 0x01C, 0x7E0, 0x244, 0x128, 0xFFE, 0x802, 0xBFA, 0x208, 0x110, 0x0E0, 0xF1E } },
    { 0x53E4, { 0x000, 0x040, 0x040, 0xFFE, 0x040, 0x040, 0x040, 0x7FC, 0x404, 0x404, 0x404, 0x7FC } },
    { 0x53E9, { 0x000, 0xF3E, 0x922, 0x922, 0x922, 0x922, 0x922, 0x922, 0x922, 0xF2E, 0x020, 0x020 } },
    { 0x53EB, { 0x000, 0x004, 0xF24, 0x924, 0x924, 0x924, 0x924, 0x924, 0x92E, 0xF74, 0x004, 0x004 } },
    { 0x53EC, { 0x000, 0xFFE, 0x042, 0x082, 0x302, 0xC1C, 0x000, 0x7FC, 0x404, 0x404, 0x404, 0x7FC } },
    { 0x53EF, { 0x000, 0xFFE, 0x004, 0x004, 0x3E4, 0x224, 0x224, 0x224, 0x3E4, 0x004, 0x004, 0x01C } },
    { 0x53F3, { 0x000, 0x080, 0x080, 0xFFE, 0x100, 0x100, 0x200, 0x3FC, 0x604, 0xA04, 0x204, 0x3FC } },
    { 0x5408, { 0x000, 0x040, 0x0A0, 0x318, 0xC06, 0x3F8, 0x000, 0x7FC, 0x404, 0x404, 0x404, 0x7FC } },
    { 0x5409, { 0x000, 0x040, 0x040, 0xFFE, 0x040, 0x040, 0x7FC, 0x000, 0x7FC, 0x404, 0x404, 0x7FC } },
    { 0x540C, { 0x000, 0xFFE, 0x802, 0xBFA, 0x802, 0x9F2, 0x912, 0x912, 0x912, 0x9F2, 0x802, 0x80E } },
    { 0x540D, { 0x000, 0x080, 0x0FC, 0x104, 0x688, 0x050, 0x020, 0x1FE, 0xF02, 0x102, 0x102, 0x1FE } },
    { 0x5411, { 0x000, 0x080, 0x100, 0xFFE, 0x802, 0x9F2, 0x912, 0x912, 0x912, 0x9F2, 0x802, 0x80E } },
    { 0x541B, { 0x000, 0x7FC, 0x044, 0xFFE, 0x084, 0x7FC, 0x100, 0x200, 0x7FC, 0xA04, 0x204, 0x3FC } },
    { 0x5438, { 0x000, 0x0FC, 0xE44, 0xA44, 0xA48, 0xA4E, 0xA42, 0xA62, 0xA54, 0xE88, 0x094, 0x162 } },
    { 0x543C, { 0x000, 0x1E8, 0xE28, 0xA48, 0xA48, 0xA48, 0xA68, 0xBC8, 0xA48, 0xE4A, 0x04A, 0x1CE } },
    { 0x5448, { 0x000, 0x7FC, 0x404, 0x404, 0x7FC, 0x000, 0xFFE, 0x040, 0x7FC, 0x040, 0x040, 0xFFE } },
    { 0x544A, { 0x000, 0x440, 0x7FC, 0x840, 0x040, 0xFFE, 0x000, 0x7FC, 0x404, 0x404, 0x404, 0x7FC } },
    { 0x5468, { 0x000, 0x3FE, 0x222, 0x2FA, 0x222, 0x2FA, 0x202, 0x2FA, 0x28A, 0x4FA, 0x402, 0x80E } },
    { 0x546A, { 0x000, 0x0FC, 0xE84, 0xA84, 0xA84, 0xA84, 0xAFC, 0xA48, 0xA48, 0xE4A, 0x08A, 0x10E } },
    { 0x5473, { 0x000, 0x010, 0xE10, 0xAFC, 0xA10, 0xA10, 0xBFE, 0xA10, 0xA38, 0xE54, 0x192, 0x010 } },
    { 0x547C, { 0x000, 0x00E, 0xEF0, 0xA10, 0xA92, 0xA54, 0xA10, 0xAFE, 0xA10, 0xE10, 0x010, 0x070 } },
    { 0x547D, { 0x000, 0x040, 0x0A0, 0x318, 0xDF6, 0x000, 0x7BC, 0x4A4, 0x4A4, 0x4A4, 0x7AC, 0x020 } },
    { 0x5486, { 0x000, 0x080, 0xEFC, 0xB04, 0xAF4, 0xA94, 0xA94, 0xAF4, 0xA8C, 0xE80, 0x082, 0x07E } },
    { 0x548C, { 0x000, 0x0C0, 0x71E, 0x112, 0x112, 0xFD2, 0x112, 0x312, 0x592, 0x952, 0x11E, 0x100 } },
    { 0x54C1, { 0x000, 0x3F8, 0x208, 0x208, 0x208, 0x3F8, 0x000, 0xFBE, 0x8A2, 0x8A2, 0x8A2, 0xFBE } },
    { 0x54E1, { 0x000, 0x3F8, 0x208, 0x3F8, 0x000, 0x7FC, 0x404, 0x7FC, 0x404, 0x7FC, 0x208, 0xC06 } },
    { 0x54EE, { 0x000, 0x022, 0xEF4, 0xA28, 0xBFE, 0xA20, 0xA78, 0xB88, 0xA10, 0xEFE, 0x010, 0x030 } },
    { 0x552F, { 0x000, 0x044, 0xE48, 0xAFE, 0xB88, 0xAFE, 0xA88, 0xA88, 0xAFE, 0xE88, 0x088, 0x0FE } },
    { 0x5538, { 0x000, 0x010, 0xE28, 0xA44, 0xBBA, 0xA00, 0xA7C, 0xA04, 0xA08, 0xE50, 0x144, 0x23A } },
    { 0x5546, { 0x000, 0x040, 0xFFE, 0x208, 0x110, 0xFFE, 0x912, 0xA1E, 0xDF2, 0x912, 0x9F2, 0x806 } },
    { 0x554F, { 0x000, 0xFBE, 0x8A2, 0xFBE, 0x8A2, 0xFBE, 0x802, 0x9F2, 0x912, 0x912, 0x9F2, 0x806 } },
    { 0x5553, { 0x000, 0xF90, 0x01E, 0x7A4, 0x4D4, 0x788, 0x436, 0x800, 0x7FC, 0x404, 0x404, 0x7FC } },
    { 0x559A, { 0x000, 0x07C, 0xE88, 0xBFE, 0xAAA, 0xAAA, 0xACE, 0xA92, 0xBFE, 0xA28, 0xE44, 0x182 } },
    { 0x55A7, { 0x000, 0x010, 0xEFE, 0xA82, 0xA7C, 0xA00, 0xA7C, 0xA44, 0xA74, 0xE5C, 0x000, 0x0FE } },
    { 0x55B0, { 0x000, 0x030, 0xE48, 0xB96, 0xAFC, 0xA84, 0xAFC, 0xA84, 0xAFC, 0xE8A, 0x0A4, 0x1C2 } },
    { 0x5606, { 0x000, 0x028, 0xEFE, 0xA28, 0xAFE, 0xA92, 0xAFE, 0xA10, 0xAFE, 0xE28, 0x044, 0x082 } },
    { 0x5629, { 0x000, 0x028, 0xEFE, 0xA28, 0xAFE, 0xA54, 0xAFE, 0xA54, 0xAFE, 0xE10, 0x0FE, 0x010 } },
    { 0x565B, { 0x000, 0x010, 0xE9E, 0xA90, 0xBFE, 0xA00, 0xAD6, 0xA92, 0xAFE, 0xEBA, 0x0D6, 0x0FE } },
    { 0x5668, { 0x000, 0x7BC, 0x4A4, 0x4A4, 0x7BC, 0x040, 0xFFE, 0x208, 0xFBE, 0x4A4, 0x4A4, 0x7BC } },
    { 0x5674, { 0x000, 0x010, 0xEFE, 0xA54, 0xAFE, 0xA44, 0xAFE, 0xA82, 0xAFE, 0xE82, 0x0FE, 0x182 } },
    { 0x56C1, { 0x000, 0x0FE, 0xE44, 0xA7C, 0xA44, 0xBFE, 0xAAA, 0xAEE, 0xAAA, 0xEEE, 0x1BA, 0x022 } },
    { 0x56DB, { 0x000, 0xFFE, 0x912, 0x912, 0x912, 0x912, 0x912, 0xA1E, 0xC02, 0x802, 0x802, 0xFFE } },
    { 0x56DE, { 0x000, 0xFFE, 0x802, 0x802, 0x9F2, 0x912, 0x912, 0x912, 0x9F2, 0x802, 0x802, 0xFFE } },
    { 0x56E3, { 0x000, 0xFFE, 0x802, 0x812, 0xBFA, 0x812, 0x912, 0x892, 0x812, 0x872, 0x802, 0xFFE } },
    { 0x56F2, { 0x000, 0xFFE, 0x802, 0x912, 0xBFA, 0x912, 0x912, 0xBFA, 0x912, 0xA12, 0x802, 0xFFE } },
    { 0x56F3, { 0x000, 0xFFE, 0x802, 0xA8A, 0x94A, 0x80A, 0xA12, 0x992, 0x862, 0xB9A, 0x802, 0xFFE } },
    { 0x5712, { 0x000, 0xFFE, 0x842, 0x9F2, 0x842, 0xBFA, 0x912, 0x9F2, 0x8EA, 0x952, 0xA4A, 0xFFE } },
    { 0x571F, { 0x000, 0x040, 0x040, 0x040, 0x040, 0x7FC, 0x040, 0x040, 0x040, 0x040, 0x040, 0xFFE } },
    { 0x5727, { 0x000, 0x7FE, 0x400, 0x420, 0x420, 0x420, 0x5FC, 0x420, 0x420, 0x420, 0x420, 0xBFE } },
    { 0x5728, { 0x000, 0x080, 0x080, 0xFFE, 0x100, 0x110, 0x210, 0x6FE, 0xA10, 0x210, 0x210, 0x2FE } },
    { 0x5730, { 0x000, 0x410, 0x490, 0x496, 0xEBA, 0x5D2, 0x492, 0x496, 0x690, 0xC82, 0x082, 0x07E } },
    { 0x5747, { 0x000, 0x440, 0x47E, 0x482, 0xF02, 0x47A, 0x402, 0x402, 0x61A, 0xCE2, 0x002, 0x00C } },
    { 0x5751, { 0x000, 0x410, 0x410, 0x5FE, 0xE00, 0x478, 0x448, 0x448, 0x648, 0xC4A, 0x08A, 0x10E } },
    { 0x578B, { 0x000, 0xFE2, 0x24A, 0x24A, 0xFEA, 0x24A, 0x442, 0x806, 0x040, 0x7FC, 0x040, 0xFFE } },
    { 0x57CB, { 0x000, 0x4FE, 0x492, 0x492, 0xEFE, 0x492, 0x492, 0x4FE, 0x610, 0xCFE, 0x010, 0x1FE } },
    { 0x57CE, { 0x000, 0x40A, 0x40A, 0x4FE, 0xE88, 0x4EA, 0x4AA, 0x4AA, 0x6A4, 0xCE4, 0x08A, 0x132 } },
    { 0x57DF, { 0x000, 0x40A, 0x40A, 0x5FE, 0xE08, 0x4EA, 0x4AA, 0x4AA, 0x6E4, 0xC04, 0x06A, 0x192 } },
    { 0x57FA, { 0x000, 0x208, 0xFFE, 0x208, 0x3F8, 0x208, 0xFFE, 0x208, 0x444, 0xBFA, 0x040, 0x7FC } },
    { 0x5802, { 0x000, 0x444, 0x248, 0xFFE, 0x802, 0xBFA, 0x208, 0x3F8, 0x040, 0x7FC, 0x040, 0xFFE } },
    { 0x5805, { 0x000, 0xFBE, 0xA02, 0xF92, 0x894, 0xF88, 0xA18, 0xFE6, 0x040, 0x3F8, 0x040, 0xFFE } },
    { 0x5831, { 0x000, 0x23E, 0xFA2, 0x222, 0xFAE, 0x520, 0x53E, 0xFF2, 0x22A, 0xFA4, 0x22A, 0x232 } },
    { 0x5834, { 0x000, 0x4FC, 0x484, 0x4FC, 0xE84, 0x5FE, 0x480, 0x4FE, 0x52A, 0xE4A, 0x092, 0x126 } },
    { 0x5857, { 0x000, 0x47C, 0x282, 0x87C, 0x410, 0x1FE, 0x450, 0x894, 0x042, 0x3F8, 0x040, 0xFFE } },
    { 0x5875, { 0x000, 0x020, 0x7FE, 0x492, 0x7FE, 0x510, 0x5DC, 0x512, 0x7AE, 0x870, 0x820, 0x3FE } },
    { 0x5893, { 0x000, 0x110, 0xFFE, 0x110, 0x7FC, 0x404, 0xFFE, 0x110, 0x248, 0xDF6, 0x040, 0x7FC } },
    { 0x5897, { 0x000, 0x444, 0x428, 0x4FE, 0xE92, 0x4FE, 0x492, 0x4FE, 0x644, 0xC7C, 0x044, 0x07C } },
    { 0x58C1, { 0x000, 0x788, 0x4BE, 0x794, 0x47E, 0x788, 0xABE, 0x388, 0x040, 0x7FC, 0x040, 0xFFE } },
    { 0x58CA, { 0x000, 0x410, 0x4FE, 0x410, 0xEFE, 0x4AA, 0x4FE, 0x410, 0x6FE, 0xC2A, 0x0D4, 0x062 } },
    { 0x58EB, { 0x000, 0x040, 0x040, 0x040, 0x040, 0xFFE, 0x040, 0x040, 0x040, 0x040, 0x040, 0x7FC } },
    { 0x58F0, { 0x000, 0x040, 0xFFE, 0x040, 0x7FC, 0x000, 0x7FC, 0x444, 0x7FC, 0x400, 0x400, 0x800 } },
    { 0x5909, { 0x000, 0x040, 0xFFE, 0x090, 0x494, 0x892, 0x100, 0x1F8, 0x608, 0x090, 0x0E0, 0xF1E } },
    { 0x5916, { 0x000, 0x210, 0x210, 0x390, 0x4D0, 0x4B0, 0xA90, 0x118, 0x116, 0x210, 0x410, 0x810 } },
    { 0x591C, { 0x000, 0x040, 0xFFE, 0x220, 0x23C, 0x444, 0x494, 0xD48, 0x428, 0x410, 0x468, 0x586 } },
    { 0x5927, { 0x000, 0x040, 0x040, 0x040, 0xFFE, 0x040, 0x0A0, 0x0A0, 0x110, 0x110, 0x208, 0xC06 } },
    { 0x5929, { 0x000, 0xFFE, 0x040, 0x040, 0x040, 0x7FC, 0x040, 0x0A0, 0x0A0, 0x110, 0x208, 0xC06 } },
    { 0x592B, { 0x000, 0x040, 0x040, 0x7FC, 0x040, 0x040, 0xFFE, 0x040, 0x0A0, 0x110, 0x208, 0xC06 } },
    { 0x5931, { 0x000, 0x240, 0x240, 0x3FC, 0x440, 0x840, 0x040, 0xFFE, 0x0A0, 0x110, 0x208, 0xC06 } },
    { 0x5948, { 0x000, 0x040, 0xFFE, 0x110, 0x208, 0xDF6, 0x000, 0x7FC, 0x040, 0x248, 0xC46, 0x0C0 } },
    { 0x5949, { 0x000, 0x040, 0x7FC, 0x080, 0x7FC, 0x110, 0xFFE, 0x248, 0x5F4, 0x842, 0x7FC, 0x040 } },
    { 0x5954, { 0x000, 0x080, 0xFFE, 0x110, 0x208, 0xC46, 0x3F8, 0x040, 0x208, 0xFFE, 0x208, 0xC08 } },
    { 0x596A, { 0x000, 0x080, 0xFFE, 0x208, 0xD26, 0x3FC, 0x620, 0xBFC, 0x220, 0xFFE, 0x208, 0x138 } },
    { 0x5973, { 0x000, 0x080, 0x080, 0x080, 0xFFE, 0x108, 0x108, 0x210, 0x190, 0x060, 0x198, 0xE06 } },
    { 0x5974, { 0x000, 0x200, 0x23E, 0xFA2, 0x4A2, 0x4A2, 0x8A2, 0x914, 0x514, 0x208, 0x514, 0x8A2 } },
    { 0x59A8, { 0x000, 0x210, 0x210, 0xFFE, 0x520, 0x520, 0x53E, 0x922, 0x522, 0x242, 0x542, 0x88C } },
    { 0x59BB, { 0x000, 0x040, 0xFFE, 0x044, 0xFFE, 0x044, 0x7FC, 0x080, 0xFFE, 0x108, 0x1F0, 0xE0E } },
    { 0x59CB, { 0x000, 0x210, 0x210, 0xF24, 0x544, 0x5FA, 0x500, 0x97E, 0x542, 0x242, 0x542, 0x87E } },
    { 0x59FF, { 0x000, 0x040, 0xE7E, 0x092, 0x228, 0xC46, 0x080, 0xFFE, 0x108, 0x310, 0x1F0, 0xE0E } },
    { 0x5A01, { 0x000, 0x014, 0x012, 0x7FE, 0x410, 0x7F2, 0x492, 0x7D4, 0x548, 0x54A, 0x496, 0xB62 } },
    { 0x5A5A, { 0x000, 0x27E, 0x248, 0xF7E, 0x544, 0x5F2, 0x500, 0x97E, 0x542, 0x27E, 0x542, 0x87E } },
    { 0x5B50, { 0x000, 0x7F8, 0x008, 0x010, 0x020, 0x040, 0xFFE, 0x040, 0x040, 0x040, 0x040, 0x1C0 } },
    { 0x5B57, { 0x000, 0x040, 0xFFE, 0x802, 0xBFA, 0x010, 0x020, 0x040, 0xFFE, 0x040, 0x040, 0x1C0 } },
    { 0x5B58, { 0x000, 0x080, 0xFFE, 0x100, 0x27C, 0x208, 0x610, 0xA10, 0x2FE, 0x210, 0x210, 0x230 } },
    { 0x5B88, { 0x000, 0x040, 0xFFE, 0x802, 0x812, 0x010, 0xFFE, 0x010, 0x210, 0x110, 0x010, 0x070 } },
    { 0x5B8C, { 0x000, 0x040, 0xFFE, 0x802, 0xBFA, 0x000, 0x000, 0xFFE, 0x110, 0x110, 0x212, 0xC1E } },
    { 0x5B98, { 0x000, 0x040, 0xFFE, 0x802, 0xBFA, 0x208, 0x3F8, 0x200, 0x3FC, 0x204, 0x204, 0x3FC } },
    { 0x5B9A, { 0x000, 0x040, 0xFFE, 0x802, 0x000, 0x7FC, 0x040, 0x240, 0x27C, 0x240, 0x5C0, 0x83E } },
    { 0x5B9D, { 0x000, 0x040, 0xFFE, 0x802, 0x802, 0x7FC, 0x040, 0x040, 0x7FC, 0x048, 0x044, 0xFFE } },
    { 0x5B9F, { 0x000, 0x040, 0xFFE, 0x842, 0x7FC, 0x040, 0x7FC, 0x040, 0xFFE, 0x0A0, 0x318, 0xC06 } },
    { 0x5BAE, { 0x000, 0x040, 0xFFE, 0x802, 0xBFA, 0x208, 0x3F8, 0x040, 0x7FC, 0x404, 0x404, 0x7FC } },
    { 0x5BB3, { 0x000, 0x040, 0xFFE, 0x842, 0xBFA, 0x040, 0x7FC, 0x040, 0xFFE, 0x404, 0x404, 0x7FC } },
    { 0x5BB4, { 0x000, 0x040, 0xFFE, 0xA0A, 0xBFA, 0x208, 0x3F8, 0x080, 0xFFE, 0x108, 0x1F0, 0xE0E } },
    { 0x5BB6, { 0x000, 0x040, 0xFFE, 0x802, 0xBFA, 0x0C0, 0x324, 0xCE8, 0x330, 0xCE8, 0x326, 0xCC0 } },
    { 0x5BBF, { 0x000, 0x040, 0xFFE, 0x802, 0x2FC, 0x210, 0x420, 0xCFC, 0x484, 0x4FC, 0x484, 0x4FC } },
    { 0x5BC4, { 0x000, 0x040, 0xFFE, 0x842, 0x7FC, 0x110, 0xFFE, 0x004, 0x3F4, 0x214, 0x3F4, 0x00C } },
    { 0x5BC6, { 0x000, 0x040, 0xFFE, 0x892, 0x524, 0x9C2, 0x308, 0xDF8, 0x000, 0x444, 0x444, 0x7FC } },
    { 0x5BFE, { 0x000, 0x204, 0x204, 0xFBE, 0x104, 0x904, 0x524, 0x214, 0x214, 0x504, 0x484, 0x81C } },
    { 0x5C01, { 0x000, 0x204, 0xF84, 0x27E, 0x204, 0xF84, 0x024, 0x214, 0xF94, 0x204, 0x384, 0xC1C } },
    { 0x5C04, { 0x000, 0x204, 0x784, 0x4BE, 0x784, 0x484, 0x7A4, 0x494, 0xF94, 0x284, 0x484, 0x99C } },
    { 0x5C0E, { 0x000, 0x888, 0x5FE, 0x020, 0x1FC, 0xD04, 0x5FC, 0x504, 0xFFE, 0x208, 0x108, 0x038 } },
    { 0x5C0F, { 0x000, 0x040, 0x040, 0x040, 0x248, 0x244, 0x444, 0x442, 0x842, 0x040, 0x040, 0x1C0 } },
    { 0x5C11, { 0x000, 0x040, 0x040, 0x248, 0x244, 0x442, 0x842, 0x1C8, 0x010, 0x060, 0x180, 0xE00 } },
    { 0x5C3D, { 0x000, 0x3FC, 0x204, 0x204, 0x3FC, 0x208, 0x208, 0x4C4, 0x832, 0x000, 0x180, 0x070 } },
    { 0x5C48, { 0x000, 0x7FE, 0x402, 0x7FE, 0x410, 0x512, 0x512, 0x5FE, 0x410, 0x512, 0x512, 0x9FE } },
    { 0x5C4A, { 0x000, 0x7FE, 0x402, 0x402, 0x7FE, 0x410, 0x5FE, 0x512, 0x5FE, 0x512, 0x512, 0x9FE } },
    { 0x5C4B, { 0x000, 0x7FE, 0x402, 0x7FE, 0x400, 0x7FE, 0x488, 0x5F4, 0x420, 0x5FC, 0x420, 0xBFE } },
    { 0x5C4D, { 0x000, 0x7FE, 0x402, 0x7FE, 0x400, 0x7FE, 0x510, 0x5D2, 0x65C, 0x550, 0x492, 0xB0E } },
    { 0x5C5E, { 0x000, 0x7FE, 0x402, 0x7FE, 0x420, 0x5FC, 0x524, 0x5FC, 0x420, 0x7FE, 0xA2A, 0xAF6 } },
    { 0x5C60, { 0x000, 0x7FE, 0x402, 0x7FE, 0x442, 0x5F4, 0x448, 0x7FE, 0x484, 0x5FC, 0x684, 0x8FC } },
    { 0x5C64, { 0x000, 0x7FE, 0x402, 0x7FE, 0x512, 0x55A, 0x512, 0x5FE, 0x484, 0x8FC, 0x884, 0x0FC } },
    { 0x5C71, { 0x000, 0x040, 0x040, 0x040, 0x842, 0x842, 0x842, 0x842, 0x842, 0x842, 0x842, 0xFFE } },
    { 0x5CA9, { 0x000, 0x444, 0x444, 0x7FC, 0x000, 0xFFE, 0x080, 0x100, 0x3FC, 0x604, 0xA04, 0x3FC } },
    { 0x5CB8, { 0x000, 0x444, 0x7FC, 0x000, 0x7FE, 0x400, 0x5FC, 0x420, 0x420, 0x7FE, 0x420, 0x820 } },
    { 0x5CF0, { 0x000, 0x210, 0x21E, 0xAA2, 0xA9C, 0xAEA, 0xABC, 0xA88, 0xABE, 0xF88, 0x07E, 0x008 } },
    { 0x5D29, { 0x000, 0x040, 0x442, 0x7FE, 0x000, 0x79E, 0x492, 0x79E, 0x492, 0x79E, 0x492, 0x9A6 } },
    { 0x5D50, { 0x000, 0x842, 0xFFE, 0x434, 0x5C4, 0x444, 0x5F4, 0x554, 0x554, 0x5F4, 0x44A, 0xBFA } },
    { 0x5DE1, { 0x000, 0x892, 0x492, 0x092, 0x124, 0xD24, 0x524, 0x492, 0x492, 0x492, 0xA00, 0x9FE } },
    { 0x5DE3, { 0x000, 0x484, 0x248, 0x7FC, 0x444, 0x7FC, 0x444, 0x7FC, 0x040, 0xFFE, 0x248, 0xC46 } },
    { 0x5DE5, { 0x000, 0x7FC, 0x040, 0x040, 0x040, 0x040, 0x040, 0x040, 0x040, 0x040, 0x040, 0xFFE } },
    { 0x5DE6, { 0x000, 0x080, 0x080, 0xFFE, 0x080, 0x100, 0x100, 0x2FE, 0x210, 0x410, 0x810, 0x1FE } },
    { 0x5DE7, { 0x000, 0x0FE, 0xF20, 0x220, 0x240, 0x27E, 0x202, 0x202, 0x302, 0xC02, 0x002, 0x00C } },
    { 0x5DE8, { 0x000, 0xFFE, 0x800, 0x800, 0xFFC, 0x804, 0x804, 0x804, 0xFFC, 0x800, 0x800, 0xFFE } },
    { 0x5DEE, { 0x000, 0x110, 0xFFE, 0x040, 0x7FC, 0x040, 0xFFE, 0x200, 0x3FC, 0x420, 0x820, 0x3FE } },
    { 0x5DF1, { 0x000, 0x7FC, 0x004, 0x004, 0x004, 0x004, 0x7FC, 0x400, 0x400, 0x402, 0x402, 0x3FE } },
    { 0x5DFB, { 0x000, 0x248, 0x150, 0x7FC, 0x0A0, 0xFFE, 0x110, 0x3F8, 0xC16, 0x1F0, 0x104, 0x0FC } },
    { 0x5E02, { 0x000, 0x040, 0x040, 0xFFE, 0x040, 0x7FC, 0x444, 0x444, 0x444, 0x44C, 0x040, 0x040 } },
    { 0x5E1D, { 0x000, 0x040, 0xFFE, 0x208, 0x110, 0xFFE, 0x842, 0x7FC, 0x444, 0x444, 0x44C, 0x040 } },
    { 0x5E2B, { 0x000, 0x27E, 0x410, 0xF10, 0x97E, 0x952, 0xF52, 0x852, 0xF52, 0x956, 0x910, 0xF10 } },
    { 0x5E2F, { 0x000, 0x248, 0xFFE, 0x248, 0x3F8, 0x000, 0xFFE, 0x842, 0x7FC, 0x444, 0x44C, 0x040 } },
    { 0x5E30, { 0x000, 0x27C, 0xA04, 0xA7C, 0xA04, 0xAFE, 0xA92, 0xA7C, 0x254, 0x454, 0x45C, 0x810 } },
    { 0x5E33, { 0x000, 0x23C, 0x220, 0xFBC, 0xAA0, 0xABC, 0xAA0, 0xAFE, 0xAA8, 0xBAA, 0x224, 0x272 } },
    { 0x5E37, { 0x000, 0x212, 0x214, 0xFBE, 0xAE4, 0xABE, 0xAA4, 0xAA4, 0xABE, 0xBA4, 0x224, 0x23E } },
    { 0x5E38, { 0x000, 0x248, 0xFFE, 0x802, 0xBFA, 0x208, 0x3F8, 0x040, 0x7FC, 0x444, 0x44C, 0x040 } },
    { 0x5E55, { 0x000, 0x110, 0xFFE, 0x110, 0x7FC, 0x404, 0xFFE, 0x248, 0x7FC, 0xA4A, 0x258, 0x040 } },
    { 0x5E73, { 0x000, 0x7FC, 0x040, 0x444, 0x248, 0x040, 0xFFE, 0x040, 0x040, 0x040, 0x040, 0x040 } },
    { 0x5E74, { 0x000, 0x200, 0x3FE, 0x420, 0x820, 0x3FC, 0x220, 0x220, 0xFFE, 0x020, 0x020, 0x020 } },
    { 0x5E78, { 0x000, 0x040, 0x7FC, 0x040, 0xFFE, 0x208, 0x110, 0xFFE, 0x040, 0x7FC, 0x040, 0x040 } },
    { 0x5E83, { 0x000, 0x020, 0x7FE, 0x400, 0x420, 0x420, 0x420, 0x440, 0x444, 0x484, 0x49A, 0x9E2 } },
    { 0x5E87, { 0x000, 0x020, 0x7FE, 0x400, 0x510, 0x512, 0x5D4, 0x518, 0x510, 0x510, 0x552, 0xB8E } },
    { 0x5E8A, { 0x000, 0x020, 0x7FE, 0x400, 0x420, 0x420, 0x7FE, 0x420, 0x470, 0x4A8, 0x524, 0xA22 } },
    { 0x5E95, { 0x000, 0x020, 0x7FE, 0x404, 0x5F8, 0x510, 0x510, 0x5FE, 0x510, 0x7C8, 0x40A, 0xBE6 } },
    { 0x5EA6, { 0x000, 0x020, 0x7FE, 0x488, 0x7FE, 0x488, 0x4F8, 0x400, 0x5FC, 0x488, 0x470, 0xB8E } },
    { 0x5EA7, { 0x000, 0x020, 0x7FE, 0x400, 0x420, 0x524, 0x524, 0x6AA, 0x420, 0x5FC, 0x420, 0xBFE } },
    { 0x5EAB, { 0x000, 0x020, 0x7FE, 0x420, 0x7FE, 0x524, 0x5FC, 0x524, 0x5FC, 0x420, 0x7FE, 0x820 } },
    { 0x5EB7, { 0x000, 0x020, 0x7FE, 0x420, 0x5FC, 0x424, 0x7FE, 0x424, 0x5FC, 0x524, 0x4A8, 0xB66 } },
    { 0x5EC3, { 0x000, 0x020, 0x7FE, 0x400, 0x7D4, 0x54A, 0x484, 0x5FE, 0x648, 0x5FE, 0x448, 0x98E } },
    { 0x5EF6, { 0x000, 0xE0E, 0x2F0, 0x410, 0x810, 0xE5E, 0x250, 0xA50, 0xA50, 0x4FE, 0x600, 0x9FE } },
    { 0x5EF7, { 0x000, 0xE0C, 0x2F0, 0x410, 0x810, 0xEFE, 0x210, 0xA10, 0xA10, 0x4FE, 0x600, 0x9FE } },
    { 0x5EFB, { 0x000, 0xEFE, 0x282, 0x4BA, 0x8AA, 0xEAA, 0x2AA, 0xABA, 0xA82, 0x4FE, 0x600, 0x9FE } },
    { 0x5F13, { 0x000, 0x7FC, 0x004, 0x004, 0x7FC, 0x400, 0x400, 0x7FE, 0x002, 0x002, 0x002, 0x03C } },
    { 0x5F15, { 0x000, 0xFC4, 0x044, 0x044, 0xFC4, 0x804, 0x804, 0xFC4, 0x044, 0x044, 0x044, 0x384 } },
    { 0x5F31, { 0x000, 0xFBE, 0x082, 0x082, 0xFBE, 0x820, 0xFBE, 0x28A, 0x492, 0x9A6, 0x28A, 0x596 } },
    { 0x5F37, { 0x000, 0xE20, 0x244, 0x2FA, 0xE10, 0x8FE, 0x892, 0xE92, 0x2FE, 0x210, 0x214, 0xCFA } },
    { 0x5F3E, { 0x000, 0xEA2, 0x254, 0x2FE, 0xE92, 0x8FE, 0x892, 0xEFE, 0x210, 0x2FE, 0x210, 0xC10 } },
    { 0x5F53, { 0x000, 0x040, 0x444, 0x248, 0x040, 0x7FC, 0x004, 0x004, 0x7FC, 0x004, 0x004, 0x7FC } },
    { 0x5F62, { 0x000, 0xFF2, 0x244, 0x248, 0x240, 0x242, 0xFF4, 0x248, 0x240, 0x442, 0x444, 0x848 } },
    { 0x5F6B, { 0x000, 0x7E2, 0x524, 0x7A8, 0x520, 0x7A2, 0x424, 0x7A8, 0x6A0, 0x7A2, 0x424, 0x868 } },
    { 0x5F71, { 0x000, 0x7C2, 0x444, 0x7C8, 0x440, 0x7C2, 0x104, 0xFE8, 0x440, 0x7C2, 0x544, 0xB28 } },
    { 0x5F7C, { 0x000, 0x210, 0x4FE, 0x892, 0x290, 0x4FE, 0xCC2, 0x4A2, 0x494, 0x488, 0x494, 0x562 } },
    { 0x5F85, { 0x000, 0x210, 0x47C, 0x810, 0x210, 0x4FE, 0xC04, 0x4FE, 0x444, 0x424, 0x404, 0x41C } },
    { 0x5F8C, { 0x000, 0x220, 0x444, 0x888, 0x250, 0x424, 0xCFA, 0x420, 0x47C, 0x4C4, 0x438, 0x4C6 } },
    { 0x5F93, { 0x000, 0x244, 0x424, 0x828, 0x2FE, 0x410, 0xC50, 0x45E, 0x450, 0x450, 0x4B0, 0x50E } },
    { 0x5F97, { 0x000, 0x2FC, 0x484, 0x8FC, 0x284, 0x4FC, 0xC00, 0x5FE, 0x408, 0x5FE, 0x488, 0x458 } },
    { 0x5FA1, { 0x000, 0x280, 0x5EE, 0x84A, 0x24A, 0x5EA, 0xC4A, 0x56A, 0x54A, 0x54E, 0x568, 0x588 } },
    { 0x5FA9, { 0x000, 0x280, 0x4FE, 0x984, 0x2FC, 0x484, 0xCFC, 0x440, 0x4FC, 0x544, 0x438, 0x5C6 } },
    { 0x5FAE, { 0x000, 0x2A8, 0x6A8, 0xBEE, 0x212, 0x5EA, 0xD4A, 0x54A, 0x54A, 0x564, 0x54A, 0x612 } },
    { 0x5FC3, { 0x000, 0x080, 0x040, 0x020, 0x120, 0x100, 0x504, 0x502, 0x502, 0x90A, 0x108, 0x0F8 } },
    { 0x5FC5, { 0x000, 0x080, 0x048, 0x048, 0x108, 0x510, 0x514, 0x522, 0x942, 0x18A, 0x308, 0xCF8 } },
    { 0x5FCD, { 0x000, 0x7FC, 0x044, 0x344, 0x084, 0x144, 0x618, 0x040, 0x524, 0x522, 0x90A, 0x0F8 } },
    { 0x5FD7, { 0x000, 0x040, 0x040, 0xFFE, 0x040, 0x040, 0x7FC, 0x000, 0x544, 0x522, 0x90A, 0x0F8 } },
    { 0x5FD8, { 0x000, 0x040, 0xFFE, 0x200, 0x200, 0x3FC, 0x000, 0x040, 0x524, 0x522, 0x90A, 0x0F8 } },
    { 0x5FF5, { 0x000, 0x040, 0x0A0, 0x318, 0xCE6, 0x000, 0x7FC, 0x008, 0x090, 0x544, 0x50A, 0x8FA } },
    { 0x6012, { 0x000, 0x200, 0xFBE, 0x2A2, 0x494, 0x308, 0xCB6, 0x000, 0x544, 0x522, 0x90A, 0x0F8 } },
    { 0x6016, { 0x000, 0x220, 0x2FE, 0xB20, 0xA50, 0xB90, 0x2FE, 0x292, 0x292, 0x292, 0x296, 0x210 } },
    { 0x601D, { 0x000, 0x7FC, 0x444, 0x7FC, 0x444, 0x444, 0x7FC, 0x000, 0x544, 0x522, 0x90A, 0x0F8 } },
    { 0x6025, { 0x000, 0x1F0, 0x210, 0x7FC, 0x004, 0x7FC, 0x004, 0x7FC, 0x040, 0x524, 0x50A, 0x8FA } },
    { 0x6027, { 0x000, 0x248, 0x248, 0xA7E, 0xB48, 0xA88, 0xA08, 0x27E, 0x208, 0x208, 0x208, 0x2FE } },
    { 0x602A, { 0x000, 0x27C, 0x244, 0xA28, 0xB10, 0xA28, 0xAC6, 0x210, 0x27C, 0x210, 0x210, 0x2FE } },
    { 0x602F, { 0x000, 0x210, 0x210, 0xA7C, 0xB10, 0xA10, 0xAFE, 0x220, 0x244, 0x244, 0x29A, 0x2E2 } },
    { 0x6050, { 0x000, 0xF7C, 0x224, 0x264, 0x234, 0x324, 0xC06, 0x040, 0x120, 0x104, 0x502, 0x8F8 } },
    { 0x606F, { 0x000, 0x080, 0x3F8, 0x208, 0x3F8, 0x208, 0x3F8, 0x208, 0x3F8, 0x544, 0x52A, 0x8FA } },
    { 0x6075, { 0x000, 0x040, 0xFFE, 0x040, 0x7FC, 0x444, 0x7FC, 0x444, 0x7FC, 0x140, 0x52A, 0x8FA } },
    { 0x60AA, { 0x000, 0xFFE, 0x0A0, 0x7FC, 0x4A4, 0x7FC, 0x0A0, 0xFFE, 0x040, 0x524, 0x50A, 0x8FA } },
    { 0x60DC, { 0x000, 0x248, 0x2FC, 0xA48, 0xB48, 0xAFE, 0xA00, 0x2FC, 0x284, 0x2FC, 0x284, 0x2FC } },
    { 0x60E8, { 0x000, 0x220, 0x244, 0xAFA, 0xB10, 0xAFE, 0xA28, 0x244, 0x29A, 0x260, 0x20C, 0x270 } },
    { 0x610F, { 0x000, 0x040, 0x7FC, 0x110, 0xFFE, 0x208, 0x3F8, 0x208, 0x3F8, 0x144, 0x52A, 0x8FA } },
    { 0x611A, { 0x000, 0x3F8, 0x248, 0x3F8, 0x248, 0x7FC, 0x454, 0x5F4, 0x40C, 0x140, 0x524, 0x8FA } },
    { 0x611B, { 0x000, 0x7FC, 0x248, 0xFFE, 0x942, 0x524, 0x8FA, 0x100, 0x3F8, 0xD08, 0x0F0, 0xF0E } },
    { 0x611F, { 0x000, 0x014, 0x7FE, 0x5D0, 0x414, 0x5C8, 0x54A, 0x9D6, 0x040, 0x524, 0x50A, 0x8FA } },
    { 0x614B, { 0x000, 0x426, 0x938, 0xFA2, 0x89E, 0xFA4, 0x8B8, 0xFA2, 0x89E, 0x544, 0x52A, 0x8FA } },
    { 0x6191, { 0x000, 0x4FE, 0x290, 0x0FC, 0x090, 0x4FE, 0x902, 0x252, 0x04C, 0x100, 0x504, 0x8F2 } },
    { 0x61A4, { 0x000, 0x210, 0x2FE, 0xB54, 0xAFE, 0xA44, 0xAFE, 0x282, 0x2FE, 0x282, 0x2FE, 0x382 } },
    { 0x6210, { 0x000, 0x028, 0x024, 0x7FE, 0x420, 0x7A4, 0x4A4, 0x4A8, 0x490, 0x592, 0x42A, 0x8C6 } },
    { 0x6211, { 0x000, 0x194, 0xE12, 0x210, 0xFFE, 0x210, 0x214, 0x394, 0xE08, 0x20A, 0x216, 0x622 } },
    { 0x6212, { 0x000, 0x028, 0x024, 0xFFE, 0x020, 0x524, 0x524, 0xFA8, 0x510, 0x512, 0x52A, 0x946 } },
    { 0x6226, { 0x000, 0xA2A, 0x54A, 0xFE8, 0x92E, 0xFF8, 0x92A, 0xFEA, 0x104, 0xFE4, 0x10A, 0x112 } },
    { 0x622E, { 0x000, 0xEEA, 0x66A, 0xAA8, 0x67E, 0xAA8, 0x38A, 0x44A, 0x9A4, 0x604, 0x0CA, 0xF12 } },
    { 0x623B, { 0x000, 0xFFE, 0x000, 0x7FE, 0x402, 0x7FE, 0x400, 0x420, 0x7FE, 0x420, 0x4D8, 0xB06 } },
    { 0x6240, { 0x000, 0xF86, 0x038, 0x7A0, 0x4A0, 0x4BE, 0x7A4, 0x424, 0x424, 0x424, 0x424, 0x844 } },
    { 0x6247, { 0x000, 0xFFE, 0x000, 0x7FE, 0x402, 0x7FE, 0x400, 0x7DE, 0x54A, 0x4C6, 0x54A, 0xAD6 } },
    { 0x6249, { 0x000, 0xFFE, 0x000, 0x7FE, 0x402, 0x7FE, 0x448, 0x5CE, 0x448, 0x5CE, 0x488, 0x908 } },
    { 0x624B, { 0x000, 0x03C, 0x7C0, 0x040, 0x040, 0x7FC, 0x040, 0x040, 0xFFE, 0x040, 0x040, 0x1C0 } },
    { 0x6253, { 0x000, 0x27E, 0x208, 0xF08, 0x208, 0x208, 0x308, 0xE08, 0x208, 0x208, 0x208, 0xE38 } },
    { 0x6255, { 0x000, 0x420, 0x420, 0xE20, 0x420, 0x420, 0x640, 0xC44, 0x444, 0x482, 0x48E, 0xDF2 } },
    { 0x627F, { 0x000, 0x3F8, 0x010, 0x060, 0xE4A, 0x2EA, 0x24C, 0x2E8, 0x444, 0x5F4, 0x842, 0x1C0 } },
    { 0x6280, { 0x000, 0x410, 0x410, 0xEFE, 0x410, 0x410, 0x6FC, 0xC84, 0x484, 0x448, 0x430, 0xDCE } },
    { 0x6291, { 0x000, 0x420, 0x4DE, 0xE92, 0x492, 0x492, 0x692, 0xC92, 0x4B2, 0x4D6, 0x410, 0xC10 } },
    { 0x6295, { 0x000, 0x478, 0x448, 0xE48, 0x44A, 0x58E, 0x600, 0xCFC, 0x484, 0x448, 0x430, 0xDCE } },
    { 0x6298, { 0x000, 0x40C, 0x4F0, 0xE80, 0x480, 0x4FE, 0x688, 0xC88, 0x488, 0x488, 0x488, 0xD08 } },
    { 0x629C, { 0x000, 0x440, 0x440, 0xEFE, 0x440, 0x440, 0x67C, 0xC44, 0x444, 0x4A8, 0x490, 0xD6E } },
    { 0x629E, { 0x000, 0x4FE, 0x482, 0xE82, 0x482, 0x4FE, 0x690, 0xC90, 0x488, 0x488, 0x484, 0xD02 } },
    { 0x62B1, { 0x000, 0x480, 0x4FC, 0xF04, 0x4F4, 0x414, 0x614, 0xCF4, 0x48C, 0x480, 0x482, 0xC7E } },
    { 0x62BC, { 0x000, 0x4FE, 0x492, 0xE92, 0x4FE, 0x492, 0x692, 0xCFE, 0x410, 0x410, 0x410, 0xC10 } },
    { 0x62BD, { 0x000, 0x410, 0x410, 0xEFE, 0x492, 0x492, 0x692, 0xCFE, 0x492, 0x492, 0x492, 0xCFE } },
    { 0x62D2, { 0x000, 0x4FE, 0x480, 0xE80, 0x4FC, 0x484, 0x684, 0xC84, 0x4FC, 0x480, 0x480, 0xCFE } },
    { 0x62DD, { 0x000, 0x4FE, 0x410, 0xEFE, 0x410, 0x410, 0x6FE, 0xC10, 0x410, 0x4FE, 0x410, 0xC10 } },
    { 0x62E1, { 0x000, 0x410, 0x4FE, 0xE80, 0x490, 0x490, 0x690, 0xCA0, 0x4A4, 0x4A4, 0x4CA, 0xD72 } },
    { 0x62F3, { 0x000, 0x248, 0x250, 0x7FC, 0x110, 0xFFE, 0x248, 0xDF4, 0x042, 0xFFE, 0x040, 0x1C0 } },
    { 0x6301, { 0x000, 0x410, 0x47C, 0xE10, 0x410, 0x4FE, 0x604, 0xCFE, 0x444, 0x424, 0x404, 0xC1C } },
    { 0x6307, { 0x000, 0x482, 0x48C, 0xEF0, 0x482, 0x47E, 0x600, 0xCFE, 0x482, 0x4FE, 0x482, 0xCFE } },
    { 0x632F, { 0x000, 0x4FE, 0x480, 0xEBC, 0x480, 0x4FE, 0x6A8, 0xCA8, 0x4AA, 0x4A4, 0x4B4, 0xD62 } },
    { 0x6355, { 0x000, 0x414, 0x4FE, 0xE10, 0x4FE, 0x492, 0x6FE, 0xC92, 0x4FE, 0x492, 0x492, 0xC96 } },
    { 0x6367, { 0x000, 0x410, 0x47C, 0xE10, 0x47C, 0x428, 0x6FE, 0xC54, 0x4BA, 0x410, 0x4FE, 0xC10 } },
    { 0x6377, { 0x000, 0x420, 0x5FE, 0xE24, 0x5FE, 0x424, 0x6FC, 0xC20, 0x4BC, 0x4A0, 0x560, 0xD1E } },
    { 0x638C, { 0x000, 0x248, 0xFFE, 0x802, 0x3F8, 0x208, 0x7FC, 0x040, 0x7FC, 0x040, 0xFFE, 0x040 } },
    { 0x6398, { 0x000, 0x4FE, 0x482, 0xEFE, 0x488, 0x4AA, 0x6AA, 0xCBE, 0x488, 0x4AA, 0x4AA, 0xD3E } },
    { 0x639B, { 0x000, 0x448, 0x4E8, 0xE48, 0x448, 0x5FC, 0x60A, 0xC48, 0x4E8, 0x448, 0x478, 0xD88 } },
    { 0x63A2, { 0x000, 0x4FE, 0x482, 0xE28, 0x44A, 0x48E, 0x610, 0xCFE, 0x410, 0x438, 0x454, 0xC92 } },
    { 0x63A5, { 0x000, 0x410, 0x4FE, 0xE44, 0x428, 0x4FE, 0x610, 0xCFE, 0x424, 0x448, 0x438, 0xCC6 } },
    { 0x63B2, { 0x000, 0x4FC, 0x484, 0xEFC, 0x484, 0x4FC, 0x640, 0xC7E, 0x48A, 0x552, 0x47A, 0xC06 } },
    { 0x63B4, { 0x000, 0x4FE, 0x482, 0xEFE, 0x492, 0x492, 0x6BA, 0xC96, 0x492, 0x4FE, 0x482, 0xCFE } },
    { 0x63E1, { 0x000, 0x4FE, 0x482, 0xEFE, 0x480, 0x4FE, 0x6A4, 0xCFA, 0x488, 0x4BE, 0x488, 0xD7E } },
    { 0x63EE, { 0x000, 0x4FE, 0x492, 0xE10, 0x4FE, 0x454, 0x67C, 0xC54, 0x47C, 0x410, 0x4FE, 0xC10 } },
    { 0x640D, { 0x000, 0x47C, 0x444, 0xE7C, 0x400, 0x4FE, 0x682, 0xCFE, 0x482, 0x4FE, 0x444, 0xC82 } },
    { 0x6442, { 0x000, 0x4FE, 0x444, 0xE7C, 0x444, 0x444, 0x4FE, 0x604, 0xC44, 0x428, 0x444, 0xC82 } },
    { 0x6483, { 0x000, 0x13C, 0xFE4, 0x546, 0x7FC, 0x524, 0xFF8, 0x046, 0x7F8, 0x040, 0xFFE, 0x040 } },
    { 0x64A4, { 0x000, 0x448, 0x5E8, 0xE8E, 0x52A, 0x5D2, 0x72A, 0xDEA, 0x52A, 0x5E4, 0x52A, 0xD72 } },
    { 0x64C1, { 0x000, 0x420, 0x5FE, 0xE54, 0x494, 0x53E, 0x5E4, 0x4BE, 0xD24, 0x5FE, 0x4A4, 0xD3E } },
    { 0x64CD, { 0x000, 0x47C, 0x444, 0xE7C, 0x4EE, 0x4AA, 0x6EE, 0xC10, 0x4FE, 0x438, 0x454, 0xC92 } },
    { 0x652F, { 0x000, 0x040, 0x040, 0xFFE, 0x040, 0x040, 0x7FC, 0x208, 0x110, 0x0E0, 0x318, 0xC06 } },
    { 0x6539, { 0x000, 0x020, 0xF20, 0x13E, 0x144, 0x1A4, 0xF24, 0x828, 0x828, 0x910, 0x728, 0x0C6 } },
    { 0x653B, { 0x000, 0x020, 0xF20, 0x23E, 0x244, 0x2A4, 0x224, 0x228, 0x328, 0xC10, 0x028, 0x0C6 } },
    { 0x653E, { 0x000, 0x220, 0x220, 0xFBE, 0x444, 0x424, 0x7A4, 0x4A8, 0x4A8, 0x490, 0x4A8, 0x9C6 } },
    { 0x653F, { 0x000, 0x020, 0xFA0, 0x23E, 0x244, 0xBA4, 0xA24, 0xA28, 0xA28, 0xB90, 0xC28, 0x0C6 } },
    { 0x654F, { 0x000, 0x410, 0x7D0, 0x81E, 0x7E4, 0x554, 0x554, 0xFF4, 0x554, 0x548, 0x7D4, 0x062 } },
    { 0x6557, { 0x000, 0xF20, 0x920, 0xF3E, 0x944, 0x9A4, 0xF24, 0x928, 0xF28, 0x010, 0x528, 0x8C6 } },
    { 0x6559, { 0x000, 0x210, 0xF50, 0x29E, 0xFE4, 0x224, 0x7D4, 0x894, 0x1D4, 0xF08, 0x114, 0x362 } },
    { 0x6563, { 0x000, 0x510, 0xF90, 0x51E, 0xFA4, 0x054, 0xF94, 0x894, 0xF94, 0x888, 0xF94, 0x8A2 } },
    { 0x6570, { 0x000, 0x950, 0x590, 0xFDE, 0x324, 0x594, 0x954, 0x214, 0xFD4, 0x248, 0x394, 0xC62 } },
    { 0x6575, { 0x000, 0x108, 0xFE8, 0x44E, 0xFEA, 0x932, 0xBAA, 0x92A, 0xBAA, 0xAA4, 0xBAA, 0x872 } },
    { 0x6587, { 0x000, 0x040, 0x040, 0xFFE, 0x208, 0x208, 0x110, 0x110, 0x0A0, 0x040, 0x1B0, 0xE0E } },
    { 0x6589, { 0x000, 0x040, 0xFFE, 0x110, 0x0E0, 0x318, 0xE0E, 0x3F8, 0x208, 0x3F8, 0x208, 0x408 } },
    { 0x6590, { 0x000, 0x110, 0xF1E, 0x110, 0xF1E, 0x210, 0x040, 0xFFE, 0x208, 0x110, 0x0E0, 0xF1E } },
    { 0x6599, { 0x000, 0x204, 0xB24, 0x614, 0x204, 0xF44, 0x224, 0x606, 0x71C, 0xA64, 0x204, 0x204 } },
    { 0x65A5, { 0x000, 0x01C, 0x3E0, 0x200, 0x200, 0x3FE, 0x210, 0x270, 0x218, 0x416, 0x410, 0x810 } },
    { 0x65A7, { 0x000, 0x110, 0x208, 0xD16, 0x0E0, 0x318, 0xDE6, 0x200, 0x3FC, 0x210, 0x210, 0x410 } },
    { 0x65AC, { 0x000, 0x206, 0xFB8, 0x220, 0xFA0, 0xABE, 0xFA4, 0xAA4, 0xFA4, 0x224, 0xFA4, 0x244 } },
    { 0x65AD, { 0x000, 0x906, 0xD78, 0xBA0, 0x920, 0xFFE, 0x924, 0xBA4, 0xD64, 0x924, 0x824, 0xFC4 } },
    { 0x65B0, { 0x000, 0x106, 0xFD8, 0x450, 0x290, 0xFDE, 0x114, 0xFD4, 0x394, 0x554, 0x924, 0x124 } },
    { 0x65B9, { 0x000, 0x040, 0x040, 0xFFE, 0x080, 0x080, 0x0FC, 0x084, 0x104, 0x104, 0x204, 0xC18 } },
    { 0x65C5, { 0x000, 0x440, 0x47E, 0xF88, 0x490, 0x428, 0x7EA, 0x4AA, 0x4A4, 0x8A4, 0x8A2, 0x332 } },
    { 0x65CB, { 0x000, 0x440, 0x47E, 0xF40, 0x47E, 0x492, 0x710, 0x55E, 0x550, 0x950, 0x970, 0x38E } },
    { 0x65E5, { 0x000, 0x7FC, 0x404, 0x404, 0x404, 0x404, 0x7FC, 0x404, 0x404, 0x404, 0x404, 0x7FC } },
    { 0x65E9, { 0x000, 0x7FC, 0x404, 0x7FC, 0x404, 0x7FC, 0x040, 0x040, 0xFFE, 0x040, 0x040, 0x040 } },
    { 0x65FA, { 0x000, 0x0FE, 0xE10, 0xA10, 0xA10, 0xA10, 0xEFE, 0xA10, 0xA10, 0xA10, 0xE10, 0x0FE } },
    { 0x6607, { 0x000, 0x7FC, 0x404, 0x7FC, 0x404, 0x7FC, 0x040, 0x788, 0x108, 0xFFE, 0x108, 0x608 } },
    { 0x660E, { 0x000, 0xF7E, 0x942, 0x942, 0x97E, 0xF42, 0x942, 0x97E, 0x942, 0xF42, 0x082, 0x10E } },
    { 0x660F, { 0x000, 0x7FC, 0x420, 0x7FE, 0x410, 0x58A, 0xE06, 0x7FC, 0x404, 0x7FC, 0x404, 0x7FC } },
    { 0x661F, { 0x000, 0x7FC, 0x404, 0x7FC, 0x404, 0x7FC, 0x440, 0x7FC, 0x840, 0x7FC, 0x040, 0xFFE } },
    { 0x6642, { 0x000, 0x010, 0xE7C, 0xA10, 0xA10, 0xAFE, 0xE04, 0xAFE, 0xA44, 0xA24, 0xE04, 0x01C } },
    { 0x6674, { 0x000, 0x010, 0xEFC, 0xA10, 0xAFC, 0xA10, 0xFFE, 0xA84, 0xAFC, 0xA84, 0xEFC, 0x084 } },
    { 0x6697, { 0x000, 0x010, 0xEFE, 0xA44, 0xA28, 0xAFE, 0xE00, 0xA7C, 0xA44, 0xA7C, 0xE44, 0x07C } },
    { 0x66B4, { 0x000, 0x7FC, 0x404, 0x7FC, 0x404, 0xFFE, 0x110, 0xFFE, 0x248, 0xD56, 0x248, 0xCC6 } },
    { 0x66F4, { 0x000, 0xFFE, 0x040, 0x7FC, 0x444, 0x7FC, 0x444, 0x7FC, 0x440, 0x240, 0x180, 0xE7E } },
    { 0x66F8, { 0x000, 0x7FC, 0x044, 0xFFE, 0x044, 0x7FC, 0x040, 0xFFE, 0x404, 0x7FC, 0x404, 0x7FC } },
    { 0x66FF, { 0x000, 0x208, 0xFBE, 0x208, 0xFBE, 0x514, 0x8A2, 0x7FC, 0x404, 0x7FC, 0x404, 0x7FC } },
    { 0x6700, { 0x000, 0x7FC, 0x404, 0x7FC, 0x404, 0xFFE, 0x480, 0x7BE, 0x4A2, 0x594, 0xE88, 0x0B6 } },
    { 0x6708, { 0x000, 0x3FC, 0x204, 0x204, 0x3FC, 0x204, 0x204, 0x3FC, 0x204, 0x404, 0x404, 0x81C } },
    { 0x6709, { 0x000, 0x080, 0xFFE, 0x100, 0x200, 0x3FC, 0x604, 0xBFC, 0x204, 0x3FC, 0x204, 0x21C } },
    { 0x670D, { 0x000, 0x7BE, 0x4A2, 0x4A2, 0x7AE, 0x4A0, 0x4BE, 0x7B2, 0x4AA, 0x4A4, 0x4AA, 0x9B2 } },
    { 0x671F, { 0x000, 0x49E, 0xFD2, 0x492, 0x79E, 0x492, 0x792, 0x49E, 0xFD2, 0x012, 0x4A2, 0x846 } },
    { 0x6728, { 0x000, 0x040, 0x040, 0xFFE, 0x150, 0x150, 0x150, 0x248, 0x248, 0x444, 0x842, 0x040 } },
    { 0x672A, { 0x000, 0x040, 0x040, 0x7FC, 0x040, 0x040, 0xFFE, 0x150, 0x150, 0x248, 0xC46, 0x040 } },
    { 0x672C, { 0x000, 0x040, 0x040, 0xFFE, 0x150, 0x150, 0x150, 0x248, 0x248, 0x5F4, 0x842, 0x040 } },
    { 0x6750, { 0x000, 0x204, 0x204, 0xF7E, 0x204, 0x20C, 0x60C, 0x714, 0xA24, 0x2C4, 0x204, 0x21C } },
    { 0x6756, { 0x000, 0x208, 0x208, 0xF7E, 0x208, 0x248, 0x648, 0x728, 0xA28, 0x210, 0x228, 0x2C6 } },
    { 0x675F, { 0x000, 0x040, 0xFFE, 0x040, 0x7FC, 0x444, 0x444, 0x7FC, 0x150, 0x248, 0xC46, 0x040 } },
    { 0x6765, { 0x000, 0x040, 0x7FC, 0x040, 0x248, 0x150, 0xFFE, 0x0E0, 0x150, 0x248, 0xC46, 0x040 } },
    { 0x676F, { 0x000, 0x2FE, 0x208, 0xF10, 0x210, 0x234, 0x752, 0x692, 0xA10, 0x210, 0x210, 0x210 } },
    { 0x677E, { 0x000, 0x228, 0x228, 0xF44, 0x244, 0x282, 0x620, 0x720, 0xA44, 0x244, 0x29A, 0x2E2 } },
    { 0x677F, { 0x000, 0x27E, 0x240, 0xF40, 0x27E, 0x242, 0x642, 0x764, 0xA54, 0x248, 0x254, 0x2A2 } },
    { 0x6797, { 0x000, 0x210, 0x210, 0xFFE, 0x210, 0x210, 0x638, 0x754, 0xA92, 0x210, 0x210, 0x210 } },
    { 0x679A, { 0x000, 0x220, 0x220, 0xF3E, 0x244, 0x2A4, 0x624, 0x728, 0xA28, 0x210, 0x228, 0x2C6 } },
    { 0x679C, { 0x000, 0x7FC, 0x444, 0x7FC, 0x444, 0x7FC, 0x040, 0xFFE, 0x150, 0x248, 0xC46, 0x040 } },
    { 0x67AF, { 0x000, 0x210, 0x210, 0xF7E, 0x210, 0x210, 0x610, 0x77C, 0xA44, 0x244, 0x244, 0x27C } },
    { 0x67D4, { 0x000, 0x3F8, 0x010, 0xFFE, 0x144, 0x248, 0xCC0, 0x040, 0xFFE, 0x150, 0x248, 0xC46 } },
    { 0x67F1, { 0x000, 0x220, 0x210, 0xF7E, 0x210, 0x210, 0x610, 0x77C, 0xA10, 0x210, 0x210, 0x2FE } },
    { 0x6838, { 0x000, 0x210, 0x2FE, 0xF20, 0x244, 0x288, 0x650, 0x722, 0xAC4, 0x208, 0x234, 0x2C2 } },
    { 0x6839, { 0x000, 0x27E, 0x242, 0xF7E, 0x242, 0x242, 0x67E, 0x748, 0xA4A, 0x244, 0x254, 0x2E2 } },
    { 0x68B0, { 0x000, 0x40A, 0x40A, 0xEFE, 0x408, 0x4AA, 0xEAA, 0xDFA, 0x4A4, 0x4A4, 0x4AA, 0x532 } },
    { 0x68D2, { 0x000, 0x210, 0x27C, 0xF10, 0x27C, 0x228, 0x6FE, 0x754, 0xABA, 0x210, 0x2FE, 0x210 } },
    { 0x68D8, { 0x000, 0x208, 0xFBE, 0x208, 0xFBE, 0xAAA, 0xAAA, 0xBAE, 0x208, 0x71C, 0xAAA, 0x208 } },
    { 0x690D, { 0x000, 0x210, 0x2FE, 0xF10, 0x23C, 0x2A4, 0x6BC, 0x7A4, 0xAA4, 0x2BC, 0x280, 0x2FE } },
    { 0x696D, { 0x000, 0x4A4, 0x2A8, 0xFFE, 0x110, 0x7FC, 0x040, 0x7FC, 0x040, 0xFFE, 0x248, 0xC46 } },
    { 0x6975, { 0x000, 0x2FE, 0x210, 0xF18, 0x2EE, 0x2AA, 0x6AA, 0x7AC, 0xAEA, 0x21A, 0x200, 0x2FE } },
    { 0x69CB, { 0x000, 0x228, 0x2FE, 0xF28, 0x2FE, 0x228, 0x6FE, 0x754, 0xA7C, 0x254, 0x2FE, 0x244 } },
    { 0x69CC, { 0x000, 0x288, 0x25E, 0xF12, 0x29E, 0x250, 0x61E, 0x6D2, 0xB52, 0x25E, 0x2A0, 0x29E } },
    { 0x69CD, { 0x000, 0x210, 0x228, 0xFFE, 0x244, 0x27C, 0x644, 0x77C, 0xA40, 0x27E, 0x2A2, 0x2BE } },
    { 0x6A19, { 0x000, 0x2FE, 0x228, 0xFFE, 0x2AA, 0x2FE, 0x600, 0x77C, 0xA00, 0x2FE, 0x254, 0x2B2 } },
    { 0x6A39, { 0x000, 0x244, 0x2E4, 0xF5E, 0x2E4, 0x204, 0x6F4, 0x7AC, 0xAE4, 0x2A4, 0x274, 0x2CC } },
    { 0x6A5F, { 0x000, 0x252, 0x294, 0xF52, 0x2B4, 0x2DE, 0x614, 0x7FE, 0xA90, 0x2CA, 0x2A4, 0x30A } },
    { 0x6B20, { 0x000, 0x200, 0x200, 0x3FE, 0x442, 0x844, 0x040, 0x040, 0x0A0, 0x0A0, 0x110, 0xE0E } },
    { 0x6B21, { 0x000, 0x840, 0x440, 0x47E, 0x092, 0x114, 0x010, 0x410, 0x428, 0x428, 0x844, 0x982 } },
    { 0x6B32, { 0x000, 0x510, 0x890, 0x21E, 0x52A, 0x8AA, 0x048, 0xF88, 0x888, 0x894, 0x894, 0xFA2 } },
    { 0x6B4C, { 0x000, 0xFD0, 0xA90, 0xA9E, 0xEAA, 0x0AA, 0xFC8, 0xA88, 0xA88, 0xE94, 0x094, 0x1A2 } },
    { 0x6B62, { 0x000, 0x040, 0x040, 0x040, 0x240, 0x27C, 0x240, 0x240, 0x240, 0x240, 0x240, 0xFFE } },
    { 0x6B66, { 0x000, 0x7D4, 0x012, 0xFFE, 0x010, 0x110, 0x510, 0x5D0, 0x508, 0x50A, 0x5C6, 0xE02 } },
    { 0x6B69, { 0x000, 0x040, 0x27C, 0x240, 0x240, 0xFFE, 0x048, 0x244, 0xCCA, 0x010, 0x060, 0x780 } },
    { 0x6B6F, { 0x000, 0x040, 0x27C, 0x240, 0xFFE, 0x000, 0x554, 0x4E4, 0x7FC, 0x554, 0x64C, 0x7FC } },
    { 0x6B74, { 0x000, 0x7FE, 0x488, 0x7FE, 0x488, 0x5DC, 0x6AA, 0x488, 0x420, 0x53C, 0x520, 0xBFE } },
    { 0x6B7B, { 0x000, 0xFFE, 0x220, 0x220, 0x3A2, 0x4A4, 0x4B8, 0xAA0, 0x120, 0x122, 0x222, 0xC1E } },
    { 0x6B8B, { 0x000, 0xF14, 0x412, 0x41E, 0x770, 0x91E, 0x970, 0x51E, 0x272, 0x20C, 0x41A, 0x8E6 } },
    { 0x6BB2, { 0x000, 0xEAA, 0x4AA, 0x558, 0xFFE, 0xAA8, 0xBBA, 0x6AA, 0x3B4, 0x4A4, 0x4AA, 0x9D2 } },
    { 0x6BB5, { 0x000, 0x19C, 0x614, 0x414, 0x794, 0x466, 0x780, 0x43E, 0x422, 0xF94, 0x408, 0x476 } },
    { 0x6BBA, { 0x000, 0x0BC, 0xD24, 0x324, 0x4A4, 0x826, 0x280, 0xFBE, 0x222, 0x724, 0xA98, 0x266 } },
    { 0x6BBB, { 0x000, 0x23C, 0xFA4, 0x224, 0xFA4, 0x046, 0xF80, 0x8FE, 0x722, 0x524, 0x918, 0x9E6 } },
    { 0x6BBF, { 0x000, 0xFDC, 0x854, 0xFD4, 0x814, 0xAA6, 0xFC0, 0xABE, 0xFE2, 0x814, 0xA88, 0x476 } },
    { 0x6BCD, { 0x000, 0x3FC, 0x204, 0x244, 0x224, 0xFFE, 0x404, 0x444, 0x424, 0x7FE, 0x004, 0x018 } },
    { 0x6BCE, { 0x000, 0x200, 0x3FE, 0x400, 0xBFC, 0x244, 0x244, 0xFFE, 0x444, 0x444, 0x7FE, 0x004 } },
    { 0x6BD2, { 0x000, 0x040, 0x7FC, 0x040, 0x7FC, 0x040, 0xFFE, 0x244, 0xFFE, 0x444, 0x7FE, 0x004 } },
    { 0x6BDB, { 0x000, 0x07C, 0xF80, 0x080, 0x0FC, 0xF80, 0x080, 0x0FE, 0xF80, 0x080, 0x082, 0x07E } },
    { 0x6C11, { 0x000, 0x7FC, 0x404, 0x404, 0x7FC, 0x420, 0x420, 0x7FE, 0x410, 0x410, 0x58A, 0xE06 } },
    { 0x6C17, { 0x000, 0x400, 0x7FC, 0x800, 0x7F8, 0x000, 0xFF8, 0x008, 0x648, 0x18A, 0x24A, 0xC24 } },
    { 0x6C34, { 0x000, 0x040, 0x040, 0x042, 0xF64, 0x168, 0x150, 0x250, 0x248, 0x444, 0x842, 0x1C0 } },
    { 0x6C37, { 0x000, 0x040, 0x440, 0x242, 0x064, 0xF68, 0x150, 0x250, 0x248, 0x444, 0x842, 0x1C0 } },
    { 0x6C38, { 0x000, 0x0C0, 0x020, 0x3C2, 0x044, 0xF68, 0x150, 0x150, 0x248, 0x444, 0x842, 0x1C0 } },
    { 0x6C42, { 0x000, 0x048, 0x044, 0xFFE, 0x040, 0x444, 0x268, 0x050, 0x0C8, 0x344, 0xC42, 0x1C0 } },
    { 0x6C7A, { 0x000, 0x420, 0x220, 0x0FC, 0x824, 0x424, 0x024, 0x1FE, 0x420, 0x450, 0x888, 0xB06 } },
    { 0x6C88, { 0x000, 0x820, 0x420, 0x1FE, 0x922, 0x522, 0x020, 0x050, 0x450, 0x492, 0x892, 0x91E } },
    { 0x6CA1, { 0x000, 0x478, 0x248, 0x048, 0x84A, 0x58E, 0x000, 0x0FC, 0x484, 0x448, 0x830, 0x9CE } },
    { 0x6CB3, { 0x000, 0x9FE, 0x404, 0x004, 0x8F4, 0x494, 0x094, 0x094, 0x4F4, 0x404, 0x804, 0x81C } },
    { 0x6CBB, { 0x000, 0x420, 0x220, 0x048, 0x884, 0x5FA, 0x002, 0x0FC, 0x484, 0x484, 0x884, 0x8FC } },
    { 0x6CBC, { 0x000, 0x4FE, 0x222, 0x022, 0x842, 0x58E, 0x000, 0x0FE, 0x482, 0x482, 0x882, 0x8FE } },
    { 0x6CC9, { 0x000, 0x080, 0x7FC, 0x404, 0x7FC, 0x404, 0x7FC, 0x042, 0xF6C, 0x150, 0x248, 0xCC6 } },
    { 0x6CD5, { 0x000, 0x410, 0x210, 0x0FC, 0x810, 0x410, 0x1FE, 0x020, 0x444, 0x444, 0x89A, 0x9E2 } },
    { 0x6CE2, { 0x000, 0x410, 0x2FE, 0x092, 0x890, 0x4FE, 0x0C2, 0x0A2, 0x494, 0x488, 0x894, 0x962 } },
    { 0x6CE5, { 0x000, 0x4FE, 0x282, 0x082, 0x8FE, 0x480, 0x0A0, 0x0A6, 0x4B8, 0x4A0, 0x8A2, 0x91E } },
    { 0x6CE8, { 0x000, 0x820, 0x410, 0x1FE, 0x810, 0x410, 0x010, 0x0FC, 0x410, 0x410, 0x810, 0x9FE } },
    { 0x6D3B, { 0x000, 0x40C, 0x2F0, 0x010, 0x810, 0x5FE, 0x010, 0x010, 0x4FC, 0x484, 0x884, 0x8FC } },
    { 0x6D41, { 0x000, 0x820, 0x5FE, 0x040, 0x884, 0x5FA, 0x000, 0x0A8, 0x4A8, 0x4A8, 0x8AA, 0x92E } },
    { 0x6D6A, { 0x000, 0x420, 0x2FC, 0x084, 0x8FC, 0x484, 0x0FC, 0x092, 0x494, 0x488, 0x8A4, 0x9C2 } },
    { 0x6D77, { 0x000, 0x880, 0x4FE, 0x100, 0x8FC, 0x494, 0x094, 0x1FE, 0x494, 0x494, 0x8FE, 0x804 } },
    { 0x6D78, { 0x000, 0x4FC, 0x204, 0x0FC, 0x804, 0x5FE, 0x102, 0x0FC, 0x484, 0x448, 0x830, 0x9CE } },
    { 0x6D88, { 0x000, 0x492, 0x254, 0x010, 0x8FE, 0x482, 0x0FE, 0x082, 0x4FE, 0x482, 0x882, 0x886 } },
    { 0x6DF1, { 0x000, 0x9FE, 0x502, 0x028, 0x84A, 0x58E, 0x010, 0x1FE, 0x410, 0x438, 0x854, 0x992 } },
    { 0x6DF5, { 0x000, 0x94A, 0x54A, 0x14A, 0x9CE, 0x502, 0x1FE, 0x102, 0x5CE, 0x54A, 0x94A, 0xA4A } },
    { 0x6DF7, { 0x000, 0x9FC, 0x504, 0x1FC, 0x904, 0x5FC, 0x000, 0x112, 0x5DC, 0x510, 0x952, 0xB8E } },
    { 0x6E08, { 0x000, 0x810, 0x5FE, 0x048, 0x830, 0x448, 0x186, 0x0FC, 0x484, 0x4FC, 0x884, 0x904 } },
    { 0x6E1B, { 0x000, 0x40A, 0x20A, 0x0FE, 0x888, 0x4EA, 0x08A, 0x0EA, 0x4A4, 0x4E4, 0x88A, 0x932 } },
    { 0x6E21, { 0x000, 0x810, 0x5FE, 0x144, 0x9FE, 0x544, 0x17C, 0x100, 0x57C, 0x544, 0x938, 0xAC6 } },
    { 0x6E29, { 0x000, 0x47C, 0x244, 0x07C, 0x844, 0x47C, 0x000, 0x0FE, 0x4AA, 0x4AA, 0x8AA, 0x9FE } },
    { 0x6E80, { 0x000, 0x848, 0x5FE, 0x048, 0x9FE, 0x410, 0x1FE, 0x112, 0x556, 0x57E, 0x902, 0x906 } },
    { 0x6E90, { 0x000, 0x9FE, 0x510, 0x17C, 0x944, 0x57C, 0x144, 0x17C, 0x510, 0x554, 0x952, 0xAB2 } },
    { 0x6EB6, { 0x000, 0x810, 0x5FE, 0x14A, 0x884, 0x430, 0x048, 0x186, 0x4FC, 0x484, 0x884, 0x8FC } },
    { 0x6EBA, { 0x000, 0x9EE, 0x422, 0x022, 0x9EE, 0x508, 0x1EE, 0x066, 0x4AA, 0x566, 0x8AA, 0x966 } },
    { 0x6EC5, { 0x000, 0x40A, 0x20A, 0x0FE, 0x888, 0x4FA, 0x0AA, 0x0EA, 0x4B4, 0x4A4, 0x8AA, 0x952 } },
    { 0x6ED3, { 0x000, 0x810, 0x5FE, 0x112, 0x8FC, 0x448, 0x048, 0x1FE, 0x410, 0x4FC, 0x810, 0x810 } },
    { 0x6F15, { 0x000, 0x428, 0x2FE, 0x028, 0x8FE, 0x4AA, 0x0FE, 0x0AA, 0x4FE, 0x444, 0x844, 0x87C } },
    { 0x6F5C, { 0x000, 0x444, 0x2EE, 0x044, 0x9EE, 0x444, 0x1AA, 0x0FC, 0x484, 0x4FC, 0x884, 0x8FC } },
    { 0x6F6E, { 0x000, 0x84E, 0x5EA, 0x04A, 0x9EE, 0x52A, 0x1EA, 0x12E, 0x5EA, 0x44A, 0x9EA, 0x856 } },
    { 0x6F70, { 0x000, 0x410, 0x2FC, 0x094, 0x8FC, 0x410, 0x1FE, 0x084, 0x4FC, 0x484, 0x8FC, 0x986 } },
    { 0x6F84, { 0x000, 0x4EA, 0x22C, 0x0AA, 0x844, 0x4FC, 0x102, 0x0FC, 0x484, 0x4FC, 0x848, 0x9FE } },
    { 0x6FC0, { 0x000, 0x888, 0x5E8, 0x12E, 0x9F2, 0x52A, 0x1EA, 0x04A, 0x5FA, 0x4A4, 0x8AA, 0x972 } },
    { 0x706B, { 0x000, 0x040, 0x040, 0x244, 0x244, 0x448, 0x040, 0x0A0, 0x0A0, 0x110, 0x208, 0xC06 } },
    { 0x706F, { 0x000, 0x27E, 0x208, 0xA08, 0xB08, 0xA08, 0x208, 0x208, 0x208, 0x508, 0x508, 0x838 } },
    { 0x7070, { 0x000, 0x7FE, 0x400, 0x420, 0x522, 0x522, 0x624, 0x420, 0x450, 0x450, 0x488, 0xB06 } },
    { 0x707C, { 0x000, 0x240, 0x240, 0xB7E, 0xA82, 0xA02, 0x202, 0x27A, 0x202, 0x502, 0x502, 0x80C } },
    { 0x707D, { 0x000, 0x124, 0x248, 0x490, 0x248, 0x124, 0x040, 0x244, 0x448, 0x0A0, 0x318, 0xC06 } },
    { 0x7089, { 0x000, 0x2FE, 0x200, 0xA7E, 0xB42, 0xA42, 0x27E, 0x240, 0x240, 0x540, 0x540, 0x880 } },
    { 0x708E, { 0x000, 0x040, 0x244, 0x448, 0x0A0, 0x318, 0xC46, 0x244, 0x448, 0x0A0, 0x318, 0xC06 } },
    { 0x70B8, { 0x000, 0x220, 0x220, 0xA3E, 0xB50, 0xA90, 0x21E, 0x210, 0x210, 0x51E, 0x510, 0x810 } },
    { 0x70B9, { 0x000, 0x040, 0x07E, 0x040, 0x040, 0x7FC, 0x404, 0x404, 0x7FC, 0x000, 0x524, 0x892 } },
    { 0x70C8, { 0x000, 0xFC2, 0x212, 0x3D2, 0x652, 0x952, 0x092, 0x302, 0xC06, 0x000, 0x524, 0x892 } },
    { 0x70D9, { 0x000, 0x220, 0x23C, 0xB44, 0xAA8, 0xA10, 0x228, 0x2C6, 0x27C, 0x544, 0x544, 0x87C } },
    { 0x7121, { 0x000, 0x400, 0x7FE, 0xAA8, 0x2A8, 0xFFE, 0x2A8, 0x2A8, 0xFFE, 0x000, 0x524, 0x892 } },
    { 0x7136, { 0x000, 0x414, 0x792, 0x4FC, 0xA90, 0x110, 0x528, 0x244, 0xC82, 0x000, 0x524, 0x892 } },
    { 0x713C, { 0x000, 0x210, 0x2FE, 0xA10, 0xB54, 0xAFE, 0x244, 0x244, 0x2FE, 0x528, 0x54A, 0x88E } },
    { 0x714C, { 0x000, 0x210, 0x27C, 0xA44, 0xB7C, 0xA44, 0x244, 0x2FE, 0x210, 0x57C, 0x510, 0x8FE } },
    { 0x718A, { 0x000, 0x426, 0x938, 0xFA2, 0x89E, 0xFA4, 0x8B8, 0xFA2, 0x89E, 0x000, 0x524, 0x892 } },
    { 0x719F, { 0x000, 0x110, 0xFD0, 0x4BC, 0x794, 0x134, 0xFD4, 0x12A, 0x342, 0x000, 0x524, 0x892 } },
    { 0x71B1, { 0x000, 0x110, 0xFFC, 0x114, 0xFD4, 0x524, 0xBA4, 0x252, 0xF4A, 0x000, 0x524, 0x892 } },
    { 0x71C3, { 0x000, 0x2EA, 0x2AA, 0xABE, 0xB68, 0xAA8, 0x248, 0x294, 0x522, 0x400, 0x8A4, 0x912 } },
    { 0x7206, { 0x000, 0x27C, 0x244, 0xA7C, 0xB44, 0xAFE, 0x228, 0x2FE, 0x254, 0x5BA, 0x554, 0x8B2 } },
    { 0x722A, { 0x000, 0x03C, 0x7C8, 0x448, 0x448, 0x448, 0x448, 0x448, 0x448, 0x444, 0x444, 0x842 } },
    { 0x7247, { 0x000, 0x210, 0x210, 0x210, 0x3FE, 0x200, 0x200, 0x3F8, 0x208, 0x408, 0x408, 0x808 } },
    { 0x7259, { 0x000, 0x7FC, 0x210, 0x210, 0x410, 0x7FE, 0x030, 0x050, 0x090, 0x310, 0xC10, 0x070 } },
    { 0x7262, { 0x000, 0x040, 0xFFE, 0x802, 0x240, 0x3FC, 0x440, 0x040, 0xFFE, 0x040, 0x040, 0x040 } },
    { 0x7269, { 0x000, 0x240, 0xA40, 0xF7E, 0xAAA, 0x22A, 0x32A, 0xE4A, 0x252, 0x292, 0x222, 0x24C } },
    { 0x7279, { 0x000, 0x210, 0xA7C, 0xF10, 0xA10, 0x2FE, 0x304, 0xEFE, 0x244, 0x224, 0x204, 0x21C } },
    { 0x72B6, { 0x000, 0x214, 0x212, 0xA10, 0x6FE, 0x210, 0x228, 0x228, 0x628, 0xA44, 0x244, 0x282 } },
    { 0x72C2, { 0x000, 0xAFE, 0x410, 0x410, 0xA10, 0x210, 0x2FE, 0x610, 0xA10, 0x210, 0x210, 0xCFE } },
    { 0x72D9, { 0x000, 0xAFC, 0x484, 0x484, 0xAFC, 0x284, 0x284, 0x6FC, 0xA84, 0x284, 0x284, 0xDFE } },
    { 0x72E9, { 0x000, 0xA10, 0x4FE, 0x482, 0xA8A, 0x208, 0x2FE, 0x608, 0xA48, 0x228, 0x208, 0xC18 } },
    { 0x72FC, { 0x000, 0xA20, 0x4FC, 0x484, 0xAFC, 0x284, 0x2FC, 0x692, 0xA94, 0x288, 0x2A4, 0xDC2 } },
    { 0x731B, { 0x000, 0xA7C, 0x408, 0x410, 0xAFE, 0x210, 0x230, 0x600, 0xAFE, 0x2AA, 0x2AA, 0xDFE } },
    { 0x732E, { 0x000, 0x20A, 0xFCA, 0x208, 0xFFE, 0xD48, 0xA48, 0xFC8, 0xA54, 0xFD4, 0xA54, 0xAE2 } },
    { 0x7344, { 0x000, 0x2EA, 0xA0A, 0x5E8, 0x41E, 0xAE8, 0x208, 0x608, 0xAF4, 0x294, 0x292, 0xCF2 } },
    { 0x7363, { 0x000, 0xA2A, 0x54A, 0xFC8, 0x97E, 0xFC8, 0x948, 0xFE8, 0x008, 0xFD4, 0x854, 0xFE2 } },
    { 0x7370, { 0x000, 0xA10, 0x4FE, 0x492, 0xA64, 0x2BA, 0x200, 0x6FE, 0xAAA, 0x3FE, 0x210, 0xC30 } },
    { 0x7372, { 0x000, 0x224, 0xAFE, 0x424, 0x47E, 0xAC8, 0x27E, 0x648, 0xAFE, 0x244, 0x238, 0xCC6 } },
    { 0x7387, { 0x000, 0x040, 0xFFE, 0x444, 0x2A8, 0x040, 0x4A4, 0x9F2, 0x040, 0xFFE, 0x040, 0x040 } },
    { 0x7389, { 0x000, 0xFFE, 0x040, 0x040, 0x040, 0x040, 0x7FC, 0x040, 0x048, 0x044, 0x040, 0xFFE } },
    { 0x738B, { 0x000, 0xFFE, 0x040, 0x040, 0x040, 0x040, 0x7FC, 0x040, 0x040, 0x040, 0x040, 0xFFE } },
    { 0x73C0, { 0x000, 0x008, 0xF10, 0x27E, 0x242, 0x242, 0xF42, 0x27E, 0x242, 0x342, 0xC42, 0x07E } },
    { 0x73FE, { 0x000, 0x0FC, 0xE84, 0x4FC, 0x484, 0x4FC, 0xE84, 0x4FC, 0x448, 0x64A, 0xC8A, 0x10E } },
    { 0x7403, { 0x000, 0x014, 0xE12, 0x4FE, 0x410, 0x492, 0xE54, 0x418, 0x434, 0x652, 0xC90, 0x030 } },
    { 0x7406, { 0x000, 0x0FE, 0xE92, 0x492, 0x4FE, 0x492, 0xE92, 0x4FE, 0x410, 0x6FE, 0xC10, 0x1FE } },
    { 0x7425, { 0x000, 0x01C, 0xE10, 0x4FE, 0x492, 0x49C, 0xEF2, 0x49E, 0x480, 0x6A8, 0xCAA, 0x14E } },
    { 0x74A7, { 0x000, 0x788, 0x4BE, 0x794, 0x414, 0x7BE, 0xA88, 0x7FC, 0x040, 0x7FC, 0x048, 0xFFE } },
    { 0x74B0, { 0x000, 0x0FE, 0xEAA, 0x4FE, 0x400, 0x4FE, 0xE44, 0x47C, 0x428, 0x6CA, 0xC54, 0x0E2 } },
    { 0x751F, { 0x000, 0x440, 0x440, 0x7FC, 0x440, 0x840, 0x040, 0x7FC, 0x040, 0x040, 0x040, 0xFFE } },
    { 0x7523, { 0x000, 0x040, 0xFFE, 0x108, 0x090, 0x7FE, 0x520, 0x5FC, 0x620, 0x5FC, 0x420, 0xBFE } },
    { 0x7528, { 0x000, 0x7FC, 0x444, 0x444, 0x7FC, 0x444, 0x444, 0x7FC, 0x444, 0x444, 0x444, 0x84C } },
    { 0x7532, { 0x000, 0xFFE, 0x842, 0x842, 0xFFE, 0x842, 0x842, 0xFFE, 0x040, 0x040, 0x040, 0x040 } },
    { 0x753A, { 0x000, 0x07E, 0xF88, 0xA88, 0xA88, 0xA88, 0xF88, 0xA88, 0xA88, 0xA88, 0xF88, 0x038 } },
    { 0x753B, { 0x000, 0xFFE, 0x040, 0xBFA, 0xA4A, 0xA4A, 0xBFA, 0xA4A, 0xA4A, 0xBFA, 0x802, 0xFFE } },
    { 0x754C, { 0x000, 0x7FC, 0x444, 0x7FC, 0x444, 0x7FC, 0x110, 0x208, 0xD16, 0x110, 0x210, 0xC10 } },
    { 0x7559, { 0x000, 0x1BE, 0x612, 0x412, 0x4A2, 0xF46, 0x000, 0x7FC, 0x444, 0x7FC, 0x444, 0x7FC } },
    { 0x756A, { 0x000, 0x00C, 0x7F0, 0x248, 0xFFE, 0x150, 0x248, 0xFFE, 0x444, 0x7FC, 0x444, 0x7FC } },
    { 0x7570, { 0x000, 0x7FC, 0x444, 0x7FC, 0x444, 0x7FC, 0x110, 0x7FC, 0x110, 0xFFE, 0x208, 0xC06 } },
    { 0x75AB, { 0x000, 0x020, 0x7FE, 0x400, 0xCF8, 0x48A, 0x70E, 0xC00, 0x5FC, 0x488, 0x470, 0xB8E } },
    { 0x75BE, { 0x000, 0x020, 0x7FE, 0x400, 0xC80, 0x4FC, 0x520, 0xC20, 0x5FE, 0x450, 0x488, 0xB06 } },
    { 0x75C5, { 0x000, 0x020, 0x7FE, 0x400, 0xDFE, 0x410, 0x5FE, 0xD12, 0x52A, 0x5C6, 0x502, 0x906 } },
    { 0x75D5, { 0x000, 0x020, 0x7FE, 0x400, 0xDFC, 0x504, 0x5FC, 0xD04, 0x5FC, 0x514, 0x548, 0xB86 } },
    { 0x75DB, { 0x000, 0x020, 0x7FE, 0x400, 0xDF8, 0x450, 0x5FC, 0xD24, 0x5FC, 0x524, 0x5FC, 0x924 } },
    { 0x7652, { 0x000, 0x040, 0x7FE, 0x504, 0xEFE, 0x554, 0x5D4, 0xD44, 0x54C, 0x420, 0xA84, 0xA72 } },
    { 0x767A, { 0x000, 0x7A4, 0x0A8, 0x510, 0x20A, 0x7FC, 0x912, 0x110, 0x7FC, 0x110, 0x212, 0xC1E } },
    { 0x767D, { 0x000, 0x040, 0x080, 0x7FC, 0x404, 0x404, 0x404, 0x7FC, 0x404, 0x404, 0x404, 0x7FC } },
    { 0x767E, { 0x000, 0xFFE, 0x040, 0x080, 0x7FC, 0x404, 0x404, 0x7FC, 0x404, 0x404, 0x404, 0x7FC } },
    { 0x7684, { 0x000, 0x220, 0x420, 0xFBE, 0x8C2, 0x882, 0x892, 0xF8A, 0x88A, 0x882, 0x882, 0xF8C } },
    { 0x7686, { 0x000, 0x420, 0x7A6, 0x438, 0x5A2, 0xE3E, 0x080, 0x7FC, 0x404, 0x7FC, 0x404, 0x7FC } },
    { 0x76AE, { 0x000, 0x020, 0x7FE, 0x422, 0x420, 0x7FC, 0x504, 0x484, 0x448, 0x430, 0x4C8, 0xB06 } },
    { 0x76D7, { 0x000, 0x440, 0x27E, 0x092, 0x210, 0x428, 0x8C6, 0x000, 0x7FC, 0x4A4, 0x4A4, 0xFFE } },
    { 0x76DB, { 0x000, 0x024, 0x7FE, 0x420, 0x7A4, 0x494, 0x58A, 0x816, 0x7FC, 0x4A4, 0x4A4, 0xFFE } },
    { 0x76E4, { 0x000, 0x23C, 0x7A4, 0x4C6, 0x6BC, 0x4A4, 0xF98, 0x4A6, 0x7FC, 0x4A4, 0x4A4, 0xFFE } },
    { 0x76EE, { 0x000, 0x7FC, 0x404, 0x404, 0x7FC, 0x404, 0x404, 0x404, 0x7FC, 0x404, 0x404, 0x7FC } },
    { 0x76F4, { 0x000, 0x040, 0xFFE, 0x040, 0x9F8, 0x908, 0x9F8, 0x908, 0x908, 0x9F8, 0x800, 0xFFE } },
    { 0x76FE, { 0x000, 0x7FC, 0x420, 0x7FE, 0x420, 0x5FC, 0x504, 0x5FC, 0x504, 0x5FC, 0x504, 0x9FC } },
    { 0x7701, { 0x000, 0x248, 0x444, 0x8CA, 0x010, 0x1FC, 0xE04, 0x3FC, 0x204, 0x3FC, 0x204, 0x3FC } },
    { 0x771F, { 0x000, 0x040, 0x7FC, 0x040, 0x3F8, 0x208, 0x3C8, 0x278, 0x000, 0xFFE, 0x208, 0xC06 } },
    { 0x7720, { 0x000, 0xEFE, 0xA82, 0xA82, 0xEFE, 0xA90, 0xA90, 0xEFE, 0xA90, 0xA88, 0xEAA, 0x1C6 } },
    { 0x773C, { 0x000, 0xEFC, 0xA84, 0xAFC, 0xE84, 0xA84, 0xAFC, 0xE92, 0xA94, 0xA88, 0xEA4, 0x1C2 } },
    { 0x7740, { 0x000, 0x110, 0xFFE, 0x040, 0x7FC, 0x040, 0xFFE, 0x204, 0x604, 0xBFC, 0x204, 0x3FC } },
    { 0x77AC, { 0x000, 0x0FE, 0xE52, 0xA54, 0xFFE, 0xA82, 0xAF4, 0xE9E, 0xAF4, 0xB14, 0xE3E, 0x0C4 } },
    { 0x77B3, { 0x000, 0xE10, 0xAFC, 0xA48, 0xFFE, 0xA94, 0xAFC, 0xE94, 0xA94, 0xBFE, 0xE10, 0x1FE } },
    { 0x77E2, { 0x000, 0x200, 0x3FC, 0x440, 0x840, 0x040, 0xFFE, 0x040, 0x0A0, 0x110, 0x208, 0xC06 } },
    { 0x77E5, { 0x000, 0x400, 0x7DE, 0x512, 0x912, 0x112, 0xFD2, 0x112, 0x292, 0x252, 0x45E, 0x800 } },
    { 0x77ED, { 0x000, 0x4FE, 0x700, 0xA7C, 0x244, 0x244, 0xF7C, 0x200, 0x244, 0x524, 0x528, 0x8FE } },
    { 0x77F3, { 0x000, 0xFFE, 0x080, 0x080, 0x100, 0x100, 0x3FC, 0x604, 0xA04, 0x204, 0x204, 0x3FC } },
    { 0x7802, { 0x000, 0xF10, 0x210, 0x254, 0x452, 0x752, 0xD90, 0x532, 0x504, 0x508, 0x730, 0x0C0 } },
    { 0x7814, { 0x000, 0xF7E, 0x224, 0x224, 0x424, 0x724, 0xDFE, 0x524, 0x524, 0x544, 0x744, 0x084 } },
    { 0x7815, { 0x000, 0xF20, 0x2F8, 0x228, 0x44A, 0x78E, 0xD10, 0x510, 0x5FE, 0x510, 0x710, 0x010 } },
    { 0x7832, { 0x000, 0xF40, 0x27E, 0x282, 0x47A, 0x70A, 0xD0A, 0x57A, 0x546, 0x540, 0x742, 0x03E } },
    { 0x7834, { 0x000, 0xF08, 0x27E, 0x24A, 0x448, 0x77E, 0xD42, 0x562, 0x554, 0x548, 0x754, 0x0A2 } },
    { 0x785D, { 0x000, 0xE92, 0x454, 0x410, 0x8FE, 0xE82, 0xAFE, 0xA82, 0xAFE, 0xA82, 0xE82, 0x086 } },
    { 0x786C, { 0x000, 0xEFE, 0x410, 0x4FE, 0x892, 0xEFE, 0xA92, 0xAFE, 0xA50, 0xA20, 0xE50, 0x18E } },
    { 0x78BA, { 0x000, 0xF10, 0x2FE, 0x2A2, 0x448, 0x77E, 0xDC8, 0x57E, 0x548, 0x57E, 0x748, 0x07E } },
    { 0x793A, { 0x000, 0x7FC, 0x000, 0x000, 0xFFE, 0x040, 0x040, 0x248, 0x244, 0x442, 0x842, 0x1C0 } },
    { 0x793C, { 0x000, 0x220, 0x220, 0xF20, 0x120, 0x220, 0x320, 0x6A0, 0xA20, 0x222, 0x222, 0x21E } },
    { 0x7948, { 0x000, 0x20C, 0x270, 0xF40, 0x140, 0x27E, 0x348, 0x6C8, 0xA48, 0x248, 0x248, 0x288 } },
    { 0x7956, { 0x000, 0x27C, 0x244, 0xF44, 0x17C, 0x244, 0x344, 0x6FC, 0xA44, 0x244, 0x244, 0x2FE } },
    { 0x795D, { 0x000, 0x4FC, 0x484, 0xE84, 0x284, 0x484, 0x6FC, 0xD48, 0x448, 0x44A, 0x48A, 0x50E } },
    { 0x795E, { 0x000, 0x410, 0x410, 0xEFE, 0x292, 0x492, 0x6FE, 0xD92, 0x492, 0x4FE, 0x410, 0x410 } },
    { 0x7960, { 0x000, 0x77E, 0x002, 0x07A, 0xF02, 0x27A, 0xA4A, 0xB4A, 0xB4A, 0xA7A, 0xA02, 0x20E } },
    { 0x796D, { 0x000, 0x420, 0x7BE, 0xAA2, 0x514, 0x208, 0xDF6, 0x000, 0x7FC, 0x040, 0x248, 0xCC6 } },
    { 0x798F, { 0x000, 0x4FE, 0x400, 0xE7C, 0x244, 0x47C, 0x600, 0xDFE, 0x492, 0x4FE, 0x492, 0x4FE } },
    { 0x79BD, { 0x000, 0x0E0, 0x318, 0xC46, 0x7FC, 0x110, 0x4A4, 0x7FC, 0x080, 0xFFE, 0x912, 0xBEA } },
    { 0x79C1, { 0x000, 0x190, 0xE10, 0x210, 0x210, 0xF90, 0x220, 0x724, 0x6A4, 0xA42, 0x24E, 0x2F2 } },
    { 0x79D2, { 0x000, 0x110, 0xE10, 0x254, 0x252, 0xF52, 0x290, 0x632, 0x704, 0xA08, 0x230, 0x2C0 } },
    { 0x79D8, { 0x000, 0x120, 0xE12, 0x202, 0x224, 0xF24, 0x2A8, 0x6AA, 0x732, 0xA20, 0x262, 0x29E } },
    { 0x79FB, { 0x000, 0x110, 0xE3E, 0x2C2, 0x224, 0xF18, 0x2E0, 0x63E, 0x6C2, 0xB24, 0x218, 0x2E0 } },
    { 0x7A0E, { 0x000, 0x144, 0xE28, 0x27C, 0x244, 0xF44, 0x244, 0x67C, 0x728, 0xA2A, 0x24A, 0x28E } },
    { 0x7A2E, { 0x000, 0x17C, 0xE10, 0x2FE, 0x254, 0xF7C, 0x254, 0x67C, 0x710, 0xA7C, 0x210, 0x2FE } },
    { 0x7A32, { 0x000, 0x10C, 0xEF0, 0x222, 0x292, 0xF44, 0x2BE, 0x6A2, 0x7BE, 0xAA2, 0x2A2, 0x2BE } },
    { 0x7A3C, { 0x000, 0x110, 0xEFE, 0x282, 0x27C, 0xF10, 0x22A, 0x6DC, 0x728, 0xADC, 0x22A, 0x2D8 } },
    { 0x7A4D, { 0x000, 0x110, 0xEFE, 0x210, 0x27C, 0xF10, 0x2FE, 0x644, 0x77C, 0xA44, 0x27C, 0x2C6 } },
    { 0x7A6B, { 0x000, 0x1A4, 0xEFE, 0x224, 0x27E, 0xFC8, 0x27E, 0x648, 0x6FE, 0xA44, 0xA38, 0x2C6 } },
    { 0x7A74, { 0x000, 0x040, 0x040, 0xFFE, 0x802, 0x802, 0x110, 0x110, 0x208, 0x208, 0x404, 0x802 } },
    { 0x7A76, { 0x000, 0x040, 0xFFE, 0x912, 0x210, 0xC9E, 0x080, 0x7F8, 0x088, 0x10A, 0x20A, 0xC0E } },
    { 0x7A7A, { 0x000, 0x040, 0xFFE, 0x912, 0x210, 0xC1E, 0x000, 0x7FC, 0x040, 0x040, 0x040, 0xFFE } },
    { 0x7A81, { 0x000, 0x040, 0xFFE, 0x912, 0x210, 0xC5E, 0x044, 0xFFE, 0x040, 0x0A0, 0x318, 0xC06 } },
    { 0x7A93, { 0x000, 0x040, 0xFFE, 0x912, 0x68C, 0x090, 0x108, 0x7F4, 0x040, 0x524, 0x50A, 0x8FA } },
    { 0x7ACB, { 0x000, 0x040, 0x040, 0xFFE, 0x000, 0x208, 0x208, 0x108, 0x110, 0x110, 0x020, 0xFFE } },
    { 0x7ADC, { 0x000, 0x040, 0x7FC, 0x208, 0x110, 0xFFE, 0x444, 0x7FC, 0x444, 0x7FC, 0x042, 0x03E } },
    { 0x7AE0, { 0x000, 0x040, 0x7FC, 0x110, 0xFFE, 0x208, 0x3F8, 0x208, 0x3F8, 0x040, 0xFFE, 0x040 } },
    { 0x7B11, { 0x000, 0x420, 0x7BE, 0x948, 0x000, 0x03C, 0x7C0, 0x040, 0xFFE, 0x0A0, 0x318, 0xC06 } },
    { 0x7B26, { 0x000, 0x420, 0x7BE, 0x948, 0x200, 0x208, 0x4FE, 0xC08, 0x488, 0x448, 0x408, 0x438 } },
    { 0x7B2C, { 0x000, 0x420, 0x7BE, 0x948, 0x7FC, 0x044, 0x7FC, 0x440, 0x7FE, 0x142, 0x242, 0xC4C } },
    { 0x7B46, { 0x000, 0x420, 0x7BE, 0x948, 0x7FC, 0x044, 0xFFE, 0x044, 0x7FC, 0x040, 0xFFE, 0x040 } },
    { 0x7B49, { 0x000, 0x420, 0x7BE, 0x948, 0x7FC, 0x040, 0xFFE, 0x008, 0xFFE, 0x108, 0x088, 0x038 } },
    { 0x7B4B, { 0x000, 0x420, 0x7BE, 0x948, 0x010, 0x790, 0x4FE, 0x792, 0x492, 0x7A2, 0x4A2, 0x9CC } },
    { 0x7B52, { 0x000, 0x420, 0x7BE, 0x948, 0x7FC, 0x404, 0x5F4, 0x404, 0x5F4, 0x514, 0x5F4, 0x40C } },
    { 0x7B97, { 0x000, 0x420, 0x7BE, 0x948, 0x7FC, 0x404, 0x7FC, 0x404, 0x7FC, 0x110, 0xFFE, 0x210 } },
    { 0x7BB1, { 0x000, 0x420, 0x7BE, 0x948, 0x000, 0x23E, 0xFA2, 0x23E, 0x722, 0x6BE, 0xA22, 0x23E } },
    { 0x7BC4, { 0x000, 0x420, 0x7BE, 0x948, 0x000, 0x11E, 0xFF2, 0x552, 0x7D6, 0x550, 0xFF2, 0x10E } },
    { 0x7BC9, { 0x000, 0x420, 0x7BE, 0x948, 0xFBC, 0x224, 0xF56, 0x040, 0xFFE, 0x0D0, 0x348, 0xC46 } },
    { 0x7C3F, { 0x000, 0x420, 0x7BE, 0x948, 0x824, 0x5FE, 0x0A4, 0x8FC, 0x4A4, 0x1FE, 0x444, 0x82C } },
    { 0x7C89, { 0x000, 0x228, 0xB28, 0x644, 0x244, 0xF82, 0x27C, 0x624, 0x724, 0xA44, 0x244, 0x298 } },
    { 0x7CBE, { 0x000, 0x210, 0xB7C, 0x610, 0x27C, 0xF10, 0x2FE, 0x644, 0x77C, 0xA44, 0x27C, 0x244 } },
    { 0x7CE7, { 0x000, 0x27C, 0xB44, 0x67C, 0x244, 0xFFE, 0x254, 0x67C, 0x754, 0xA7C, 0x210, 0x2FE } },
    { 0x7D04, { 0x000, 0x440, 0x440, 0x97E, 0xE82, 0x502, 0xF22, 0x212, 0xB12, 0xB02, 0xA02, 0x20C } },
    { 0x7D05, { 0x000, 0x4FE, 0x410, 0x910, 0xE10, 0x510, 0xF10, 0x210, 0xB10, 0xB10, 0xA10, 0x2FE } },
    { 0x7D0B, { 0x000, 0x410, 0x410, 0x9FE, 0xE44, 0x544, 0xF44, 0x228, 0xB28, 0xB10, 0xA28, 0x2C6 } },
    { 0x7D0D, { 0x000, 0x410, 0x410, 0x9FE, 0xE92, 0x592, 0xFAA, 0x2AA, 0xAC6, 0xB82, 0xA82, 0x286 } },
    { 0x7D19, { 0x000, 0x40C, 0x4F0, 0x990, 0xE90, 0x590, 0xFFE, 0x290, 0xA88, 0xB8A, 0xAA6, 0x2C2 } },
    { 0x7D1A, { 0x000, 0x4FC, 0x444, 0x944, 0xE48, 0x54E, 0xF42, 0x262, 0xB54, 0xB48, 0xA54, 0x2A2 } },
    { 0x7D20, { 0x000, 0x040, 0x7FC, 0x040, 0x3F8, 0x040, 0xFFE, 0x120, 0x244, 0xFFA, 0x248, 0xC46 } },
    { 0x7D2B, { 0x000, 0x220, 0xBBE, 0xA20, 0xBE2, 0xE3E, 0x120, 0x244, 0xFFE, 0x040, 0x444, 0x842 } },
    { 0x7D42, { 0x000, 0x420, 0x43E, 0x942, 0xEA4, 0x518, 0xF24, 0x2C2, 0xB30, 0xB0C, 0xA60, 0x21E } },
    { 0x7D46, { 0x000, 0x410, 0x454, 0x892, 0xE10, 0x4FE, 0xF10, 0x210, 0xAFE, 0xB10, 0xA10, 0x210 } },
    { 0x7D4C, { 0x000, 0x47C, 0x444, 0x928, 0xE10, 0x528, 0xF46, 0x210, 0xB7C, 0xB10, 0xA10, 0x2FE } },
    { 0x7D50, { 0x000, 0x410, 0x410, 0x8FE, 0xE10, 0x510, 0xF7C, 0x200, 0xB7C, 0xB44, 0xA44, 0x27C } },
    { 0x7D75, { 0x000, 0x410, 0x428, 0x944, 0xE82, 0x47C, 0xF00, 0x200, 0xAFE, 0xB20, 0xA44, 0x2FA } },
    { 0x7D76, { 0x000, 0x440, 0x478, 0x988, 0xEFE, 0x592, 0xF92, 0x2FE, 0xA80, 0xB82, 0xA82, 0x27E } },
    { 0x7D99, { 0x000, 0x488, 0x4AA, 0x99C, 0xE88, 0x5BE, 0xF88, 0x29C, 0xAAA, 0xB88, 0xA80, 0x2FE } },
    { 0x7D9A, { 0x000, 0x410, 0x4FE, 0x910, 0xE7C, 0x500, 0xFFE, 0x282, 0xB28, 0xB28, 0xA4A, 0x28E } },
    { 0x7DD1, { 0x000, 0x47C, 0x404, 0x97C, 0xE04, 0x4FE, 0xF10, 0x292, 0xB54, 0xB38, 0xA54, 0x2B2 } },
    { 0x7DDA, { 0x000, 0x410, 0x4FE, 0x982, 0xEFE, 0x582, 0xEFE, 0x210, 0xBD6, 0xA58, 0xA94, 0x332 } },
    { 0x7DE0, { 0x000, 0x410, 0x4FE, 0x944, 0xE28, 0x4FE, 0xF92, 0x27C, 0xB54, 0xB54, 0xA5C, 0x210 } },
    { 0x7DE8, { 0x000, 0x4FE, 0x400, 0x9FE, 0xE82, 0x5FE, 0xE80, 0x2FE, 0xBAA, 0xAFE, 0xAAA, 0x32A } },
    { 0x7DF4, { 0x000, 0x410, 0x4FE, 0x910, 0xEFE, 0x5D6, 0xFBA, 0x292, 0xAFE, 0xB38, 0xA54, 0x292 } },
    { 0x7E1B, { 0x000, 0x414, 0x4FE, 0x910, 0xEFE, 0x592, 0xFFE, 0x292, 0xB04, 0xAFE, 0xA44, 0x22C } },
    { 0x7E2E, { 0x000, 0x420, 0x5FE, 0x902, 0xE5C, 0x548, 0xF90, 0x2BE, 0xBA2, 0xABE, 0xAA2, 0x2BE } },
    { 0x7E3E, { 0x000, 0x410, 0x4FE, 0x910, 0xE7C, 0x510, 0xFFE, 0x244, 0xB7C, 0xB44, 0xA7C, 0x2C6 } },
    { 0x7E54, { 0x000, 0x448, 0x5FA, 0xAAA, 0x4A8, 0xBFE, 0xE08, 0x4EA, 0xEA4, 0xEE4, 0xCAA, 0x4F2 } },
    { 0x7F60, { 0x000, 0xFFE, 0x912, 0xFFE, 0x000, 0x7FC, 0x404, 0x7FC, 0x420, 0x7FE, 0x410, 0xF8E } },
    { 0x7F6E, { 0x000, 0xFFE, 0x912, 0xFFE, 0x040, 0xFFE, 0x040, 0x9F8, 0x908, 0x9F8, 0x908, 0xFFE } },
    { 0x7FA4, { 0x000, 0x7A2, 0x294, 0xFBE, 0x288, 0x788, 0x23E, 0x408, 0x788, 0xCBE, 0x488, 0x788 } },
    { 0x7FBD, { 0x000, 0xFBE, 0x082, 0x8A2, 0x492, 0x28A, 0x082, 0x186, 0x28A, 0xCB2, 0x082, 0x30C } },
    { 0x7FD2, { 0x000, 0xFBE, 0x492, 0x28A, 0xCB2, 0x186, 0x040, 0x7FC, 0x404, 0x7FC, 0x404, 0x7FC } },
    { 0x7FD4, { 0x000, 0x9EE, 0xA22, 0xF32, 0x4AA, 0xE66, 0x422, 0x466, 0xEAA, 0x532, 0x822, 0x866 } },
    { 0x7FF3, { 0x000, 0xFBC, 0xB24, 0xD7E, 0xBA2, 0x91C, 0xAA2, 0xFFE, 0x492, 0x28A, 0x492, 0x9A6 } },
    { 0x7FFC, { 0x000, 0xFBE, 0x492, 0x28A, 0xDB6, 0x3F8, 0x248, 0x7FC, 0x248, 0xFFE, 0x208, 0xC06 } },
    { 0x8001, { 0x000, 0x084, 0x7E8, 0x090, 0x0A0, 0xFFE, 0x080, 0x304, 0xD18, 0x1E0, 0x102, 0x0FE } },
    { 0x8005, { 0x000, 0x082, 0x7F4, 0x088, 0x090, 0xFFE, 0x100, 0x3FC, 0x604, 0xBFC, 0x204, 0x3FC } },
    { 0x8010, { 0x000, 0xFE4, 0x104, 0x21E, 0xFE4, 0xAA4, 0xAB4, 0xAAC, 0xAA4, 0xAA4, 0xAA4, 0x86C } },
    { 0x8033, { 0x000, 0xFFE, 0x208, 0x3F8, 0x208, 0x208, 0x3F8, 0x208, 0x208, 0x23E, 0xFC8, 0x008 } },
    { 0x8056, { 0x000, 0xFFE, 0x4A2, 0x7A2, 0x4A2, 0x7BE, 0xC80, 0x3FC, 0x040, 0x3F8, 0x040, 0xFFE } },
    { 0x805E, { 0x000, 0xFBE, 0x8A2, 0xFBE, 0x8A2, 0xFBE, 0xBFA, 0x912, 0x9F2, 0x91A, 0xBF2, 0x816 } },
    { 0x8077, { 0x000, 0xE48, 0xBFA, 0xEAA, 0xAA8, 0xBFE, 0xE08, 0xAEA, 0xAA4, 0xEE4, 0xAAA, 0x2F2 } },
    { 0x8089, { 0x000, 0x040, 0x040, 0xFFE, 0x842, 0x8A2, 0xB1A, 0x842, 0x8A2, 0xB1A, 0x802, 0x80E } },
    { 0x808B, { 0x000, 0xE20, 0xA20, 0xAFE, 0xE22, 0xA22, 0xA22, 0xE22, 0xA22, 0xA42, 0xA42, 0xA8C } },
    { 0x808C, { 0x000, 0xE78, 0xA48, 0xA48, 0xE48, 0xA48, 0xA48, 0xE48, 0xA48, 0xA8A, 0xA8A, 0xB0E } },
    { 0x80B2, { 0x000, 0x040, 0xFFE, 0x100, 0x208, 0x7F4, 0x208, 0x3F8, 0x208, 0x3F8, 0x208, 0x218 } },
    { 0x80CC, { 0x000, 0x120, 0xF26, 0x138, 0x322, 0xD1E, 0x3F8, 0x208, 0x3F8, 0x208, 0x3F8, 0x208 } },
    { 0x80F4, { 0x000, 0xEFE, 0xA82, 0xABA, 0xE82, 0xABA, 0xAAA, 0xEAA, 0xAAA, 0xABA, 0xA82, 0xA86 } },
    { 0x80FD, { 0x000, 0x426, 0x938, 0xEA0, 0x022, 0xF9E, 0x880, 0xFA6, 0x8B8, 0xFA0, 0x8A2, 0x99E } },
    { 0x8106, { 0x000, 0xE40, 0xA78, 0xA88, 0xEFE, 0xB80, 0xABC, 0xEA4, 0xAAC, 0xAA0, 0xAA2, 0xB1E } },
    { 0x8108, { 0x000, 0xE0C, 0xAF0, 0xA86, 0xEB8, 0xAA8, 0xAAA, 0xEAC, 0xAA8, 0xAA4, 0xAA4, 0xB22 } },
    { 0x811A, { 0x000, 0xE4E, 0xA4A, 0xBFA, 0xE4A, 0xA4A, 0xBFA, 0xE4A, 0xA8A, 0xAAE, 0xB28, 0xBD8 } },
    { 0x811B, { 0x000, 0xEFE, 0xA00, 0xA54, 0xEA8, 0xAA8, 0xA54, 0xE00, 0xA7C, 0xA10, 0xA10, 0xAFE } },
    { 0x8150, { 0x000, 0x020, 0x7FE, 0x444, 0x4BE, 0x794, 0x48C, 0x5FE, 0x512, 0x56E, 0x512, 0x96E } },
    { 0x819A, { 0x000, 0x07C, 0x040, 0x7FE, 0x442, 0x5FC, 0x524, 0x5FC, 0x488, 0x4F8, 0x488, 0x898 } },
    { 0x819D, { 0x000, 0xE10, 0xAFE, 0xA54, 0xE92, 0xA28, 0xAC6, 0xE92, 0xA54, 0xA38, 0xA54, 0xAB2 } },
    { 0x81BF, { 0x000, 0xE28, 0xAFE, 0xAAA, 0xEFE, 0xAAA, 0xAFE, 0xE80, 0xAFE, 0xAAA, 0xAA4, 0xB72 } },
    { 0x81D3, { 0x000, 0xE24, 0xAFE, 0xA24, 0xE0A, 0xAFE, 0xAA8, 0xEFA, 0xA9A, 0xAF4, 0xAA4, 0xB72 } },
    { 0x81E3, { 0x000, 0xFFE, 0x840, 0x840, 0xFFC, 0x804, 0x804, 0x804, 0xFFC, 0x840, 0x840, 0xFFE } },
    { 0x81EA, { 0x000, 0x040, 0x080, 0x7FC, 0x404, 0x7FC, 0x404, 0x404, 0x7FC, 0x404, 0x404, 0x7FC } },
    { 0x81F3, { 0x000, 0xFFE, 0x080, 0x110, 0x208, 0x7F4, 0x044, 0x040, 0x7FC, 0x040, 0x040, 0xFFE } },
    { 0x81F4, { 0x000, 0xFA0, 0x220, 0x43E, 0x944, 0xEA4, 0x224, 0x224, 0xF94, 0x208, 0x394, 0xC62 } },
    { 0x821E, { 0x000, 0x400, 0x7FE, 0xAA8, 0xFFE, 0x2A8, 0xFFE, 0x408, 0x7FE, 0xAA8, 0x17E, 0xE08 } },
    { 0x821F, { 0x000, 0x080, 0x3F8, 0x208, 0x288, 0x248, 0xFFE, 0x208, 0x248, 0x448, 0x408, 0x838 } },
    { 0x8239, { 0x000, 0x224, 0x7A4, 0x4A4, 0x6A4, 0x5C2, 0xF80, 0x4BE, 0x6A2, 0x5A2, 0x4A2, 0x9BE } },
    { 0x826F, { 0x000, 0x040, 0x7FC, 0x404, 0x7FC, 0x404, 0x7FC, 0x440, 0x422, 0x414, 0x588, 0xE06 } },
    { 0x8272, { 0x000, 0x200, 0x3F0, 0x410, 0xFFC, 0x444, 0x444, 0x7FC, 0x400, 0x402, 0x402, 0x3FE } },
    { 0x82B1, { 0x000, 0x110, 0xFFE, 0x110, 0x000, 0x120, 0x222, 0x62C, 0xA30, 0x220, 0x222, 0x21E } },
    { 0x82B8, { 0x000, 0x110, 0xFFE, 0x110, 0x000, 0x7FC, 0x000, 0x000, 0xFFE, 0x100, 0x208, 0x7F4 } },
    { 0x82E5, { 0x000, 0x110, 0xFFE, 0x110, 0x080, 0xFFE, 0x100, 0x200, 0x7FC, 0xA04, 0x204, 0x3FC } },
    { 0x82E6, { 0x000, 0x110, 0xFFE, 0x110, 0x040, 0xFFE, 0x040, 0x040, 0x7FC, 0x404, 0x404, 0x7FC } },
    { 0x82F1, { 0x000, 0x110, 0xFFE, 0x110, 0x040, 0x7FC, 0x444, 0x444, 0xFFE, 0x0A0, 0x318, 0xC06 } },
    { 0x8328, { 0x000, 0x110, 0xFFE, 0x110, 0x040, 0x47E, 0x292, 0x114, 0x010, 0x228, 0x444, 0x982 } },
    { 0x8336, { 0x000, 0x110, 0xFFE, 0x110, 0x040, 0x1B0, 0xE0E, 0x040, 0x7FC, 0x040, 0x248, 0xC46 } },
    { 0x8352, { 0x000, 0x110, 0xFFE, 0x110, 0x040, 0xFFE, 0x200, 0x3FC, 0x000, 0x248, 0x24A, 0xC4E } },
    { 0x843D, { 0x000, 0x110, 0xFFE, 0x110, 0x420, 0x27C, 0x8C4, 0x438, 0x0C6, 0x27C, 0x444, 0x87C } },
    { 0x8449, { 0x000, 0x110, 0xFFE, 0x110, 0x248, 0xFFE, 0x248, 0x278, 0x200, 0xFFE, 0x248, 0xC46 } },
    { 0x846C, { 0x000, 0x110, 0xFFE, 0x110, 0xFFE, 0x4A4, 0xAB8, 0x122, 0xE1E, 0x110, 0xFFE, 0x210 } },
    { 0x8490, { 0x000, 0x110, 0xFFE, 0x110, 0x7FC, 0x444, 0x7FC, 0x444, 0x7FC, 0x0A4, 0x12A, 0xE3E } },
    { 0x84BC, { 0x000, 0x110, 0xFFE, 0x110, 0x208, 0x7FC, 0xC0A, 0x7F8, 0x408, 0x7FC, 0xA04, 0xBFC } },
    { 0x84CB, { 0x000, 0x110, 0xFFE, 0x110, 0x040, 0x7FC, 0x040, 0xFFE, 0x208, 0x7FC, 0x4A4, 0xFFE } },
    { 0x8584, { 0x000, 0x110, 0xFFE, 0x110, 0x828, 0x5FE, 0x0A4, 0x8FC, 0x4A4, 0x1FE, 0x444, 0x82C } },
    { 0x8599, { 0x000, 0x110, 0xFFE, 0x110, 0x824, 0xFBE, 0xA64, 0x23E, 0xFA4, 0x23E, 0x524, 0x8BE } },
    { 0x85AC, { 0x000, 0x110, 0xFFE, 0x040, 0x9F2, 0x514, 0x9F2, 0x110, 0xFFE, 0x0D0, 0x348, 0xC46 } },
    { 0x8650, { 0x000, 0x07C, 0x040, 0x7FE, 0x442, 0x5F8, 0x442, 0x5FE, 0x500, 0x5FC, 0x500, 0x9FC } },
    { 0x865A, { 0x000, 0x07C, 0x040, 0x7FE, 0x442, 0x478, 0x5C2, 0x47E, 0x450, 0x554, 0x4D8, 0xBFE } },
    { 0x86C7, { 0x000, 0x210, 0x27E, 0xFC2, 0xAA0, 0xAA4, 0xAA8, 0xFB0, 0x220, 0x2A2, 0x3A2, 0xC9E } },
    { 0x86EE, { 0x000, 0x040, 0xFFE, 0x090, 0x494, 0x912, 0x3F8, 0x248, 0x248, 0x3FA, 0x042, 0xFFE } },
    { 0x8840, { 0x000, 0x040, 0x080, 0x7FC, 0x4A4, 0x4A4, 0x4A4, 0x4A4, 0x4A4, 0x4A4, 0x4A4, 0xFFE } },
    { 0x884C, { 0x000, 0x27C, 0x400, 0x800, 0x2FE, 0x408, 0xC08, 0x408, 0x408, 0x408, 0x408, 0x438 } },
    { 0x8853, { 0x000, 0x256, 0x450, 0x9F0, 0x04E, 0x242, 0x442, 0xD52, 0x552, 0x552, 0x442, 0x446 } },
    { 0x8861, { 0x000, 0x2EE, 0x520, 0x9F0, 0x35E, 0x5F4, 0xD54, 0x5F4, 0x444, 0x5F4, 0x4A4, 0x51C } },
    { 0x8868, { 0x000, 0x040, 0x7FC, 0x040, 0x7FC, 0x040, 0xFFE, 0x0A0, 0x122, 0xE14, 0x2C8, 0x706 } },
    { 0x8870, { 0x000, 0x040, 0xFFE, 0x000, 0x3F8, 0x208, 0xFFE, 0x208, 0x3FA, 0x114, 0xEC8, 0x306 } },
    { 0x888B, { 0x000, 0x124, 0x23E, 0xEE0, 0x212, 0x20E, 0x040, 0xFFE, 0x120, 0xE14, 0x2C8, 0x706 } },
    { 0x88AB, { 0x000, 0x410, 0x4FE, 0xE92, 0x290, 0x4FE, 0x5C2, 0xEA2, 0x594, 0x488, 0x494, 0x562 } },
    { 0x88C2, { 0x000, 0xFC2, 0x212, 0x7D2, 0xC52, 0x286, 0x140, 0xFFE, 0x120, 0xE14, 0x2C8, 0x706 } },
    { 0x88C5, { 0x000, 0x910, 0x5FE, 0x110, 0x310, 0xD7C, 0x040, 0xFFE, 0x120, 0xE14, 0x2C8, 0x706 } },
    { 0x88CF, { 0x000, 0x040, 0xFFE, 0x444, 0x7FC, 0x444, 0xFFE, 0x040, 0xFFE, 0x114, 0xEC8, 0x306 } },
    { 0x88FD, { 0x000, 0x50A, 0x7EA, 0x90A, 0x7E2, 0x526, 0x040, 0xFFE, 0x120, 0xE14, 0x2C8, 0x706 } },
    { 0x8907, { 0x000, 0x440, 0x47E, 0xEC4, 0x27C, 0x444, 0x57C, 0xE20, 0x57C, 0x4A4, 0x418, 0x4E6 } },
    { 0x8910, { 0x000, 0x47C, 0x444, 0xE7C, 0x244, 0x47C, 0x520, 0xE3E, 0x546, 0x4AA, 0x43A, 0x406 } },
    { 0x8981, { 0x000, 0xFFE, 0x0A0, 0x7FC, 0x4A4, 0x7FC, 0x080, 0xFFE, 0x108, 0x310, 0x0E0, 0xF1E } },
    { 0x898B, { 0x000, 0x7FC, 0x404, 0x7FC, 0x404, 0x7FC, 0x404, 0x7FC, 0x110, 0x112, 0x212, 0xC1E } },
    { 0x899A, { 0x000, 0x484, 0x248, 0xFFE, 0x802, 0xBFA, 0x208, 0x3F8, 0x208, 0x3F8, 0x112, 0xE1E } },
    { 0x89D2, { 0x000, 0x200, 0x3F0, 0x410, 0xFFC, 0x444, 0x7FC, 0x444, 0x7FC, 0x404, 0x404, 0x81C } },
    { 0x89E3, { 0x000, 0x23E, 0x392, 0x492, 0xFE6, 0x540, 0x7D4, 0x55E, 0x7E4, 0x45E, 0x444, 0x8C4 } },
    { 0x89E6, { 0x000, 0x408, 0x708, 0x93E, 0xFAA, 0xAAA, 0xFAA, 0xABE, 0xF88, 0x88A, 0x88E, 0x9B2 } },
    { 0x8A00, { 0x000, 0x3F8, 0x000, 0xFFE, 0x000, 0x7FC, 0x000, 0x7FC, 0x000, 0x7FC, 0x404, 0x7FC } },
    { 0x8A08, { 0x000, 0x610, 0x010, 0xE10, 0x010, 0xEFE, 0x010, 0xE10, 0x010, 0xE10, 0xA10, 0xE10 } },
    { 0x8A0E, { 0x000, 0x604, 0x004, 0xEFE, 0x004, 0xE04, 0x044, 0xE24, 0x024, 0xE04, 0xA04, 0xE1C } },
    { 0x8A17, { 0x000, 0x61C, 0x0E0, 0xE20, 0x020, 0xE20, 0x03E, 0xEE0, 0x020, 0xE22, 0xA22, 0xE1E } },
    { 0x8A18, { 0x000, 0x6FC, 0x004, 0xE04, 0x004, 0xE04, 0x0FC, 0xE80, 0x080, 0xE82, 0xA82, 0xE7E } },
    { 0x8A2A, { 0x000, 0x610, 0x010, 0xEFE, 0x020, 0xE20, 0x03E, 0xE22, 0x022, 0xE42, 0xA42, 0xE8C } },
    { 0x8A2D, { 0x000, 0x678, 0x048, 0xE48, 0x04A, 0xE8E, 0x000, 0xEFC, 0x084, 0xE48, 0xA30, 0xECE } },
    { 0x8A71, { 0x000, 0x60C, 0x070, 0xE10, 0x010, 0xEFE, 0x010, 0xE10, 0x07C, 0xE44, 0xA44, 0xE7C } },
    { 0x8A87, { 0x000, 0x620, 0x1FE, 0xE48, 0x084, 0xF7A, 0x000, 0xEFE, 0x040, 0xE7C, 0xA04, 0xE18 } },
    { 0x8A8C, { 0x000, 0x610, 0x010, 0xEFE, 0x010, 0xE10, 0x07C, 0xE20, 0x054, 0xEC2, 0xB4A, 0xE38 } },
    { 0x8A93, { 0x000, 0x20C, 0xF70, 0x240, 0x37E, 0xE48, 0x288, 0xFFE, 0x000, 0x7FC, 0x404, 0x7FC } },
    { 0x8A95, { 0x000, 0x6C2, 0x05C, 0xE44, 0x084, 0xED6, 0x054, 0xE54, 0x0D4, 0xE5E, 0xAA0, 0xE9E } },
    { 0x8A98, { 0x000, 0x67C, 0x010, 0xEFE, 0x038, 0xE54, 0x092, 0xE7C, 0x024, 0xE26, 0xA42, 0xE8C } },
    { 0x8A9E, { 0x000, 0x6FE, 0x020, 0xEFC, 0x044, 0xE44, 0x1FE, 0xE00, 0x0FE, 0xE82, 0xA82, 0xEFE } },
    { 0x8AAC, { 0x000, 0x684, 0x048, 0xEFC, 0x084, 0xE84, 0x084, 0xEFC, 0x048, 0xE4A, 0xA8A, 0xF0E } },
    { 0x8AAD, { 0x000, 0x610, 0x0FE, 0xE10, 0x07C, 0xE00, 0x0FE, 0xE82, 0x028, 0xE28, 0xA4A, 0xE8E } },
    { 0x8AB0, { 0x000, 0x644, 0x048, 0xEFE, 0x188, 0xEFE, 0x088, 0xE88, 0x0FE, 0xE88, 0xA88, 0xEFE } },
    { 0x8ABF, { 0x000, 0x6FE, 0x092, 0xEBA, 0x092, 0xEBA, 0x082, 0xEBA, 0x0AA, 0xEBA, 0xA82, 0xF06 } },
    { 0x8B00, { 0x000, 0x644, 0x0FE, 0xE44, 0x07C, 0xE44, 0x07C, 0xE10, 0x0FE, 0xE38, 0xA54, 0xE92 } },
    { 0x8B66, { 0x000, 0x520, 0xFFE, 0x554, 0x758, 0x0A4, 0xFFE, 0x000, 0x7FC, 0x208, 0x208, 0x3F8 } },
    { 0x8B72, { 0x000, 0x610, 0x0FE, 0xE44, 0x0AA, 0xE28, 0x0FE, 0xE28, 0x0FE, 0xE2A, 0xAD4, 0xE62 } },
    { 0x8B77, { 0x000, 0xE48, 0x0FE, 0xE28, 0x07E, 0xEC8, 0x07E, 0x048, 0xEFE, 0xA44, 0xA38, 0xEC6 } },
    { 0x8C4A, { 0x000, 0x110, 0x7FC, 0x514, 0x7FC, 0x514, 0xFFE, 0x404, 0x7FC, 0x208, 0x110, 0xFFE } },
    { 0x8CA1, { 0x000, 0xF04, 0x904, 0xF7E, 0x904, 0x90C, 0xF0C, 0x914, 0xF24, 0x044, 0x504, 0x89C } },
    { 0x8CA8, { 0x000, 0x122, 0x22C, 0xE30, 0x222, 0x21E, 0x7FC, 0x404, 0x7FC, 0x404, 0x7FC, 0xC06 } },
    { 0x8CAA, { 0x000, 0x0E0, 0x318, 0xC46, 0x3F8, 0x010, 0x7FC, 0x404, 0x7FC, 0x404, 0x7FC, 0xC06 } },
    { 0x8CAB, { 0x000, 0x3F8, 0x248, 0xFFE, 0x248, 0x7FC, 0x404, 0x7FC, 0x404, 0x7FC, 0x208, 0xC06 } },
    { 0x8CB7, { 0x000, 0xFFE, 0x912, 0xFFE, 0x404, 0x7FC, 0x404, 0x7FC, 0x404, 0x7FC, 0x208, 0xC06 } },
    { 0x8CBB, { 0x000, 0x120, 0xFFC, 0x124, 0xFFE, 0x922, 0xFFE, 0x404, 0x7FC, 0x404, 0x7FC, 0xC06 } },
    { 0x8CBC, { 0x000, 0xF10, 0x910, 0xF1E, 0x910, 0x910, 0xF10, 0x97E, 0xF42, 0x042, 0x542, 0x8FE } },
    { 0x8CDE, { 0x000, 0x248, 0xFFE, 0x802, 0xBFA, 0x208, 0x7FC, 0x404, 0x7FC, 0x404, 0x7FC, 0xC06 } },
    { 0x8CED, { 0x000, 0xF10, 0x97A, 0xF14, 0x918, 0x9FE, 0xF14, 0x93E, 0xF62, 0x0BE, 0x522, 0x8BE } },
    { 0x8CFC, { 0x000, 0xE48, 0xBFE, 0xE48, 0xBFE, 0xA48, 0xFFE, 0xA94, 0xEFC, 0x094, 0x5FE, 0xA84 } },
    { 0x8D64, { 0x000, 0x040, 0x7FC, 0x040, 0x040, 0xFFE, 0x110, 0x514, 0x512, 0x912, 0x210, 0x430 } },
    { 0x8D70, { 0x000, 0x040, 0x7FC, 0x040, 0x040, 0xFFE, 0x040, 0x240, 0x27C, 0x240, 0x5C0, 0x83E } },
    { 0x8D77, { 0x000, 0x13C, 0x784, 0x104, 0x104, 0xFBC, 0x120, 0x522, 0x5A2, 0x51E, 0xB00, 0x8FE } },
    { 0x8D85, { 0x000, 0x13E, 0x7D2, 0x112, 0x126, 0xFC0, 0x13E, 0x522, 0x5E2, 0x53E, 0xB00, 0x8FE } },
    { 0x8D8A, { 0x000, 0x10A, 0x7BE, 0x128, 0x12A, 0xFAA, 0x124, 0x52C, 0x5B6, 0x52A, 0xB00, 0x8FE } },
    { 0x8DB3, { 0x000, 0x7FC, 0x404, 0x404, 0x404, 0x7FC, 0x040, 0x240, 0x27C, 0x240, 0x5C0, 0x83E } },
    { 0x8DDD, { 0x000, 0xF7E, 0x940, 0x940, 0xF7E, 0x242, 0x242, 0xB42, 0xA7E, 0xA40, 0xB40, 0xC7E } },
    { 0x8DE1, { 0x000, 0xF10, 0x910, 0x9FE, 0xF28, 0x228, 0x26C, 0xB6A, 0xAAA, 0xA28, 0xB48, 0xC98 } },
    { 0x8DEA, { 0x000, 0xF20, 0x93C, 0x944, 0xF7E, 0x2C0, 0x25E, 0xB52, 0xA56, 0xA50, 0xB52, 0xC8E } },
    { 0x8DF3, { 0x000, 0xF28, 0x928, 0x9AA, 0xF6C, 0x228, 0x228, 0xB6C, 0xAAA, 0xA28, 0xB4A, 0xC8E } },
    { 0x8E0F, { 0x000, 0xF08, 0x9EA, 0x92C, 0xF4A, 0x298, 0x200, 0xB7E, 0xA42, 0xA7E, 0xB42, 0xC7E } },
    { 0x8E42, { 0x000, 0xF7C, 0x908, 0x9FE, 0xF32, 0x254, 0x2B0, 0xB10, 0xAFE, 0xA38, 0xB54, 0xC92 } },
    { 0x8E8D, { 0x000, 0xF76, 0x912, 0x976, 0xF12, 0x276, 0x228, 0xB7E, 0xAC8, 0xA7E, 0xB48, 0xC7E } },
    { 0x8E99, { 0x000, 0xEEE, 0xAAA, 0xAEE, 0xEAA, 0x2EE, 0x292, 0xBBE, 0xAEA, 0xABE, 0xBAA, 0xCBE } },
    { 0x8EAB, { 0x000, 0x080, 0x3F8, 0x208, 0x3F8, 0x208, 0x3FA, 0x20C, 0xFF8, 0x048, 0x188, 0xE38 } },
    { 0x8ECA, { 0x000, 0x040, 0xFFE, 0x040, 0x7FC, 0x444, 0x7FC, 0x444, 0x7FC, 0x040, 0xFFE, 0x040 } },
    { 0x8ECB, { 0x000, 0x220, 0xFA0, 0x220, 0xFA0, 0xAA0, 0xFA0, 0xAA0, 0xFA0, 0x222, 0xFA2, 0x21E } },
    { 0x8ECC, { 0x000, 0x220, 0xFA0, 0x220, 0xFF8, 0xAA8, 0xFA8, 0xAA8, 0xFA8, 0x22A, 0xFAA, 0x24E } },
    { 0x8ECD, { 0x000, 0xFFE, 0x842, 0x040, 0xFFE, 0x444, 0x7FC, 0x444, 0x7FC, 0x040, 0xFFE, 0x040 } },
    { 0x8EE2, { 0x000, 0x23C, 0xF80, 0x200, 0xF80, 0xAFE, 0xF90, 0xA90, 0xFA4, 0x224, 0xFCA, 0x272 } },
    { 0x8EFD, { 0x000, 0x23E, 0xFA2, 0x214, 0xF88, 0xA94, 0xFA2, 0xA88, 0xFBE, 0x208, 0xF88, 0x23E } },
    { 0x8F2A, { 0x000, 0x210, 0xFA8, 0x244, 0xFBA, 0xA80, 0xFFE, 0xAAA, 0xFAA, 0x2FE, 0xFAA, 0x2AA } },
    { 0x8FBC, { 0x000, 0x870, 0x410, 0x010, 0x010, 0xC28, 0x428, 0x444, 0x444, 0x482, 0xA00, 0x9FE } },
    { 0x8FC5, { 0x000, 0x9F8, 0x408, 0x048, 0x048, 0xDF8, 0x448, 0x44A, 0x44A, 0x444, 0xA00, 0x9FE } },
    { 0x8FD1, { 0x000, 0x80C, 0x4F0, 0x080, 0x080, 0xCFE, 0x488, 0x488, 0x488, 0x508, 0xA00, 0x9FE } },
    { 0x8FD4, { 0x000, 0x8FE, 0x480, 0x080, 0x0FE, 0xC82, 0x4C2, 0x4A4, 0x498, 0x566, 0xA00, 0x9FE } },
    { 0x8FFD, { 0x000, 0x820, 0x4FC, 0x084, 0x0FC, 0xC80, 0x4FC, 0x484, 0x484, 0x4FC, 0xA00, 0x9FE } },
    { 0x9000, { 0x000, 0x8FC, 0x484, 0x0FC, 0x084, 0xCFC, 0x4A2, 0x494, 0x4A8, 0x5C6, 0xA00, 0x9FE } },
    { 0x9003, { 0x000, 0x850, 0x554, 0x0D8, 0x050, 0xCD8, 0x554, 0x450, 0x492, 0x51E, 0xA00, 0x9FE } },
    { 0x9014, { 0x000, 0x838, 0x444, 0x182, 0x07C, 0xC10, 0x4FE, 0x410, 0x454, 0x4B2, 0xA00, 0x9FE } },
    { 0x9019, { 0x000, 0x878, 0x400, 0x1FE, 0x800, 0x4FC, 0x000, 0xCFC, 0x400, 0x4FC, 0xA84, 0x9FE } },
    { 0x901A, { 0x000, 0x8FC, 0x428, 0x010, 0x0FE, 0xC92, 0x4FE, 0x492, 0x4FE, 0x492, 0xA00, 0x9FE } },
    { 0x901F, { 0x000, 0x810, 0x5FE, 0x010, 0x0FE, 0xC92, 0x4FE, 0x438, 0x454, 0x592, 0xA10, 0x9FE } },
    { 0x9020, { 0x000, 0x890, 0x4FC, 0x110, 0x010, 0xDFE, 0x400, 0x4FC, 0x484, 0x4FC, 0xA00, 0x9FE } },
    { 0x9023, { 0x000, 0x810, 0x5FE, 0x010, 0x0FC, 0xC94, 0x4FC, 0x494, 0x5FE, 0x410, 0xA10, 0x9FE } },
    { 0x9032, { 0x000, 0x848, 0x450, 0x0FE, 0x190, 0xCFE, 0x490, 0x4FE, 0x490, 0x4FE, 0xA00, 0x9FE } },
    { 0x9045, { 0x000, 0x9FE, 0x502, 0x1FE, 0x128, 0xDFE, 0x510, 0x57C, 0x510, 0x5FE, 0xA10, 0x9FE } },
    { 0x904B, { 0x000, 0x9FE, 0x512, 0x0FC, 0x094, 0xCFC, 0x494, 0x4FC, 0x410, 0x5FE, 0xA10, 0x9FE } },
    { 0x9053, { 0x000, 0x848, 0x5FE, 0x020, 0x0FC, 0xC84, 0x4FC, 0x484, 0x484, 0x4FC, 0xA00, 0x9FE } },
    { 0x9054, { 0x000, 0x810, 0x47C, 0x010, 0x1FE, 0xC44, 0x4FE, 0x410, 0x4FE, 0x410, 0xA10, 0x9FE } },
    { 0x9055, { 0x000, 0x410, 0x2FE, 0x012, 0x8FE, 0x444, 0x07E, 0xE48, 0x2FE, 0x208, 0x500, 0x8FE } },
    { 0x9060, { 0x000, 0x810, 0x4FC, 0x010, 0x1FE, 0xC84, 0x4FC, 0x43A, 0x454, 0x492, 0xA10, 0x9FE } },
    { 0x9065, { 0x000, 0x4FE, 0x202, 0x0A4, 0x8FE, 0x410, 0x0FE, 0xE10, 0x252, 0x27E, 0x500, 0x8FE } },
    { 0x9078, { 0x000, 0x9DC, 0x444, 0x1DC, 0x132, 0xDEE, 0x448, 0x4FC, 0x448, 0x5FE, 0xA84, 0x9FE } },
    { 0x907A, { 0x000, 0x810, 0x47C, 0x054, 0x1FE, 0xC84, 0x4FC, 0x484, 0x4FC, 0x448, 0xA84, 0x9FE } },
    { 0x90AA, { 0x000, 0xFDE, 0x492, 0x492, 0x494, 0xFD4, 0x292, 0x292, 0x492, 0x49C, 0x890, 0x190 } },
    { 0x90E8, { 0x000, 0x11E, 0x7D2, 0x012, 0x454, 0x294, 0xFF2, 0x012, 0x7D2, 0x45C, 0x450, 0x7D0 } },
    { 0x90FD, { 0x000, 0x21E, 0xF52, 0x292, 0x314, 0xFD4, 0x212, 0x7D2, 0xC52, 0x7DC, 0x450, 0x7D0 } },
    { 0x914D, { 0x000, 0xFBE, 0x502, 0x502, 0xF82, 0xA82, 0xABE, 0xDA0, 0x8A0, 0xFA2, 0x8A2, 0xF9E } },
    { 0x916C, { 0x000, 0xFAA, 0x52A, 0x52A, 0xFBA, 0xAEE, 0xAAA, 0xDAA, 0x8AA, 0xFAA, 0x8AA, 0xFCA } },
    { 0x9177, { 0x000, 0xFA8, 0x53E, 0x548, 0xF88, 0xAFE, 0xA80, 0xDBE, 0x8A2, 0xFA2, 0x8A2, 0xFBE } },
    { 0x9178, { 0x000, 0xFA4, 0x544, 0x57E, 0xF94, 0xA94, 0xAE6, 0xD9C, 0x8E4, 0xFA4, 0x898, 0xFE6 } },
    { 0x91CD, { 0x000, 0x7FC, 0x040, 0xFFE, 0x444, 0x7FC, 0x444, 0x7FC, 0x040, 0x7FC, 0x040, 0xFFE } },
    { 0x91CE, { 0x000, 0xFBE, 0xA82, 0xF94, 0xA88, 0xAFE, 0xF8A, 0x20C, 0xF88, 0x208, 0x388, 0xC38 } },
    { 0x91D1, { 0x000, 0x040, 0x0A0, 0x318, 0xC06, 0x3F8, 0x040, 0x040, 0x7FC, 0x248, 0x150, 0xFFE } },
    { 0x91DD, { 0x000, 0x208, 0x508, 0x888, 0x708, 0x27E, 0xF88, 0x208, 0xA88, 0x708, 0x388, 0xC08 } },
    { 0x91E3, { 0x000, 0x240, 0x540, 0x87E, 0x742, 0x282, 0xF22, 0x212, 0xB12, 0x602, 0x302, 0xC0C } },
    { 0x920D, { 0x000, 0x216, 0x578, 0x810, 0x752, 0x252, 0xF52, 0x27E, 0xB10, 0x610, 0x312, 0xC0E } },
    { 0x9244, { 0x000, 0x250, 0x550, 0x87C, 0x790, 0x210, 0xF10, 0x2FE, 0xB10, 0x628, 0x344, 0xC82 } },
    { 0x9264, { 0x000, 0x240, 0x57E, 0x882, 0x702, 0x27A, 0xF4A, 0x24A, 0xB4A, 0x67A, 0x302, 0xC0C } },
    { 0x9298, { 0x000, 0x220, 0x53E, 0x842, 0x6A2, 0x214, 0xF08, 0x27E, 0xBC2, 0x642, 0x342, 0xC7E } },
    { 0x92AD, { 0x000, 0x214, 0x512, 0x81E, 0x770, 0x21E, 0xF70, 0x21E, 0xB72, 0x60C, 0x31A, 0xCE6 } },
    { 0x92ED, { 0x000, 0x244, 0x528, 0x87C, 0x744, 0x244, 0xF44, 0x27C, 0xB28, 0x62A, 0x34A, 0xC8E } },
    { 0x92FC, { 0x000, 0x2FE, 0x582, 0x8C6, 0x7AA, 0x2FE, 0xF92, 0x2D6, 0xBD6, 0x6FE, 0x382, 0xC86 } },
    { 0x9320, { 0x000, 0x210, 0x5FE, 0x882, 0x700, 0x2FE, 0xF10, 0x250, 0xB5E, 0x650, 0x3B0, 0xC8E } },
    { 0x932C, { 0x000, 0x210, 0x5FE, 0x810, 0x6FE, 0x292, 0xFFE, 0x292, 0xBFE, 0x638, 0x354, 0xC92 } },
    { 0x9332, { 0x000, 0x27C, 0x504, 0x87C, 0x704, 0x2FE, 0xF10, 0x292, 0xB54, 0x638, 0x354, 0xCB2 } },
    { 0x935B, { 0x000, 0x22E, 0x54A, 0x84A, 0x76A, 0x252, 0xF60, 0x25E, 0xB52, 0x6EA, 0x344, 0xC5A } },
    { 0x9375, { 0x000, 0x408, 0xBBE, 0x08A, 0xEFE, 0x50A, 0xFBE, 0x488, 0xEBE, 0xD88, 0x6C8, 0x93E } },
    { 0x938C, { 0x000, 0x244, 0x5FE, 0x828, 0x6FE, 0x22A, 0xFFE, 0x22A, 0xAFE, 0x628, 0x36C, 0xCAA } },
    { 0x9396, { 0x000, 0x252, 0x534, 0x87E, 0x742, 0x27E, 0xF42, 0x27E, 0xB42, 0x67E, 0x324, 0xC42 } },
    { 0x939A, { 0x000, 0x288, 0x55E, 0x812, 0x69E, 0x250, 0xF1E, 0x2D2, 0xB52, 0x65E, 0x3A0, 0xC9E } },
    { 0x93A7, { 0x000, 0x24A, 0x57E, 0x800, 0x77E, 0x200, 0xF7E, 0x242, 0xB7E, 0x622, 0x314, 0xC7E } },
    { 0x93AE, { 0x000, 0x210, 0x5FE, 0x810, 0x77C, 0x244, 0xF74, 0x25C, 0xB00, 0x6FE, 0x344, 0xC82 } },
    { 0x93E1, { 0x000, 0x210, 0x57C, 0x828, 0x6FE, 0x244, 0xF7C, 0x244, 0xB7C, 0x628, 0x34A, 0xC8E } },
    { 0x9418, { 0x000, 0x210, 0x57C, 0x828, 0x6FE, 0x254, 0xF7C, 0x254, 0xB54, 0x6FE, 0x310, 0xCFE } },
    { 0x9451, { 0x000, 0x3F8, 0x4A8, 0x8FE, 0xF90, 0x2F0, 0xFAE, 0x220, 0xAFE, 0xAAA, 0x2AA, 0xFFE } },
    { 0x9577, { 0x000, 0x3FC, 0x200, 0x3F8, 0x200, 0x3F8, 0x200, 0xFFE, 0x244, 0x228, 0x290, 0x70E } },
    { 0x9580, { 0x000, 0xFBE, 0x8A2, 0xFBE, 0x8A2, 0xFBE, 0x802, 0x802, 0x802, 0x802, 0x802, 0x80E } },
    { 0x9589, { 0x000, 0xFBE, 0x8A2, 0xFBE, 0x8A2, 0xFBE, 0x802, 0x822, 0xBFA, 0x8A2, 0x922, 0xA6E } },
    { 0x958B, { 0x000, 0xFBE, 0x8A2, 0xFBE, 0x8A2, 0xFBE, 0x802, 0xBFA, 0x912, 0xBFA, 0x912, 0xA16 } },
    { 0x9593, { 0x000, 0xFBE, 0x8A2, 0xFBE, 0x8A2, 0xFBE, 0x802, 0x9F2, 0x912, 0x9F2, 0x912, 0x9F6 } },
    { 0x95A2, { 0x000, 0xFBE, 0x8A2, 0xFBE, 0x8A2, 0xFBE, 0x912, 0xBFA, 0x842, 0xBFA, 0x8A2, 0xB1A } },
    { 0x95C7, { 0x000, 0xFBE, 0x8A2, 0xFBE, 0x842, 0xBFA, 0x8A2, 0xBFA, 0x912, 0x9F2, 0x912, 0x9F6 } },
    { 0x95D8, { 0x000, 0xFBE, 0x8A2, 0xFBE, 0x8A2, 0xFBE, 0x802, 0xBCA, 0xA7E, 0xBCA, 0x92A, 0xBDA } },
    { 0x9632, { 0x000, 0xE20, 0xA20, 0xBFE, 0xA40, 0xC40, 0xA7C, 0xA44, 0xA44, 0xE84, 0x884, 0x918 } },
    { 0x963B, { 0x000, 0xEFC, 0xA84, 0xA84, 0xAFC, 0xC84, 0xA84, 0xAFC, 0xA84, 0xE84, 0x884, 0x9FE } },
    { 0x964D, { 0x000, 0xE20, 0xA3C, 0xAC4, 0xA38, 0xDC6, 0xA10, 0xAFE, 0xA90, 0xE90, 0x9FE, 0x810 } },
    { 0x9650, { 0x000, 0xEFC, 0xA84, 0xAFC, 0xA84, 0xC84, 0xAFC, 0xA92, 0xA94, 0xE88, 0x8A4, 0x9C2 } },
    { 0x9664, { 0x000, 0xE38, 0xA44, 0xB82, 0xA7C, 0xC10, 0xA10, 0xAFE, 0xA10, 0xE94, 0x912, 0x830 } },
    { 0x9670, { 0x000, 0xE38, 0xA44, 0xABA, 0xA00, 0xC7C, 0xA08, 0xA7C, 0xA00, 0xEFE, 0x844, 0x8FA } },
    { 0x968E, { 0x000, 0xE88, 0xAEA, 0xA8C, 0xAAA, 0xDCE, 0xA10, 0xAFE, 0xA82, 0xEFE, 0x882, 0x8FE } },
    { 0x9695, { 0x000, 0xE7C, 0xA44, 0xA7C, 0xA00, 0xCFE, 0xA82, 0xAFE, 0xA82, 0xEFE, 0x844, 0x882 } },
    { 0x96A3, { 0x000, 0xE92, 0xA54, 0xAFE, 0xA54, 0xC92, 0xA44, 0xA7E, 0xA94, 0xE54, 0x82E, 0x9C4 } },
    { 0x96C4, { 0x000, 0x424, 0x428, 0xF7E, 0x4C8, 0x57E, 0x548, 0x548, 0xA7E, 0xAC8, 0xAC8, 0x37E } },
    { 0x96C6, { 0x000, 0x240, 0x7FC, 0xC40, 0x7FC, 0x440, 0x7FC, 0x040, 0xFFE, 0x150, 0x248, 0xC46 } },
    { 0x96E2, { 0x000, 0x212, 0xF94, 0x53E, 0xAE4, 0xDBE, 0xFA4, 0x224, 0xFBE, 0xAA4, 0xFA4, 0x8BE } },
    { 0x96E8, { 0x000, 0xFFE, 0x040, 0x040, 0xFFE, 0x842, 0xA52, 0x94A, 0x842, 0xA52, 0x94A, 0x842 } },
    { 0x96F7, { 0x000, 0x7FC, 0x040, 0xFFE, 0x842, 0xB5A, 0x000, 0x7FC, 0x444, 0x7FC, 0x444, 0x7FC } },
    { 0x96F9, { 0x000, 0x7FC, 0x040, 0xFFE, 0x842, 0xB5A, 0x000, 0x3FC, 0x624, 0xBEC, 0x202, 0x1FE } },
    { 0x96FB, { 0x000, 0x7FC, 0x040, 0xFFE, 0x952, 0x7FC, 0x444, 0x7FC, 0x444, 0x7FC, 0x042, 0x03E } },
    { 0x9707, { 0x000, 0x7FC, 0x040, 0xFFE, 0xB5A, 0x040, 0x7FE, 0x400, 0x7FE, 0x514, 0x548, 0xB86 } },
    { 0x970A, { 0x000, 0x7FC, 0x040, 0xFFE, 0xB5A, 0x040, 0x3F8, 0x000, 0xFFE, 0x4A4, 0x2A8, 0xFFE } },
    { 0x9732, { 0x000, 0x7FC, 0x040, 0xFFE, 0xA4A, 0xF7C, 0x9C4, 0xF38, 0x2C6, 0xB7C, 0xA44, 0xF7C } },
    { 0x9752, { 0x000, 0x040, 0x7FC, 0x040, 0x7FC, 0x040, 0xFFE, 0x208, 0x3F8, 0x208, 0x3F8, 0x208 } },
    { 0x9759, { 0x000, 0x210, 0xF9C, 0x224, 0xFBE, 0x20A, 0xFFE, 0x48A, 0x7BE, 0x488, 0x788, 0x498 } },
    { 0x975E, { 0x000, 0x110, 0x110, 0xF1E, 0x110, 0x110, 0xF1E, 0x110, 0x190, 0xF1E, 0x210, 0x410 } },
    { 0x9762, { 0x000, 0xFFE, 0x040, 0x080, 0xFFE, 0x912, 0x9F2, 0x912, 0x912, 0x9F2, 0x912, 0xFFE } },
    { 0x9769, { 0x000, 0x110, 0xFFE, 0x110, 0x1F0, 0x040, 0x7FC, 0x444, 0x7FC, 0x040, 0xFFE, 0x040 } },
    { 0x976D, { 0x000, 0x57E, 0xF92, 0x512, 0x752, 0x232, 0xF9A, 0xA92, 0xFA2, 0x222, 0xF84, 0x218 } },
    { 0x9774, { 0x000, 0x528, 0xFA8, 0x528, 0x76A, 0x22C, 0xFA8, 0xAA8, 0xFA8, 0x22A, 0xFAA, 0x22E } },
    { 0x97F3, { 0x000, 0x040, 0x7FC, 0x208, 0x110, 0xFFE, 0x000, 0x3F8, 0x208, 0x3F8, 0x208, 0x3F8 } },
    { 0x9802, { 0x000, 0xEFE, 0x410, 0x4FE, 0x482, 0x4FE, 0x482, 0x4FE, 0x482, 0x4FE, 0x444, 0xC82 } },
    { 0x9811, { 0x000, 0x73E, 0x008, 0x03E, 0xFA2, 0x53E, 0x522, 0x53E, 0x522, 0x5BE, 0x514, 0x822 } },
    { 0x9818, { 0x000, 0x23E, 0x208, 0x53E, 0x8A2, 0x77E, 0x022, 0xFBE, 0x4A2, 0x4BE, 0x594, 0x422 } },
    { 0x982D, { 0x000, 0xFBE, 0x008, 0xFBE, 0x8A2, 0x8BE, 0xFA2, 0x03E, 0x922, 0x53E, 0x594, 0xE22 } },
    { 0x983C, { 0x000, 0x23E, 0xFC8, 0x23E, 0xFA2, 0xABE, 0xAA2, 0xFBE, 0x222, 0x73E, 0xAD4, 0x222 } },
    { 0x984D, { 0x000, 0x13E, 0xFC8, 0xA7E, 0x3A2, 0xCBE, 0x322, 0xCFE, 0x7A2, 0x4BE, 0x494, 0x7A2 } },
    { 0x9854, { 0x000, 0x23E, 0xF88, 0x53E, 0x222, 0xFBE, 0x8A2, 0xB3E, 0x8A2, 0xB3E, 0x894, 0xB22 } },
    { 0x9858, { 0x000, 0xFBE, 0x908, 0xBBE, 0xAA2, 0xBBE, 0xAA2, 0xBBE, 0x922, 0xBBE, 0xD54, 0xB22 } },
    { 0x98A8, { 0x000, 0x7FC, 0x434, 0x5C4, 0x444, 0x5F4, 0x554, 0x554, 0x5F4, 0x444, 0x456, 0xBEA } },
    { 0x98DB, { 0x000, 0xFF4, 0x018, 0x294, 0xC92, 0x48E, 0x480, 0xFF4, 0x498, 0x494, 0x492, 0x88E } },
    { 0x98DF, { 0x000, 0x0E0, 0x318, 0xC46, 0x3F8, 0x208, 0x3F8, 0x208, 0x3FA, 0x224, 0x298, 0x706 } },
    { 0x98E2, { 0x000, 0x678, 0x948, 0x248, 0xF48, 0x948, 0xF48, 0x948, 0xF48, 0x84A, 0xA8A, 0xD0E } },
    { 0x990C, { 0x000, 0x6FE, 0x944, 0x27C, 0xF44, 0x944, 0xF7C, 0x944, 0xF44, 0x85E, 0xEE4, 0x804 } },
    { 0x9957, { 0x000, 0x4EE, 0xAAA, 0x4EC, 0xAAA, 0xEDE, 0x248, 0x7FC, 0xA0A, 0x3F8, 0x224, 0xF9E } },
    { 0x99C6, { 0x000, 0xF7E, 0xA40, 0xF64, 0xA54, 0xF54, 0xA48, 0xF48, 0x154, 0x564, 0x940, 0xB7E } },
    { 0x9A13, { 0x000, 0xF10, 0xA28, 0xF44, 0xABA, 0xF10, 0xAFE, 0xF92, 0x1FE, 0x510, 0x928, 0xBC6 } },
    { 0x9AA8, { 0x000, 0x3F8, 0x208, 0x278, 0x248, 0xFFE, 0xA0A, 0x3F8, 0x208, 0x3F8, 0x208, 0x218 } },
    { 0x9AB8, { 0x000, 0x708, 0x57E, 0x520, 0xFC4, 0x8A8, 0x710, 0x522, 0x744, 0x508, 0x714, 0x562 } },
    { 0x9AC4, { 0x000, 0x708, 0x5BE, 0x548, 0xF9E, 0x8B2, 0x75E, 0x552, 0x75E, 0x552, 0x740, 0x5BE } },
    { 0x9ACF, { 0x000, 0x710, 0x57C, 0x554, 0xFFE, 0x8D4, 0x77E, 0x552, 0x7FE, 0x524, 0x738, 0x5C6 } },
    { 0x9AD1, { 0x000, 0x77E, 0x552, 0x57E, 0xFA0, 0x8BE, 0x752, 0x57E, 0x756, 0x57E, 0x716, 0x57A } },
    { 0x9AD8, { 0x000, 0x040, 0xFFE, 0x208, 0x3F8, 0x000, 0xFFE, 0x802, 0x9F2, 0x912, 0x9F2, 0x806 } },
    { 0x9AEA, { 0x000, 0x7C6, 0x418, 0xFC6, 0x498, 0xF46, 0x098, 0xFFE, 0x104, 0x288, 0x470, 0xB8E } },
    { 0x9B3C, { 0x000, 0x080, 0x7FC, 0x444, 0x7FC, 0x444, 0x7FC, 0x0A8, 0x0B4, 0x13C, 0x222, 0xC3E } },
    { 0x9B42, { 0x000, 0x040, 0xEFC, 0x0A4, 0x0FC, 0xFA4, 0x4FC, 0x428, 0x954, 0xB5C, 0xD52, 0x09E } },
    { 0x9B54, { 0x000, 0x020, 0x7FE, 0x488, 0x7FE, 0x5DC, 0x6AA, 0x5FC, 0x524, 0x5FC, 0x452, 0xB9E } },
    { 0x9C57, { 0x000, 0x44A, 0x72C, 0x97E, 0xFAC, 0xACA, 0xFA4, 0xABE, 0xFD4, 0x034, 0xAAE, 0xAC4 } },
    { 0x9CE5, { 0x000, 0x080, 0x3F8, 0x208, 0x3F8, 0x208, 0x3FE, 0x200, 0x3FE, 0x002, 0x552, 0x956 } },
    { 0x9CF4, { 0x000, 0x020, 0xEFC, 0xA84, 0xAFC, 0xA84, 0xAFE, 0xA80, 0xAFE, 0xE02, 0x0AA, 0x0AC } },
    { 0x9DF2, { 0x000, 0x114, 0xFD2, 0x4BE, 0x790, 0xAAA, 0x64E, 0x3F8, 0x208, 0x3FE, 0x402, 0x956 } },
    { 0x9DF9, { 0x000, 0x020, 0x7FE, 0x4A8, 0x57E, 0x748, 0x57E, 0x484, 0x4FC, 0x484, 0x4FE, 0xB52 } },
    { 0x9EC4, { 0x000, 0x110, 0x7FC, 0x110, 0xFFE, 0x040, 0x7FC, 0x444, 0x7FC, 0x444, 0x7FC, 0xC06 } },
    { 0x9ED2, { 0x000, 0x7FC, 0x444, 0x7FC, 0x444, 0x7FC, 0x040, 0x7FC, 0x040, 0xFFE, 0x524, 0x892 } },
    { 0x9ED9, { 0x000, 0xFCA, 0x94A, 0xFC8, 0x97E, 0xFC8, 0x108, 0xFD4, 0x114, 0xFE2, 0x524, 0x892 } },
    { 0x9F13, { 0x000, 0x208, 0xFC8, 0x23E, 0xF88, 0x008, 0xFBE, 0x8A2, 0xFA2, 0x514, 0x588, 0xE76 } },
    { 0xFF01, { 0x000, 0x000, 0x040, 0x0E0, 0x0E0, 0x0E0, 0x040, 0x040, 0x040, 0x000, 0x040, 0x000 } },
    { 0xFF08, { 0x000, 0x004, 0x008, 0x008, 0x010, 0x010, 0x010, 0x010, 0x010, 0x008, 0x008, 0x004 } },
    { 0xFF09, { 0x000, 0x400, 0x200, 0x200, 0x100, 0x100, 0x100, 0x100, 0x100, 0x200, 0x200, 0x400 } },
    { 0xFF1A, { 0x000, 0x000, 0x000, 0x060, 0x060, 0x000, 0x000, 0x000, 0x000, 0x060, 0x060, 0x000 } },
    { 0xFF1F, { 0x000, 0x000, 0x0E0, 0x110, 0x110, 0x010, 0x020, 0x040, 0x040, 0x000, 0x040, 0x000 } },
};

static const CjkGlyphHD hd_ko[] = {
    { 0xAC00, { 0x000, 0xFC4, 0x044, 0x044, 0x044, 0x044, 0x086, 0x084, 0x104, 0x204, 0xC04, 0x004 } },
    { 0xAC01, { 0x000, 0xFC4, 0x044, 0x046, 0x084, 0x104, 0xE04, 0x000, 0x7FC, 0x004, 0x004, 0x004 } },
    { 0xAC04, { 0x000, 0xFC4, 0x044, 0x044, 0x086, 0x104, 0xE04, 0x004, 0x404, 0x400, 0x400, 0x7FC } },
    { 0xAC08, { 0x000, 0xFC4, 0x044, 0x046, 0x084, 0xF04, 0x000, 0x7FC, 0x004, 0x7FC, 0x400, 0x7FC } },
    { 0xAC10, { 0x000, 0xFC4, 0x044, 0x046, 0x084, 0x104, 0xE04, 0x000, 0x7FC, 0x404, 0x404, 0x7FC } },
    { 0xAC11, { 0x000, 0xFC4, 0x044, 0x046, 0x084, 0x104, 0xE04, 0x000, 0x404, 0x7FC, 0x404, 0x7FC } },
    { 0xAC12, { 0x000, 0xFC4, 0x044, 0x046, 0x084, 0x104, 0xE04, 0x000, 0x490, 0x790, 0x4A8, 0x7C4 } },
    { 0xAC14, { 0x000, 0xFC4, 0x044, 0x046, 0x084, 0x104, 0xE04, 0x004, 0x110, 0x110, 0x2A8, 0x444 } },
    { 0xAC15, { 0x000, 0xFC4, 0x044, 0x046, 0x084, 0x104, 0xE04, 0x000, 0x3F8, 0x404, 0x404, 0x3F8 } },
    { 0xAC19, { 0x000, 0xFC4, 0x044, 0x046, 0x084, 0xF04, 0x000, 0x7FC, 0x400, 0x7FC, 0x400, 0x7FC } },
    { 0xAC1B, { 0x000, 0xFC4, 0x044, 0x046, 0x084, 0x104, 0xE04, 0x040, 0x7FC, 0x1F0, 0x208, 0x1F0 } },
    { 0xAC1C, { 0x000, 0xFD4, 0x054, 0x054, 0x054, 0x054, 0x09C, 0x094, 0x114, 0x214, 0xC14, 0x014 } },
    { 0xAC20, { 0x000, 0xFD4, 0x054, 0x054, 0x09C, 0x114, 0xE14, 0x014, 0x414, 0x400, 0x400, 0x7FC } },
    { 0xAC70, { 0x000, 0xFC4, 0x044, 0x044, 0x044, 0x05C, 0x084, 0x084, 0x104, 0x204, 0xC04, 0x004 } },
    { 0xAC71, { 0x000, 0xFC4, 0x044, 0x05C, 0x084, 0x104, 0xE04, 0x000, 0x7FC, 0x004, 0x004, 0x004 } },
    { 0xAC74, { 0x000, 0xFC4, 0x044, 0x044, 0x09C, 0x104, 0xE04, 0x004, 0x404, 0x400, 0x400, 0x7FC } },
    { 0xAC77, { 0x000, 0xFC4, 0x044, 0x05C, 0x084, 0x104, 0xE04, 0x000, 0x7FC, 0x400, 0x400, 0x7FC } },
    { 0xAC78, { 0x000, 0xFC4, 0x044, 0x05C, 0x084, 0xF04, 0x000, 0x7FC, 0x004, 0x7FC, 0x400, 0x7FC } },
    { 0xAC80, { 0x000, 0xFC4, 0x044, 0x05C, 0x084, 0x104, 0xE04, 0x000, 0x7FC, 0x404, 0x404, 0x7FC } },
    { 0xAC83, { 0x000, 0xFC4, 0x044, 0x044, 0x09C, 0x104, 0xE04, 0x004, 0x044, 0x040, 0x1B0, 0x60C } },
    { 0xAC8C, { 0x000, 0xF94, 0x094, 0x094, 0x094, 0x0F4, 0x094, 0x114, 0x114, 0x214, 0xC14, 0x014 } },
    { 0xACA0, { 0x000, 0xF94, 0x094, 0x0F4, 0x114, 0x214, 0xC14, 0x000, 0x110, 0x110, 0x2A8, 0x444 } },
    { 0xACA8, { 0x000, 0xFC4, 0x044, 0x044, 0x05C, 0x044, 0x084, 0x09C, 0x104, 0x204, 0xC04, 0x004 } },
    { 0xACA9, { 0x000, 0xFC4, 0x05C, 0x044, 0x09C, 0x104, 0xE04, 0x000, 0x7FC, 0x004, 0x004, 0x004 } },
    { 0xACAC, { 0x000, 0xFC4, 0x044, 0x05C, 0x084, 0x11C, 0xE04, 0x004, 0x404, 0x400, 0x400, 0x7FC } },
    { 0xACB0, { 0x000, 0xFC4, 0x05C, 0x044, 0x09C, 0xF04, 0x000, 0x7FC, 0x004, 0x7FC, 0x400, 0x7FC } },
    { 0xACBD, { 0x000, 0xFC4, 0x05C, 0x044, 0x09C, 0x104, 0xE04, 0x000, 0x3F8, 0x404, 0x404, 0x3F8 } },
    { 0xACC1, { 0x000, 0xFC4, 0x05C, 0x044, 0x09C, 0xF04, 0x000, 0x7FC, 0x400, 0x7FC, 0x400, 0x7FC } },
    { 0xACC4, { 0x000, 0xF94, 0x094, 0x094, 0x0F4, 0x094, 0x094, 0x174, 0x114, 0x214, 0xC14, 0x014 } },
    { 0xACE0, { 0x000, 0x7FC, 0x004, 0x004, 0x004, 0x004, 0x044, 0x044, 0x048, 0x040, 0xFFE, 0x000 } },
    { 0xACE8, { 0x000, 0x7FC, 0x004, 0x044, 0x044, 0xFFE, 0x000, 0x7FC, 0x004, 0x7FC, 0x400, 0x7FC } },
    { 0xACEA, { 0x000, 0x7FC, 0x004, 0x044, 0x044, 0xFFE, 0x000, 0x7BC, 0x0A4, 0x7A4, 0x424, 0x7BC } },
    { 0xACF0, { 0x000, 0x7FC, 0x004, 0x044, 0x044, 0x040, 0xFFE, 0x000, 0x7FC, 0x404, 0x404, 0x7FC } },
    { 0xACF3, { 0x000, 0x7FC, 0x004, 0x044, 0x044, 0x040, 0xFFE, 0x000, 0x040, 0x040, 0x1B0, 0x60C } },
    { 0xACF5, { 0x000, 0x7FC, 0x004, 0x044, 0x044, 0x040, 0xFFE, 0x000, 0x3F8, 0x404, 0x404, 0x3F8 } },
    { 0xACFC, { 0x000, 0xFC4, 0x044, 0x044, 0x044, 0x244, 0x246, 0x204, 0x204, 0xFF4, 0x004, 0x004 } },
    { 0xAD00, { 0x000, 0x7E4, 0x024, 0x024, 0x126, 0x104, 0xFF4, 0x004, 0x404, 0x400, 0x400, 0x7FC } },
    { 0xAD11, { 0x000, 0x7E4, 0x024, 0x026, 0x124, 0x104, 0xFF4, 0x000, 0x3F8, 0x404, 0x404, 0x3F8 } },
    { 0xAD34, { 0x000, 0xFC4, 0x044, 0x044, 0x044, 0x244, 0x244, 0x204, 0x204, 0xFF4, 0x004, 0x004 } },
    { 0xAD50, { 0x000, 0x7FC, 0x004, 0x004, 0x004, 0x004, 0x124, 0x124, 0x128, 0x120, 0xFFE, 0x000 } },
    { 0xAD6C, { 0x000, 0x7FC, 0x004, 0x004, 0x004, 0x008, 0xFFE, 0x040, 0x040, 0x040, 0x040, 0x040 } },
    { 0xAD6D, { 0x000, 0x7FC, 0x004, 0x004, 0x004, 0xFFE, 0x040, 0x040, 0x7FC, 0x004, 0x004, 0x004 } },
    { 0xAD70, { 0x000, 0x7FC, 0x004, 0x004, 0x004, 0xFFE, 0x040, 0x040, 0x440, 0x400, 0x400, 0x7FC } },
    { 0xAD74, { 0x000, 0x7FC, 0x004, 0x004, 0x004, 0xFFE, 0x040, 0x7FC, 0x004, 0x7FC, 0x400, 0x7FC } },
    { 0xAD76, { 0x000, 0x7FC, 0x004, 0x004, 0x004, 0xFFE, 0x040, 0x7BC, 0x0A4, 0x7A4, 0x424, 0x7BC } },
    { 0xAD81, { 0x000, 0x7FC, 0x004, 0x004, 0x004, 0xFFE, 0x040, 0x040, 0x3F8, 0x404, 0x404, 0x3F8 } },
    { 0xAD8C, { 0x000, 0x7E4, 0x024, 0x024, 0x024, 0xFF4, 0x084, 0x09C, 0x484, 0x400, 0x400, 0x7FC } },
    { 0xADA4, { 0x000, 0xF94, 0x094, 0x094, 0x094, 0x014, 0xFD4, 0x214, 0x274, 0x214, 0x214, 0x214 } },
    { 0xADC0, { 0x000, 0x7E4, 0x024, 0x024, 0x024, 0x004, 0xFF4, 0x084, 0x084, 0x084, 0x084, 0x084 } },
    { 0xADDC, { 0x000, 0x7FC, 0x004, 0x004, 0x004, 0x004, 0xFFE, 0x110, 0x110, 0x110, 0x110, 0x110 } },
    { 0xADE0, { 0x000, 0x7FC, 0x004, 0x004, 0x004, 0xFFE, 0x110, 0x110, 0x510, 0x400, 0x400, 0x7FC } },
    { 0xADF8, { 0x000, 0x7FC, 0x004, 0x004, 0x004, 0x004, 0x004, 0x008, 0x008, 0x000, 0xFFE, 0x000 } },
    { 0xADF9, { 0x000, 0x7FC, 0x004, 0x004, 0x004, 0x000, 0xFFE, 0x000, 0x7FC, 0x004, 0x004, 0x004 } },
    { 0xADFC, { 0x000, 0x7FC, 0x004, 0x004, 0x004, 0x000, 0xFFE, 0x000, 0x400, 0x400, 0x400, 0x7FC } },
    { 0xAE00, { 0x000, 0x7FC, 0x004, 0x004, 0x004, 0xFFE, 0x000, 0x7FC, 0x004, 0x7FC, 0x400, 0x7FC } },
    { 0xAE01, { 0x000, 0x7FC, 0x004, 0x004, 0x004, 0xFFE, 0x000, 0x7BC, 0x084, 0x784, 0x404, 0x784 } },
    { 0xAE08, { 0x000, 0x7FC, 0x004, 0x004, 0x004, 0x000, 0xFFE, 0x000, 0x7FC, 0x404, 0x404, 0x7FC } },
    { 0xAE09, { 0x000, 0x7FC, 0x004, 0x004, 0x004, 0x000, 0xFFE, 0x000, 0x404, 0x7FC, 0x404, 0x7FC } },
    { 0xAE30, { 0x000, 0xFC4, 0x044, 0x044, 0x044, 0x044, 0x084, 0x084, 0x104, 0x204, 0xC04, 0x004 } },
    { 0xAE34, { 0x000, 0xFC4, 0x044, 0x044, 0x084, 0x104, 0xE04, 0x004, 0x404, 0x400, 0x400, 0x7FC } },
    { 0xAE38, { 0x000, 0xFC4, 0x044, 0x044, 0x084, 0xF04, 0x000, 0x7FC, 0x004, 0x7FC, 0x400, 0x7FC } },
    { 0xAE40, { 0x000, 0xFC4, 0x044, 0x044, 0x084, 0x104, 0xE04, 0x000, 0x7FC, 0x404, 0x404, 0x7FC } },
    { 0xAE43, { 0x000, 0xFC4, 0x044, 0x044, 0x084, 0x104, 0xE04, 0x004, 0x044, 0x040, 0x1B0, 0x60C } },
    { 0xAE45, { 0x000, 0xFC4, 0x044, 0x044, 0x084, 0x104, 0xE04, 0x000, 0x3F8, 0x404, 0x404, 0x3F8 } },
    { 0xAE4A, { 0x000, 0xFC4, 0x044, 0x044, 0x084, 0x104, 0xE04, 0x000, 0x7FC, 0x110, 0x110, 0x7FC } },
    { 0xAE4C, { 0x000, 0xFE4, 0x224, 0x224, 0x224, 0x224, 0x226, 0x444, 0x444, 0x444, 0x884, 0x004 } },
    { 0xAE4E, { 0x000, 0xFE4, 0x224, 0x226, 0x444, 0x444, 0x884, 0x000, 0x7FC, 0x044, 0x044, 0x044 } },
    { 0xAE50, { 0x000, 0xFE4, 0x224, 0x224, 0x446, 0x444, 0x884, 0x004, 0x404, 0x400, 0x400, 0x7FC } },
    { 0xAE54, { 0x000, 0xFE4, 0x224, 0x226, 0x444, 0x884, 0x000, 0x7FC, 0x004, 0x7FC, 0x400, 0x7FC } },
    { 0xAE5C, { 0x000, 0xFE4, 0x224, 0x226, 0x444, 0x444, 0x884, 0x000, 0x7FC, 0x404, 0x404, 0x7FC } },
    { 0xAE68, { 0x000, 0xFD4, 0x254, 0x254, 0x254, 0x254, 0x25C, 0x494, 0x494, 0x494, 0x914, 0x014 } },
    { 0xAE6C, { 0x000, 0xFD4, 0x254, 0x254, 0x49C, 0x494, 0x914, 0x014, 0x414, 0x400, 0x400, 0x7FC } },
    { 0xAEBC, { 0x000, 0xFE4, 0x224, 0x224, 0x224, 0x23C, 0x224, 0x444, 0x444, 0x444, 0x884, 0x004 } },
    { 0xAECD, { 0x000, 0xFE4, 0x224, 0x23C, 0x444, 0x444, 0x884, 0x000, 0x404, 0x7FC, 0x404, 0x7FC } },
    { 0xAED8, { 0x000, 0xFD4, 0x254, 0x254, 0x254, 0x274, 0x254, 0x494, 0x494, 0x494, 0x914, 0x014 } },
    { 0xAEF4, { 0x000, 0xFE4, 0x224, 0x224, 0x23C, 0x224, 0x224, 0x45C, 0x444, 0x444, 0x884, 0x004 } },
    { 0xAF2C, { 0x000, 0x7BC, 0x084, 0x084, 0x084, 0x084, 0x084, 0x148, 0x040, 0x040, 0xFFE, 0x000 } },
    { 0xAF34, { 0x000, 0x7BC, 0x084, 0x0C4, 0x040, 0xFFE, 0x000, 0x7FC, 0x004, 0x7FC, 0x400, 0x7FC } },
    { 0xAF43, { 0x000, 0x7BC, 0x084, 0x084, 0x0C4, 0x040, 0xFFE, 0x000, 0x040, 0x7FC, 0x1B0, 0x60C } },
    { 0xAFBC, { 0x000, 0x7BC, 0x084, 0x084, 0x084, 0xFFE, 0x040, 0x040, 0x440, 0x400, 0x400, 0x7FC } },
    { 0xAFC0, { 0x000, 0x7BC, 0x084, 0x084, 0x084, 0xFFE, 0x040, 0x7FC, 0x004, 0x7FC, 0x400, 0x7FC } },
    { 0xAFC7, { 0x000, 0x7BC, 0x084, 0x084, 0x084, 0xFFE, 0x040, 0x790, 0x0FC, 0x7B8, 0x444, 0x7B8 } },
    { 0xAFF0, { 0x000, 0xFD4, 0x254, 0x254, 0x254, 0x254, 0xFF4, 0x114, 0x174, 0x114, 0x114, 0x114 } },
    { 0xB04C, { 0x000, 0x7BC, 0x084, 0x084, 0x084, 0xFFE, 0x000, 0x7FC, 0x004, 0x7FC, 0x400, 0x7FC } },
    { 0xB054, { 0x000, 0x7BC, 0x084, 0x084, 0x084, 0x000, 0xFFE, 0x000, 0x7FC, 0x404, 0x404, 0x7FC } },
    { 0xB05D, { 0x000, 0x7BC, 0x084, 0x084, 0x084, 0xFFE, 0x000, 0x7FC, 0x400, 0x7FC, 0x400, 0x7FC } },
    { 0xB07C, { 0x000, 0xFE4, 0x224, 0x224, 0x224, 0x224, 0x224, 0x444, 0x444, 0x444, 0x884, 0x004 } },
    { 0xB098, { 0x000, 0x804, 0x804, 0x804, 0x804, 0x804, 0x806, 0x804, 0x804, 0x804, 0xFE4, 0x004 } },
    { 0xB099, { 0x000, 0x804, 0x804, 0x806, 0x804, 0x804, 0xFE4, 0x000, 0x7FC, 0x004, 0x004, 0x004 } },
    { 0xB09C, { 0x000, 0x804, 0x804, 0x804, 0x806, 0x804, 0xFE4, 0x004, 0x404, 0x400, 0x400, 0x7FC } },
    { 0xB0A0, { 0x000, 0x804, 0x804, 0x806, 0x804, 0xFE4, 0x000, 0x7FC, 0x004, 0x7FC, 0x400, 0x7FC } },
    { 0xB0A8, { 0x000, 0x804, 0x804, 0x806, 0x804, 0x804, 0xFE4, 0x000, 0x7FC, 0x404, 0x404, 0x7FC } },
    { 0xB0A9, { 0x000, 0x804, 0x804, 0x806, 0x804, 0x804, 0xFE4, 0x000, 0x404, 0x7FC, 0x404, 0x7FC } },
    { 0xB0AB, { 0x000, 0x804, 0x804, 0x804, 0x806, 0x804, 0xFE4, 0x004, 0x044, 0x040, 0x1B0, 0x60C } },
    { 0xB0AC, { 0x000, 0x804, 0x804, 0x806, 0x804, 0x804, 0xFE4, 0x004, 0x110, 0x110, 0x2A8, 0x444 } },
    { 0xB0AE, { 0x000, 0x804, 0x804, 0x806, 0x804, 0x804, 0xFE4, 0x000, 0x7FC, 0x040, 0x1B0, 0x60C } },
    { 0xB0AF, { 0x000, 0x804, 0x804, 0x804, 0x806, 0x804, 0xFE4, 0x004, 0x040, 0x7FC, 0x1B0, 0x60C } },
    { 0xB0B4, { 0x000, 0x814, 0x814, 0x814, 0x814, 0x814, 0x81C, 0x814, 0x814, 0x814, 0xFD4, 0x014 } },
    { 0xB0C4, { 0x000, 0x814, 0x814, 0x81C, 0x814, 0x814, 0xFD4, 0x000, 0x7FC, 0x404, 0x404, 0x7FC } },
    { 0xB0C9, { 0x000, 0x814, 0x814, 0x81C, 0x814, 0x814, 0xFD4, 0x000, 0x3F8, 0x404, 0x404, 0x3F8 } },
    { 0xB0E5, { 0x000, 0x804, 0x806, 0x804, 0x806, 0x804, 0xFE4, 0x000, 0x3F8, 0x404, 0x404, 0x3F8 } },
    { 0xB108, { 0x000, 0x804, 0x804, 0x804, 0x804, 0x87C, 0x804, 0x804, 0x804, 0x804, 0xFE4, 0x004 } },
    { 0xB113, { 0x000, 0x804, 0x804, 0x87C, 0x804, 0xFE4, 0x000, 0x7A4, 0x0A4, 0x7BC, 0x424, 0x7BC } },
    { 0xB118, { 0x000, 0x804, 0x804, 0x87C, 0x804, 0x804, 0xFE4, 0x000, 0x7FC, 0x404, 0x404, 0x7FC } },
    { 0xB123, { 0x000, 0x804, 0x804, 0x87C, 0x804, 0x804, 0xFE4, 0x040, 0x7FC, 0x1F0, 0x208, 0x1F0 } },
    { 0xB124, { 0x000, 0x814, 0x814, 0x814, 0x814, 0x8F4, 0x814, 0x814, 0x814, 0x814, 0xFD4, 0x014 } },
    { 0xB137, { 0x000, 0x814, 0x814, 0x8F4, 0x814, 0x814, 0xF94, 0x014, 0x054, 0x040, 0x1B0, 0x60C } },
    { 0xB140, { 0x000, 0x804, 0x804, 0x804, 0x87C, 0x804, 0x804, 0x87C, 0x804, 0x804, 0xFE4, 0x004 } },
    { 0xB144, { 0x000, 0x804, 0x83C, 0x804, 0x83C, 0x804, 0xFE4, 0x004, 0x404, 0x400, 0x400, 0x7FC } },
    { 0xB150, { 0x000, 0x804, 0x83C, 0x804, 0x83C, 0x804, 0xFE4, 0x000, 0x7FC, 0x404, 0x404, 0x7FC } },
    { 0xB178, { 0x000, 0x400, 0x400, 0x400, 0x400, 0x400, 0x400, 0x7FC, 0x040, 0x040, 0xFFE, 0x000 } },
    { 0xB179, { 0x000, 0x400, 0x400, 0x400, 0x7FC, 0x040, 0xFFE, 0x000, 0x7FC, 0x004, 0x004, 0x004 } },
    { 0xB188, { 0x000, 0x400, 0x400, 0x400, 0x7FC, 0x040, 0xFFE, 0x000, 0x7FC, 0x404, 0x404, 0x7FC } },
    { 0xB192, { 0x000, 0x400, 0x400, 0x400, 0x7FC, 0x040, 0xFFE, 0x000, 0x7FC, 0x110, 0x110, 0x7FC } },
    { 0xB193, { 0x000, 0x400, 0x400, 0x400, 0x7FC, 0x040, 0xFFE, 0x040, 0x7FC, 0x1F0, 0x208, 0x1F0 } },
    { 0xB1CC, { 0x000, 0x804, 0x804, 0x804, 0x804, 0x804, 0xFE4, 0x104, 0x104, 0x104, 0xFF4, 0x004 } },
    { 0xB204, { 0x000, 0x400, 0x400, 0x400, 0x400, 0x7FC, 0x000, 0xFFE, 0x040, 0x040, 0x040, 0x040 } },
    { 0xB208, { 0x000, 0x400, 0x400, 0x400, 0x7FC, 0x000, 0xFFE, 0x040, 0x440, 0x400, 0x400, 0x7FC } },
    { 0xB274, { 0x000, 0x400, 0x400, 0x400, 0x400, 0x7FC, 0x000, 0xFFE, 0x110, 0x110, 0x110, 0x110 } },
    { 0xB290, { 0x000, 0x400, 0x400, 0x400, 0x400, 0x400, 0x400, 0x7FC, 0x000, 0x000, 0xFFE, 0x000 } },
    { 0xB291, { 0x000, 0x400, 0x400, 0x400, 0x7FC, 0x000, 0xFFE, 0x000, 0x7FC, 0x004, 0x004, 0x004 } },
    { 0xB294, { 0x000, 0x400, 0x400, 0x400, 0x7FC, 0x000, 0xFFE, 0x000, 0x400, 0x400, 0x400, 0x7FC } },
    { 0xB298, { 0x000, 0x400, 0x400, 0x7FC, 0x000, 0xFFE, 0x000, 0x7FC, 0x004, 0x7FC, 0x400, 0x7FC } },
    { 0xB299, { 0x000, 0x400, 0x400, 0x7FC, 0x000, 0xFFE, 0x000, 0x7BC, 0x084, 0x784, 0x404, 0x784 } },
    { 0xB2A5, { 0x000, 0x400, 0x400, 0x400, 0x7FC, 0x000, 0xFFE, 0x000, 0x3F8, 0x404, 0x404, 0x3F8 } },
    { 0xB2C8, { 0x000, 0x804, 0x804, 0x804, 0x804, 0x804, 0x804, 0x804, 0x804, 0x804, 0xFE4, 0x004 } },
    { 0xB2CC, { 0x000, 0x804, 0x804, 0x804, 0x804, 0x804, 0xFE4, 0x004, 0x404, 0x400, 0x400, 0x7FC } },
    { 0xB2D8, { 0x000, 0x804, 0x804, 0x804, 0x804, 0x804, 0xFE4, 0x000, 0x7FC, 0x404, 0x404, 0x7FC } },
    { 0xB2E4, { 0x000, 0xFE4, 0x804, 0x804, 0x804, 0x804, 0x806, 0x804, 0x804, 0x804, 0xFE4, 0x004 } },
    { 0xB2E5, { 0x000, 0xFC4, 0x804, 0x806, 0x804, 0x804, 0xFC4, 0x000, 0x7FC, 0x004, 0x004, 0x004 } },
    { 0xB2E8, { 0x000, 0xFC4, 0x804, 0x804, 0x806, 0x804, 0xFC4, 0x004, 0x404, 0x400, 0x400, 0x7FC } },
    { 0xB2EB, { 0x000, 0xFC4, 0x804, 0x806, 0x804, 0x804, 0xFC4, 0x000, 0x7FC, 0x400, 0x400, 0x7FC } },
    { 0xB2EC, { 0x000, 0xFC4, 0x804, 0x806, 0x804, 0xFC4, 0x000, 0x7FC, 0x004, 0x7FC, 0x400, 0x7FC } },
    { 0xB2F4, { 0x000, 0xFC4, 0x804, 0x806, 0x804, 0x804, 0xFC4, 0x000, 0x7FC, 0x404, 0x404, 0x7FC } },
    { 0xB2F9, { 0x000, 0xFC4, 0x804, 0x806, 0x804, 0x804, 0xFC4, 0x000, 0x3F8, 0x404, 0x404, 0x3F8 } },
    { 0xB2FF, { 0x000, 0xFC4, 0x804, 0x806, 0x804, 0x804, 0xFC4, 0x040, 0x7FC, 0x1F0, 0x208, 0x1F0 } },
    { 0xB300, { 0x000, 0xFD4, 0x814, 0x814, 0x814, 0x814, 0x81C, 0x814, 0x814, 0x814, 0xFD4, 0x014 } },
    { 0xB354, { 0x000, 0xFE4, 0x804, 0x804, 0x804, 0x83C, 0x804, 0x804, 0x804, 0x804, 0xFE4, 0x004 } },
    { 0xB358, { 0x000, 0xFC4, 0x804, 0x804, 0x83C, 0x804, 0xFC4, 0x004, 0x404, 0x400, 0x400, 0x7FC } },
    { 0xB364, { 0x000, 0xFC4, 0x804, 0x83C, 0x804, 0x804, 0xFC4, 0x000, 0x7FC, 0x404, 0x404, 0x7FC } },
    { 0xB369, { 0x000, 0xFC4, 0x804, 0x83C, 0x804, 0x804, 0xFC4, 0x000, 0x3F8, 0x404, 0x404, 0x3F8 } },
    { 0xB36B, { 0x000, 0xFC4, 0x804, 0x83C, 0x804, 0x804, 0xFC4, 0x004, 0x040, 0x7FC, 0x1B0, 0x60C } },
    { 0xB36E, { 0x000, 0xFC4, 0x804, 0x83C, 0x804, 0x804, 0xFC4, 0x000, 0x7FC, 0x110, 0x110, 0x7FC } },
    { 0xB370, { 0x000, 0xF94, 0x814, 0x814, 0x814, 0x8F4, 0x814, 0x814, 0x814, 0x814, 0xF94, 0x014 } },
    { 0xB3C4, { 0x000, 0x7FC, 0x400, 0x400, 0x400, 0x400, 0x400, 0x7FC, 0x040, 0x040, 0xFFE, 0x000 } },
    { 0xB3C5, { 0x000, 0x7FC, 0x400, 0x400, 0x7FC, 0x040, 0xFFE, 0x000, 0x7FC, 0x004, 0x004, 0x004 } },
    { 0xB3C8, { 0x000, 0x7FC, 0x400, 0x400, 0x7FC, 0x040, 0xFFE, 0x000, 0x400, 0x400, 0x400, 0x7FC } },
    { 0xB3CC, { 0x000, 0x7FC, 0x400, 0x7FC, 0x040, 0xFFE, 0x000, 0x7FC, 0x004, 0x7FC, 0x400, 0x7FC } },
    { 0xB3D9, { 0x000, 0x7FC, 0x400, 0x400, 0x7FC, 0x040, 0xFFE, 0x000, 0x3F8, 0x404, 0x404, 0x3F8 } },
    { 0xB3FC, { 0x000, 0xFD4, 0x814, 0x814, 0x814, 0x814, 0xFDC, 0x114, 0x114, 0x114, 0xFD4, 0x014 } },
    { 0xB418, { 0x000, 0xFE4, 0x804, 0x804, 0x804, 0x804, 0xFE4, 0x104, 0x104, 0x104, 0xFF4, 0x004 } },
    { 0xB41C, { 0x000, 0x7E4, 0x404, 0x404, 0x7E4, 0x084, 0xFF4, 0x004, 0x404, 0x400, 0x400, 0x7FC } },
    { 0xB428, { 0x000, 0x7E4, 0x404, 0x404, 0x7E4, 0x084, 0xFF4, 0x000, 0x7FC, 0x404, 0x404, 0x7FC } },
    { 0xB450, { 0x000, 0x7FC, 0x400, 0x400, 0x400, 0x7FC, 0x000, 0xFFE, 0x040, 0x040, 0x040, 0x040 } },
    { 0xB451, { 0x000, 0x7FC, 0x400, 0x400, 0x7FC, 0x000, 0xFFE, 0x040, 0x7FC, 0x004, 0x004, 0x004 } },
    { 0xB454, { 0x000, 0x7FC, 0x400, 0x400, 0x7FC, 0x000, 0xFFE, 0x040, 0x440, 0x400, 0x400, 0x7FC } },
    { 0xB460, { 0x000, 0x7FC, 0x400, 0x400, 0x7FC, 0x000, 0xFFE, 0x040, 0x7FC, 0x404, 0x404, 0x7FC } },
    { 0xB461, { 0x000, 0x7FC, 0x400, 0x400, 0x7FC, 0x000, 0xFFE, 0x040, 0x404, 0x7FC, 0x404, 0x7FC } },
    { 0xB465, { 0x000, 0x7FC, 0x400, 0x400, 0x7FC, 0x000, 0xFFE, 0x040, 0x3F8, 0x404, 0x404, 0x3F8 } },
    { 0xB4A4, { 0x000, 0x7E4, 0x404, 0x404, 0x404, 0x7E4, 0x004, 0xFF4, 0x084, 0x084, 0x084, 0x084 } },
    { 0xB4B7, { 0x000, 0x7E4, 0x404, 0x404, 0x7E4, 0x004, 0xFF4, 0x104, 0x144, 0x040, 0x1B0, 0x60C } },
    { 0xB4DC, { 0x000, 0x7FC, 0x400, 0x400, 0x400, 0x400, 0x400, 0x7FC, 0x000, 0x000, 0xFFE, 0x000 } },
    { 0xB4DD, { 0x000, 0x7FC, 0x400, 0x400, 0x7FC, 0x000, 0xFFE, 0x000, 0x7FC, 0x004, 0x004, 0x004 } },
    { 0xB4E0, { 0x000, 0x7FC, 0x400, 0x400, 0x7FC, 0x000, 0xFFE, 0x000, 0x400, 0x400, 0x400, 0x7FC } },
    { 0xB4E3, { 0x000, 0x7FC, 0x400, 0x400, 0x7FC, 0x000, 0xFFE, 0x000, 0x7FC, 0x400, 0x400, 0x7FC } },
    { 0xB4E4, { 0x000, 0x7FC, 0x400, 0x7FC, 0x000, 0xFFE, 0x000, 0x7FC, 0x004, 0x7FC, 0x400, 0x7FC } },
    { 0xB4EF, { 0x000, 0x7FC, 0x400, 0x400, 0x7FC, 0x000, 0xFFE, 0x000, 0x040, 0x040, 0x1B0, 0x60C } },
    { 0xB4F1, { 0x000, 0x7FC, 0x400, 0x400, 0x7FC, 0x000, 0xFFE, 0x000, 0x3F8, 0x404, 0x404, 0x3F8 } },
    { 0xB530, { 0x000, 0xFE4, 0x904, 0x904, 0x904, 0x904, 0x906, 0x904, 0x904, 0x904, 0xFE4, 0x004 } },
    { 0xB545, { 0x000, 0xFE4, 0x904, 0x906, 0x904, 0x904, 0xFE4, 0x000, 0x3F8, 0x404, 0x404, 0x3F8 } },
    { 0xB54B, { 0x000, 0xFE4, 0x904, 0x906, 0x904, 0x904, 0xFE4, 0x040, 0x7FC, 0x1F0, 0x208, 0x1F0 } },
    { 0xB54C, { 0x000, 0xFD4, 0x914, 0x914, 0x914, 0x914, 0x91C, 0x914, 0x914, 0x914, 0xFD4, 0x014 } },
    { 0xB5A0, { 0x000, 0xFF4, 0x884, 0x884, 0x884, 0x8BC, 0x884, 0x884, 0x884, 0x884, 0xFF4, 0x004 } },
    { 0xB5A4, { 0x000, 0xFE4, 0x904, 0x93C, 0x904, 0x904, 0xFE4, 0x004, 0x404, 0x400, 0x400, 0x7FC } },
    { 0xB5A8, { 0x000, 0xFE4, 0x904, 0x93C, 0x904, 0xFE4, 0x000, 0x7FC, 0x004, 0x7FC, 0x400, 0x7FC } },
    { 0xB5BC, { 0x000, 0xFD4, 0x914, 0x914, 0x914, 0x974, 0x914, 0x914, 0x914, 0x914, 0xFD4, 0x014 } },
    { 0xB610, { 0x000, 0x7FC, 0x440, 0x440, 0x440, 0x440, 0x440, 0x7FC, 0x040, 0x040, 0xFFE, 0x000 } },
    { 0xB625, { 0x000, 0x7FC, 0x440, 0x440, 0x7FC, 0x040, 0xFFE, 0x000, 0x3F8, 0x404, 0x404, 0x3F8 } },
    { 0xB6AB, { 0x000, 0x7FC, 0x440, 0x7FC, 0x000, 0xFFE, 0x040, 0x790, 0x0FC, 0x7B8, 0x444, 0x7B8 } },
    { 0xB6F0, { 0x000, 0xFE4, 0x904, 0x904, 0x904, 0xFE4, 0x004, 0xFF4, 0x104, 0x104, 0x104, 0x104 } },
    { 0xB6F4, { 0x000, 0xFE4, 0x904, 0x904, 0xFE4, 0x004, 0xFF4, 0x104, 0x504, 0x400, 0x400, 0x7FC } },
    { 0xB728, { 0x000, 0x7FC, 0x440, 0x440, 0x440, 0x440, 0x440, 0x7FC, 0x000, 0x000, 0xFFE, 0x000 } },
    { 0xB729, { 0x000, 0x7FC, 0x440, 0x440, 0x7FC, 0x000, 0xFFE, 0x000, 0x7FC, 0x004, 0x004, 0x004 } },
    { 0xB72F, { 0x000, 0x7FC, 0x440, 0x440, 0x7FC, 0x000, 0xFFE, 0x000, 0x7FC, 0x400, 0x400, 0x7FC } },
    { 0xB73B, { 0x000, 0x7FC, 0x440, 0x440, 0x7FC, 0x000, 0xFFE, 0x000, 0x040, 0x040, 0x1B0, 0x60C } },
    { 0xB77C, { 0x000, 0xFC4, 0x044, 0x044, 0x044, 0xFC4, 0x806, 0x804, 0x804, 0x804, 0xFE4, 0x004 } },
    { 0xB77D, { 0x000, 0xFC4, 0x044, 0xFC6, 0x804, 0x804, 0xFE4, 0x000, 0x7FC, 0x004, 0x004, 0x004 } },
    { 0xB780, { 0x000, 0xFC4, 0x044, 0xFC4, 0x806, 0x804, 0xFE4, 0x004, 0x404, 0x400, 0x400, 0x7FC } },
    { 0xB784, { 0x000, 0xFC4, 0x044, 0xFC6, 0x804, 0xFE4, 0x000, 0x7FC, 0x004, 0x7FC, 0x400, 0x7FC } },
    { 0xB78C, { 0x000, 0xFC4, 0x044, 0xFC6, 0x804, 0x804, 0xFE4, 0x000, 0x7FC, 0x404, 0x404, 0x7FC } },
    { 0xB791, { 0x000, 0xFC4, 0x044, 0xFC6, 0x804, 0x804, 0xFE4, 0x000, 0x3F8, 0x404, 0x404, 0x3F8 } },
    { 0xB798, { 0x000, 0xFD4, 0x054, 0x054, 0x054, 0xFD4, 0x81C, 0x814, 0x814, 0x814, 0xFD4, 0x014 } },
    { 0xB79C, { 0x000, 0xFD4, 0x054, 0xFD4, 0x81C, 0x814, 0xFD4, 0x014, 0x414, 0x400, 0x400, 0x7FC } },
    { 0xB7AC, { 0x000, 0xFD4, 0x054, 0xFDC, 0x814, 0x814, 0xFD4, 0x000, 0x110, 0x110, 0x2A8, 0x444 } },
    { 0xB7AD, { 0x000, 0xFD4, 0x054, 0xFDC, 0x814, 0x814, 0xFD4, 0x000, 0x3F8, 0x404, 0x404, 0x3F8 } },
    { 0xB7B5, { 0x000, 0xFC4, 0x046, 0xFC4, 0x806, 0x804, 0xFE4, 0x000, 0x7FC, 0x004, 0x004, 0x004 } },
    { 0xB7C9, { 0x000, 0xFC4, 0x046, 0xFC4, 0x806, 0x804, 0xFE4, 0x000, 0x3F8, 0x404, 0x404, 0x3F8 } },
    { 0xB7EC, { 0x000, 0xFC4, 0x044, 0x044, 0x044, 0xFDC, 0x804, 0x804, 0x804, 0x804, 0xFE4, 0x004 } },
    { 0xB7FC, { 0x000, 0xFC4, 0x044, 0xFDC, 0x804, 0x804, 0xFE4, 0x000, 0x7FC, 0x404, 0x404, 0x7FC } },
    { 0xB7FD, { 0x000, 0xFC4, 0x044, 0xFDC, 0x804, 0x804, 0xFE4, 0x000, 0x404, 0x7FC, 0x404, 0x7FC } },
    { 0xB807, { 0x000, 0xFC4, 0x044, 0xFDC, 0x804, 0x804, 0xFE4, 0x040, 0x7FC, 0x1F0, 0x208, 0x1F0 } },
    { 0xB808, { 0x000, 0xF94, 0x094, 0x094, 0x094, 0xF94, 0x874, 0x814, 0x814, 0x814, 0xF94, 0x014 } },
    { 0xB818, { 0x000, 0xF94, 0x094, 0xF94, 0x874, 0x814, 0xF94, 0x000, 0x7FC, 0x404, 0x404, 0x7FC } },
    { 0xB824, { 0x000, 0xFC4, 0x044, 0x044, 0x05C, 0xFC4, 0x804, 0x81C, 0x804, 0x804, 0xFE4, 0x004 } },
    { 0xB825, { 0x000, 0xFC4, 0x05C, 0xFC4, 0x81C, 0x804, 0xFE4, 0x000, 0x7FC, 0x004, 0x004, 0x004 } },
    { 0xB828, { 0x000, 0xFC4, 0x044, 0xFDC, 0x804, 0x81C, 0xFE4, 0x004, 0x404, 0x400, 0x400, 0x7FC } },
    { 0xB82C, { 0x000, 0xFC4, 0x05C, 0xFC4, 0x81C, 0xFE4, 0x000, 0x7FC, 0x004, 0x7FC, 0x400, 0x7FC } },
    { 0xB838, { 0x000, 0xFC4, 0x05C, 0xFC4, 0x81C, 0x804, 0xFE4, 0x004, 0x110, 0x110, 0x2A8, 0x444 } },
    { 0xB839, { 0x000, 0xFC4, 0x05C, 0xFC4, 0x81C, 0x804, 0xFE4, 0x000, 0x3F8, 0x404, 0x404, 0x3F8 } },
    { 0xB840, { 0x000, 0xF94, 0x094, 0x094, 0x0F4, 0xF94, 0x814, 0x874, 0x814, 0x814, 0xF94, 0x014 } },
    { 0xB85C, { 0x000, 0x7FC, 0x004, 0x004, 0x7FC, 0x400, 0x400, 0x7FC, 0x040, 0x040, 0xFFE, 0x000 } },
    { 0xB85D, { 0x000, 0x7FC, 0x004, 0x7FC, 0x400, 0x7FC, 0x040, 0xFFE, 0x000, 0x7FC, 0x004, 0x004 } },
    { 0xB864, { 0x000, 0x7FC, 0x004, 0x7FC, 0x400, 0x7FC, 0x040, 0xFFE, 0x004, 0x7FC, 0x400, 0x7FC } },
    { 0xB86F, { 0x000, 0x7FC, 0x004, 0x7FC, 0x400, 0x7FC, 0x040, 0xFFE, 0x000, 0x040, 0x1B0, 0x60C } },
    { 0xB8B0, { 0x000, 0xFE4, 0x024, 0x024, 0xFE4, 0x804, 0x804, 0xFE4, 0x104, 0x104, 0xFF4, 0x004 } },
    { 0xB8CC, { 0x000, 0x7FC, 0x004, 0x004, 0x7FC, 0x400, 0x400, 0x7FC, 0x110, 0x110, 0xFFE, 0x000 } },
    { 0xB8E8, { 0x000, 0x7FC, 0x004, 0x7FC, 0x400, 0x7FC, 0x000, 0xFFE, 0x040, 0x040, 0x040, 0x040 } },
    { 0xB8E9, { 0x000, 0x7FC, 0x004, 0x7FC, 0x400, 0x7FC, 0x000, 0xFFE, 0x040, 0x7FC, 0x004, 0x004 } },
    { 0xB8EC, { 0x000, 0x7FC, 0x004, 0x7FC, 0x400, 0x7FC, 0x000, 0xFFE, 0x040, 0x440, 0x400, 0x7FC } },
    { 0xB8FB, { 0x000, 0x7FC, 0x004, 0x7FC, 0x400, 0x7FC, 0xFFE, 0x040, 0x000, 0x040, 0x1B0, 0x60C } },
    { 0xB958, { 0x000, 0x7FC, 0x004, 0x7FC, 0x400, 0x7FC, 0x000, 0xFFE, 0x110, 0x110, 0x110, 0x110 } },
    { 0xB959, { 0x000, 0x7FC, 0x004, 0x7FC, 0x400, 0x7FC, 0x000, 0xFFE, 0x110, 0x7FC, 0x004, 0x004 } },
    { 0xB960, { 0x000, 0x7FC, 0x004, 0x7FC, 0x400, 0xFFE, 0x110, 0x7FC, 0x004, 0x7FC, 0x400, 0x7FC } },
    { 0xB974, { 0x000, 0x7FC, 0x004, 0x004, 0x7FC, 0x400, 0x400, 0x7FC, 0x000, 0x000, 0xFFE, 0x000 } },
    { 0xB978, { 0x000, 0x7FC, 0x004, 0x7FC, 0x400, 0x7FC, 0x000, 0xFFE, 0x000, 0x400, 0x400, 0x7FC } },
    { 0xB97C, { 0x000, 0x7FC, 0x004, 0x7FC, 0x400, 0xFFE, 0x000, 0x7FC, 0x004, 0x7FC, 0x400, 0x7FC } },
    { 0xB984, { 0x000, 0x7FC, 0x004, 0x7FC, 0x400, 0x7FC, 0x000, 0xFFE, 0x000, 0x7FC, 0x404, 0x7FC } },
    { 0xB98E, { 0x000, 0x7FC, 0x004, 0x7FC, 0x400, 0x7FC, 0x000, 0xFFE, 0x000, 0x7FC, 0x110, 0x7FC } },
    { 0xB9AC, { 0x000, 0xFC4, 0x044, 0x044, 0x044, 0xFC4, 0x804, 0x804, 0x804, 0x804, 0xFE4, 0x004 } },
    { 0xB9AD, { 0x000, 0xFC4, 0x044, 0xFC4, 0x804, 0x804, 0xFE4, 0x000, 0x7FC, 0x004, 0x004, 0x004 } },
    { 0xB9B0, { 0x000, 0xFC4, 0x044, 0xFC4, 0x804, 0x804, 0xFE4, 0x004, 0x404, 0x400, 0x400, 0x7FC } },
    { 0xB9B4, { 0x000, 0xFC4, 0x044, 0xFC4, 0x804, 0xFE4, 0x000, 0x7FC, 0x004, 0x7FC, 0x400, 0x7FC } },
    { 0xB9BC, { 0x000, 0xFC4, 0x044, 0xFC4, 0x804, 0x804, 0xFE4, 0x000, 0x7FC, 0x404, 0x404, 0x7FC } },
    { 0xB9BF, { 0x000, 0xFC4, 0x044, 0xFC4, 0x804, 0x804, 0xFE4, 0x004, 0x044, 0x040, 0x1B0, 0x60C } },
    { 0xB9C8, { 0x000, 0xFE4, 0x824, 0x824, 0x824, 0x824, 0x826, 0x824, 0x824, 0x824, 0xFE4, 0x004 } },
    { 0xB9C9, { 0x000, 0xFC4, 0x844, 0x846, 0x844, 0x844, 0xFC4, 0x000, 0x7FC, 0x004, 0x004, 0x004 } },
    { 0xB9CC, { 0x000, 0xFC4, 0x844, 0x844, 0x846, 0x844, 0xFC4, 0x004, 0x404, 0x400, 0x400, 0x7FC } },
    { 0xB9D0, { 0x000, 0xFC4, 0x844, 0x846, 0x844, 0xFC4, 0x000, 0x7FC, 0x004, 0x7FC, 0x400, 0x7FC } },
    { 0xB9D1, { 0x000, 0xFC4, 0x844, 0x846, 0x844, 0xFC4, 0x000, 0x7BC, 0x084, 0x784, 0x404, 0x784 } },
    { 0xB9D9, { 0x000, 0xFC4, 0x844, 0x846, 0x844, 0x844, 0xFC4, 0x000, 0x404, 0x7FC, 0x404, 0x7FC } },
    { 0xB9DD, { 0x000, 0xFC4, 0x844, 0x846, 0x844, 0x844, 0xFC4, 0x000, 0x3F8, 0x404, 0x404, 0x3F8 } },
    { 0xB9DE, { 0x000, 0xFC4, 0x844, 0x846, 0x844, 0x844, 0xFC4, 0x000, 0x7FC, 0x040, 0x1B0, 0x60C } },
    { 0xB9E4, { 0x000, 0xFD4, 0x854, 0x854, 0x854, 0x854, 0x85C, 0x854, 0x854, 0x854, 0xFD4, 0x014 } },
    { 0xB9F9, { 0x000, 0xFD4, 0x854, 0x85C, 0x854, 0x854, 0xFD4, 0x000, 0x3F8, 0x404, 0x404, 0x3F8 } },
    { 0xB9FA, { 0x000, 0xFD4, 0x854, 0x85C, 0x854, 0x854, 0xFD4, 0x000, 0x7FC, 0x040, 0x1B0, 0x60C } },
    { 0xBA38, { 0x000, 0xFE4, 0x824, 0x824, 0x824, 0x83C, 0x824, 0x824, 0x824, 0x824, 0xFE4, 0x004 } },
    { 0xBA39, { 0x000, 0xFC4, 0x844, 0x85C, 0x844, 0x844, 0xFC4, 0x000, 0x7FC, 0x004, 0x004, 0x004 } },
    { 0xBA3C, { 0x000, 0xFC4, 0x844, 0x844, 0x85C, 0x844, 0xFC4, 0x004, 0x404, 0x400, 0x400, 0x7FC } },
    { 0xBA40, { 0x000, 0xFC4, 0x844, 0x85C, 0x844, 0xFC4, 0x000, 0x7FC, 0x004, 0x7FC, 0x400, 0x7FC } },
    { 0xBA48, { 0x000, 0xFC4, 0x844, 0x85C, 0x844, 0x844, 0xFC4, 0x000, 0x7FC, 0x404, 0x404, 0x7FC } },
    { 0xBA4E, { 0x000, 0xFC4, 0x844, 0x85C, 0x844, 0x844, 0xFC4, 0x000, 0x7FC, 0x040, 0x1B0, 0x60C } },
    { 0xBA54, { 0x000, 0xF94, 0x894, 0x894, 0x894, 0x8F4, 0x894, 0x894, 0x894, 0x894, 0xF94, 0x014 } },
    { 0xBA70, { 0x000, 0xFE4, 0x824, 0x824, 0x83C, 0x824, 0x824, 0x83C, 0x824, 0x824, 0xFE4, 0x004 } },
    { 0xBA74, { 0x000, 0xFC4, 0x844, 0x85C, 0x844, 0x85C, 0xFC4, 0x004, 0x404, 0x400, 0x400, 0x7FC } },
    { 0xBA78, { 0x000, 0xFC4, 0x85C, 0x844, 0x85C, 0xFC4, 0x000, 0x7FC, 0x004, 0x7FC, 0x400, 0x7FC } },
    { 0xBA85, { 0x000, 0xFC4, 0x85C, 0x844, 0x85C, 0x844, 0xFC4, 0x000, 0x3F8, 0x404, 0x404, 0x3F8 } },
    { 0xBA87, { 0x000, 0xFC4, 0x85C, 0x844, 0x85C, 0x844, 0xFC4, 0x004, 0x040, 0x7FC, 0x1B0, 0x60C } },
    { 0xBAA8, { 0x000, 0x7FC, 0x404, 0x404, 0x404, 0x404, 0x404, 0x7FC, 0x040, 0x040, 0xFFE, 0x000 } },
    { 0xBAA9, { 0x000, 0x7FC, 0x404, 0x404, 0x7FC, 0x040, 0xFFE, 0x000, 0x7FC, 0x004, 0x004, 0x004 } },
    { 0xBAAC, { 0x000, 0x7FC, 0x404, 0x404, 0x7FC, 0x040, 0xFFE, 0x000, 0x400, 0x400, 0x400, 0x7FC } },
    { 0xBABB, { 0x000, 0x7FC, 0x404, 0x404, 0x7FC, 0x040, 0xFFE, 0x000, 0x040, 0x040, 0x1B0, 0x60C } },
    { 0xBABD, { 0x000, 0x7FC, 0x404, 0x404, 0x7FC, 0x040, 0xFFE, 0x000, 0x3F8, 0x404, 0x404, 0x3F8 } },
    { 0xBB18, { 0x000, 0x7FC, 0x404, 0x404, 0x404, 0x404, 0x404, 0x7FC, 0x110, 0x110, 0xFFE, 0x000 } },
    { 0xBB34, { 0x000, 0x7FC, 0x404, 0x404, 0x404, 0x7FC, 0x000, 0xFFE, 0x040, 0x040, 0x040, 0x040 } },
    { 0xBB35, { 0x000, 0x7FC, 0x404, 0x404, 0x7FC, 0x000, 0xFFE, 0x040, 0x7FC, 0x004, 0x004, 0x004 } },
    { 0xBB38, { 0x000, 0x7FC, 0x404, 0x404, 0x7FC, 0x000, 0xFFE, 0x040, 0x440, 0x400, 0x400, 0x7FC } },
    { 0xBB3B, { 0x000, 0x7FC, 0x404, 0x404, 0x7FC, 0x000, 0xFFE, 0x040, 0x7FC, 0x400, 0x400, 0x7FC } },
    { 0xBB3C, { 0x000, 0x7FC, 0x404, 0x7FC, 0x000, 0xFFE, 0x040, 0x7FC, 0x004, 0x7FC, 0x400, 0x7FC } },
    { 0xBB49, { 0x000, 0x7FC, 0x404, 0x404, 0x7FC, 0x000, 0xFFE, 0x040, 0x3F8, 0x404, 0x404, 0x3F8 } },
    { 0xBB54, { 0x000, 0x7E4, 0x424, 0x7E4, 0x004, 0xFF4, 0x104, 0x11C, 0x504, 0x400, 0x400, 0x7FC } },
    { 0xBBF8, { 0x000, 0xFE4, 0x824, 0x824, 0x824, 0x824, 0x824, 0x824, 0x824, 0x824, 0xFE4, 0x004 } },
    { 0xBBFC, { 0x000, 0xFC4, 0x844, 0x844, 0x844, 0x844, 0xFC4, 0x004, 0x404, 0x400, 0x400, 0x7FC } },
    { 0xBC00, { 0x000, 0xFC4, 0x844, 0x844, 0x844, 0xFC4, 0x000, 0x7FC, 0x004, 0x7FC, 0x400, 0x7FC } },
    { 0xBC11, { 0x000, 0xFC4, 0x844, 0x844, 0x844, 0xFC4, 0x000, 0x7FC, 0x400, 0x7FC, 0x400, 0x7FC } },
    { 0xBC14, { 0x000, 0x824, 0x824, 0x824, 0x824, 0xFE4, 0x826, 0x824, 0x824, 0x824, 0xFE4, 0x004 } },
    { 0xBC15, { 0x000, 0x844, 0x844, 0xFC6, 0x844, 0x844, 0xFC4, 0x000, 0x7FC, 0x004, 0x004, 0x004 } },
    { 0xBC18, { 0x000, 0x844, 0x844, 0xFC4, 0x846, 0x844, 0xFC4, 0x004, 0x404, 0x400, 0x400, 0x7FC } },
    { 0xBC1B, { 0x000, 0x844, 0x844, 0xFC6, 0x844, 0x844, 0xFC4, 0x000, 0x7FC, 0x400, 0x400, 0x7FC } },
    { 0xBC1C, { 0x000, 0x844, 0xFC4, 0x846, 0x844, 0xFC4, 0x000, 0x7FC, 0x004, 0x7FC, 0x400, 0x7FC } },
    { 0xBC1D, { 0x000, 0x844, 0xFC4, 0x846, 0x844, 0xFC4, 0x000, 0x7BC, 0x084, 0x784, 0x404, 0x784 } },
    { 0xBC24, { 0x000, 0x844, 0x844, 0xFC6, 0x844, 0x844, 0xFC4, 0x000, 0x7FC, 0x404, 0x404, 0x7FC } },
    { 0xBC29, { 0x000, 0x844, 0x844, 0xFC6, 0x844, 0x844, 0xFC4, 0x000, 0x3F8, 0x404, 0x404, 0x3F8 } },
    { 0xBC30, { 0x000, 0x854, 0x854, 0x854, 0x854, 0xFD4, 0x85C, 0x854, 0x854, 0x854, 0xFD4, 0x014 } },
    { 0xBC31, { 0x000, 0x854, 0x854, 0xFDC, 0x854, 0x854, 0xFD4, 0x000, 0x7FC, 0x004, 0x004, 0x004 } },
    { 0xBC43, { 0x000, 0x854, 0x854, 0xFD4, 0x85C, 0x854, 0xFD4, 0x014, 0x054, 0x040, 0x1B0, 0x60C } },
    { 0xBC84, { 0x000, 0x824, 0x824, 0x824, 0x824, 0xFFC, 0x824, 0x824, 0x824, 0x824, 0xFE4, 0x004 } },
    { 0xBC88, { 0x000, 0x844, 0x844, 0xFC4, 0x85C, 0x844, 0xFC4, 0x004, 0x404, 0x400, 0x400, 0x7FC } },
    { 0xBC94, { 0x000, 0x844, 0x844, 0xFDC, 0x844, 0x844, 0xFC4, 0x000, 0x7FC, 0x404, 0x404, 0x7FC } },
    { 0xBC95, { 0x000, 0x844, 0x844, 0xFDC, 0x844, 0x844, 0xFC4, 0x000, 0x404, 0x7FC, 0x404, 0x7FC } },
    { 0xBCA0, { 0x000, 0x894, 0x894, 0x894, 0x894, 0xFF4, 0x894, 0x894, 0x894, 0x894, 0xF94, 0x014 } },
    { 0xBCA4, { 0x000, 0x894, 0x894, 0xF94, 0x8F4, 0x894, 0xF94, 0x014, 0x414, 0x400, 0x400, 0x7FC } },
    { 0xBCA8, { 0x000, 0x894, 0xF94, 0x8F4, 0x894, 0xF94, 0x000, 0x7FC, 0x004, 0x7FC, 0x400, 0x7FC } },
    { 0xBCBC, { 0x000, 0x824, 0x824, 0x824, 0x83C, 0xFE4, 0x824, 0x83C, 0x824, 0x824, 0xFE4, 0x004 } },
    { 0xBCBD, { 0x000, 0x844, 0x85C, 0xFC4, 0x85C, 0x844, 0xFC4, 0x000, 0x7FC, 0x004, 0x004, 0x004 } },
    { 0xBCC0, { 0x000, 0x844, 0x844, 0xFDC, 0x844, 0x85C, 0xFC4, 0x004, 0x404, 0x400, 0x400, 0x7FC } },
    { 0xBCC4, { 0x000, 0x844, 0xFDC, 0x844, 0x85C, 0xFC4, 0x000, 0x7FC, 0x004, 0x7FC, 0x400, 0x7FC } },
    { 0xBCD1, { 0x000, 0x844, 0x85C, 0xFC4, 0x85C, 0x844, 0xFC4, 0x000, 0x3F8, 0x404, 0x404, 0x3F8 } },
    { 0xBCF4, { 0x000, 0x404, 0x404, 0x7FC, 0x404, 0x404, 0x404, 0x7FC, 0x040, 0x040, 0xFFE, 0x000 } },
    { 0xBCF5, { 0x000, 0x404, 0x7FC, 0x404, 0x7FC, 0x040, 0xFFE, 0x000, 0x7FC, 0x004, 0x004, 0x004 } },
    { 0xBCF8, { 0x000, 0x404, 0x7FC, 0x404, 0x7FC, 0x040, 0xFFE, 0x000, 0x400, 0x400, 0x400, 0x7FC } },
    { 0xBCFC, { 0x000, 0x404, 0x7FC, 0x404, 0x7FC, 0x040, 0xFFE, 0x7FC, 0x004, 0x7FC, 0x400, 0x7FC } },
    { 0xBD09, { 0x000, 0x404, 0x7FC, 0x404, 0x7FC, 0x040, 0xFFE, 0x000, 0x3F8, 0x404, 0x404, 0x3F8 } },
    { 0xBD10, { 0x000, 0x824, 0x824, 0xFE4, 0x824, 0x824, 0xFE6, 0x104, 0x104, 0x104, 0xFF4, 0x004 } },
    { 0xBD80, { 0x000, 0x404, 0x7FC, 0x404, 0x404, 0x7FC, 0x000, 0xFFE, 0x040, 0x040, 0x040, 0x040 } },
    { 0xBD84, { 0x000, 0x404, 0x7FC, 0x404, 0x7FC, 0x000, 0xFFE, 0x040, 0x440, 0x400, 0x400, 0x7FC } },
    { 0xBD88, { 0x000, 0x404, 0x7FC, 0x404, 0x7FC, 0xFFE, 0x040, 0x7FC, 0x004, 0x7FC, 0x400, 0x7FC } },
    { 0xBD90, { 0x000, 0x404, 0x7FC, 0x404, 0x7FC, 0x000, 0xFFE, 0x040, 0x7FC, 0x404, 0x404, 0x7FC } },
    { 0xBD99, { 0x000, 0x404, 0x7FC, 0x404, 0x7FC, 0xFFE, 0x040, 0x7FC, 0x400, 0x7FC, 0x400, 0x7FC } },
    { 0xBE0C, { 0x000, 0x404, 0x404, 0x7FC, 0x404, 0x404, 0x404, 0x7FC, 0x000, 0x000, 0xFFE, 0x000 } },
    { 0xBE14, { 0x000, 0x404, 0x7FC, 0x404, 0x7FC, 0xFFE, 0x000, 0x7FC, 0x004, 0x7FC, 0x400, 0x7FC } },
    { 0xBE44, { 0x000, 0x824, 0x824, 0x824, 0x824, 0xFE4, 0x824, 0x824, 0x824, 0x824, 0xFE4, 0x004 } },
    { 0xBE48, { 0x000, 0x844, 0x844, 0xFC4, 0x844, 0x844, 0xFC4, 0x004, 0x404, 0x400, 0x400, 0x7FC } },
    { 0xBE4C, { 0x000, 0x844, 0xFC4, 0x844, 0x844, 0xFC4, 0x000, 0x7FC, 0x004, 0x7FC, 0x400, 0x7FC } },
    { 0xBE59, { 0x000, 0x844, 0x844, 0xFC4, 0x844, 0x844, 0xFC4, 0x000, 0x3F8, 0x404, 0x404, 0x3F8 } },
    { 0xBE5B, { 0x000, 0x844, 0x844, 0xFC4, 0x844, 0x844, 0xFC4, 0x004, 0x040, 0x7FC, 0x1B0, 0x60C } },
    { 0xBE60, { 0x000, 0xAA4, 0xAA4, 0xAA4, 0xAA4, 0xEE4, 0xAA6, 0xAA4, 0xAA4, 0xAA4, 0xEE4, 0x004 } },
    { 0xBE61, { 0x000, 0xAA4, 0xAA4, 0xEE6, 0xAA4, 0xAA4, 0xEE4, 0x000, 0x7FC, 0x004, 0x004, 0x004 } },
    { 0xBE68, { 0x000, 0xAA4, 0xEE4, 0xAA6, 0xAA4, 0xEE4, 0x000, 0x7FC, 0x004, 0x7FC, 0x400, 0x7FC } },
    { 0xBE75, { 0x000, 0xAA4, 0xAA4, 0xEE6, 0xAA4, 0xAA4, 0xEE4, 0x000, 0x3F8, 0x404, 0x404, 0x3F8 } },
    { 0xBF08, { 0x000, 0xAA4, 0xAA4, 0xAA4, 0xABC, 0xEE4, 0xAA4, 0xABC, 0xAA4, 0xAA4, 0xEE4, 0x004 } },
    { 0xBFCC, { 0x000, 0x4A4, 0x4A4, 0x7BC, 0x4A4, 0x4A4, 0x7BC, 0x000, 0xFFE, 0x040, 0x040, 0x040 } },
    { 0xBFD0, { 0x000, 0x4A4, 0x7BC, 0x4A4, 0x7BC, 0x000, 0xFFE, 0x040, 0x440, 0x400, 0x400, 0x7FC } },
    { 0xBFD4, { 0x000, 0x4A4, 0x7BC, 0x4A4, 0x7BC, 0xFFE, 0x040, 0x7FC, 0x004, 0x7FC, 0x400, 0x7FC } },
    { 0xC090, { 0x000, 0xAA4, 0xAA4, 0xAA4, 0xAA4, 0xEE4, 0xAA4, 0xAA4, 0xAA4, 0xAA4, 0xEE4, 0x004 } },
    { 0xC0AC, { 0x000, 0x104, 0x104, 0x104, 0x104, 0x104, 0x286, 0x284, 0x444, 0x444, 0x824, 0x004 } },
    { 0xC0AD, { 0x000, 0x104, 0x104, 0x106, 0x284, 0x444, 0x824, 0x000, 0x7FC, 0x004, 0x004, 0x004 } },
    { 0xC0B0, { 0x000, 0x104, 0x104, 0x104, 0x286, 0x444, 0x824, 0x004, 0x404, 0x400, 0x400, 0x7FC } },
    { 0xC0B4, { 0x000, 0x104, 0x104, 0x286, 0x444, 0x824, 0x000, 0x7FC, 0x004, 0x7FC, 0x400, 0x7FC } },
    { 0xC0BC, { 0x000, 0x104, 0x104, 0x106, 0x284, 0x444, 0x824, 0x000, 0x7FC, 0x404, 0x404, 0x7FC } },
    { 0xC0C1, { 0x000, 0x104, 0x104, 0x106, 0x284, 0x444, 0x824, 0x000, 0x3F8, 0x404, 0x404, 0x3F8 } },
    { 0xC0C8, { 0x000, 0x114, 0x114, 0x114, 0x114, 0x114, 0x29C, 0x294, 0x454, 0x454, 0x834, 0x014 } },
    { 0xC0C9, { 0x000, 0x114, 0x114, 0x11C, 0x294, 0x454, 0x834, 0x000, 0x7FC, 0x004, 0x004, 0x004 } },
    { 0xC0CC, { 0x000, 0x114, 0x114, 0x114, 0x29C, 0x454, 0x834, 0x014, 0x414, 0x400, 0x400, 0x7FC } },
    { 0xC0D8, { 0x000, 0x114, 0x114, 0x11C, 0x294, 0x454, 0x834, 0x000, 0x7FC, 0x404, 0x404, 0x7FC } },
    { 0xC0DD, { 0x000, 0x114, 0x114, 0x11C, 0x294, 0x454, 0x834, 0x000, 0x3F8, 0x404, 0x404, 0x3F8 } },
    { 0xC11C, { 0x000, 0x104, 0x104, 0x104, 0x104, 0x11C, 0x284, 0x284, 0x444, 0x444, 0x824, 0x004 } },
    { 0xC11D, { 0x000, 0x104, 0x104, 0x11C, 0x284, 0x444, 0x824, 0x000, 0x7FC, 0x004, 0x004, 0x004 } },
    { 0xC120, { 0x000, 0x104, 0x104, 0x11C, 0x284, 0x444, 0x824, 0x004, 0x404, 0x400, 0x400, 0x7FC } },
    { 0xC124, { 0x000, 0x104, 0x104, 0x29C, 0x444, 0x824, 0x000, 0x7FC, 0x004, 0x7FC, 0x400, 0x7FC } },
    { 0xC12C, { 0x000, 0x104, 0x104, 0x11C, 0x284, 0x444, 0x824, 0x000, 0x7FC, 0x404, 0x404, 0x7FC } },
    { 0xC12D, { 0x000, 0x104, 0x104, 0x11C, 0x284, 0x444, 0x824, 0x000, 0x404, 0x7FC, 0x404, 0x7FC } },
    { 0xC12F, { 0x000, 0x104, 0x104, 0x11C, 0x284, 0x444, 0x824, 0x004, 0x044, 0x040, 0x1B0, 0x60C } },
    { 0xC131, { 0x000, 0x104, 0x104, 0x11C, 0x284, 0x444, 0x824, 0x000, 0x3F8, 0x404, 0x404, 0x3F8 } },
    { 0xC138, { 0x000, 0x114, 0x114, 0x114, 0x114, 0x174, 0x294, 0x294, 0x454, 0x454, 0x834, 0x014 } },
    { 0xC158, { 0x000, 0x104, 0x104, 0x11C, 0x284, 0x45C, 0x824, 0x004, 0x404, 0x400, 0x400, 0x7FC } },
    { 0xC18C, { 0x000, 0x040, 0x040, 0x040, 0x0A0, 0x110, 0x208, 0x444, 0x040, 0x040, 0xFFE, 0x000 } },
    { 0xC18D, { 0x000, 0x040, 0x040, 0x1B0, 0x64C, 0x040, 0xFFE, 0x000, 0x7FC, 0x004, 0x004, 0x004 } },
    { 0xC190, { 0x000, 0x040, 0x040, 0x1B0, 0x64C, 0x040, 0xFFE, 0x000, 0x400, 0x400, 0x400, 0x7FC } },
    { 0xC19F, { 0x000, 0x040, 0x040, 0x1B0, 0x64C, 0x040, 0xFFE, 0x000, 0x040, 0x040, 0x1B0, 0x60C } },
    { 0xC1A1, { 0x000, 0x040, 0x040, 0x1B0, 0x64C, 0x040, 0xFFE, 0x000, 0x3F8, 0x404, 0x404, 0x3F8 } },
    { 0xC1C4, { 0x000, 0x114, 0x114, 0x294, 0x294, 0x454, 0x83C, 0x114, 0x114, 0x114, 0xFF4, 0x014 } },
    { 0xC1E0, { 0x000, 0x104, 0x104, 0x284, 0x284, 0x444, 0x824, 0x104, 0x104, 0x104, 0xFF4, 0x004 } },
    { 0xC218, { 0x000, 0x040, 0x040, 0x1B0, 0x60C, 0x000, 0xFFE, 0x040, 0x040, 0x040, 0x040, 0x040 } },
    { 0xC219, { 0x000, 0x040, 0x040, 0x1B0, 0x60C, 0x000, 0xFFE, 0x040, 0x7FC, 0x004, 0x004, 0x004 } },
    { 0xC21C, { 0x000, 0x040, 0x040, 0x1B0, 0x60C, 0x000, 0xFFE, 0x040, 0x440, 0x400, 0x400, 0x7FC } },
    { 0xC220, { 0x000, 0x040, 0x1B0, 0x60C, 0x000, 0xFFE, 0x040, 0x7FC, 0x004, 0x7FC, 0x400, 0x7FC } },
    { 0xC228, { 0x000, 0x040, 0x040, 0x1B0, 0x60C, 0x000, 0xFFE, 0x040, 0x7FC, 0x404, 0x404, 0x7FC } },
    { 0xC22B, { 0x000, 0x040, 0x040, 0x1B0, 0x60C, 0x000, 0xFFE, 0x040, 0x000, 0x040, 0x1B0, 0x60C } },
    { 0xC234, { 0x000, 0x104, 0x104, 0x284, 0x444, 0x824, 0x004, 0xFF4, 0x104, 0x13C, 0x104, 0x104 } },
    { 0xC26C, { 0x000, 0x104, 0x104, 0x284, 0x444, 0x824, 0x004, 0xFF4, 0x104, 0x104, 0x104, 0x104 } },
    { 0xC270, { 0x000, 0x104, 0x104, 0x284, 0xC64, 0x004, 0xFF4, 0x104, 0x504, 0x400, 0x400, 0x7FC } },
    { 0xC27D, { 0x000, 0x104, 0x104, 0x284, 0xC64, 0x004, 0xFF4, 0x100, 0x404, 0x7FC, 0x404, 0x7FC } },
    { 0xC2A4, { 0x000, 0x040, 0x040, 0x040, 0x0A0, 0x110, 0x208, 0x404, 0x000, 0x000, 0xFFE, 0x000 } },
    { 0xC2AC, { 0x000, 0x040, 0x1B0, 0x60C, 0x000, 0xFFE, 0x000, 0x7FC, 0x004, 0x7FC, 0x400, 0x7FC } },
    { 0xC2B5, { 0x000, 0x040, 0x040, 0x1B0, 0x60C, 0x000, 0xFFE, 0x000, 0x404, 0x7FC, 0x404, 0x7FC } },
    { 0xC2B9, { 0x000, 0x040, 0x040, 0x1B0, 0x60C, 0x000, 0xFFE, 0x000, 0x3F8, 0x404, 0x404, 0x3F8 } },
    { 0xC2DC, { 0x000, 0x104, 0x104, 0x104, 0x104, 0x104, 0x284, 0x284, 0x444, 0x444, 0x824, 0x004 } },
    { 0xC2DD, { 0x000, 0x104, 0x104, 0x104, 0x284, 0x444, 0x824, 0x000, 0x7FC, 0x004, 0x004, 0x004 } },
    { 0xC2E0, { 0x000, 0x104, 0x104, 0x104, 0x284, 0x444, 0x824, 0x004, 0x404, 0x400, 0x400, 0x7FC } },
    { 0xC2E4, { 0x000, 0x104, 0x104, 0x284, 0x444, 0x824, 0x000, 0x7FC, 0x004, 0x7FC, 0x400, 0x7FC } },
    { 0xC2EC, { 0x000, 0x104, 0x104, 0x104, 0x284, 0x444, 0x824, 0x000, 0x7FC, 0x404, 0x404, 0x7FC } },
    { 0xC2ED, { 0x000, 0x104, 0x104, 0x104, 0x284, 0x444, 0x824, 0x000, 0x404, 0x7FC, 0x404, 0x7FC } },
    { 0xC2F6, { 0x000, 0x104, 0x104, 0x104, 0x284, 0x444, 0x824, 0x000, 0x7FC, 0x110, 0x110, 0x7FC } },
    { 0xC2F8, { 0x000, 0x284, 0x284, 0x284, 0x284, 0x284, 0x546, 0x544, 0x544, 0x924, 0x924, 0x004 } },
    { 0xC313, { 0x000, 0x284, 0x284, 0x286, 0x544, 0x544, 0x924, 0x040, 0x7FC, 0x1F0, 0x208, 0x1F0 } },
    { 0xC318, { 0x000, 0x294, 0x294, 0x294, 0x55C, 0x554, 0x934, 0x014, 0x414, 0x400, 0x400, 0x7FC } },
    { 0xC369, { 0x000, 0x284, 0x284, 0x29C, 0x544, 0x544, 0x924, 0x000, 0x7FC, 0x004, 0x004, 0x004 } },
    { 0xC37C, { 0x000, 0x284, 0x284, 0x29C, 0x544, 0x544, 0x924, 0x004, 0x110, 0x110, 0x2A8, 0x444 } },
    { 0xC3DC, { 0x000, 0x110, 0x110, 0x2A8, 0x404, 0x040, 0xFFE, 0x000, 0x400, 0x400, 0x400, 0x7FC } },
    { 0xC3DF, { 0x000, 0x110, 0x110, 0x2A8, 0x404, 0x040, 0xFFE, 0x000, 0x7FC, 0x400, 0x400, 0x7FC } },
    { 0xC3E0, { 0x000, 0x110, 0x2A8, 0x404, 0x040, 0xFFE, 0x000, 0x7FC, 0x004, 0x7FC, 0x400, 0x7FC } },
    { 0xC4F0, { 0x000, 0x110, 0x110, 0x110, 0x2A8, 0x2A8, 0x444, 0x444, 0x000, 0x000, 0xFFE, 0x000 } },
    { 0xC4F8, { 0x000, 0x110, 0x2A8, 0x444, 0x000, 0xFFE, 0x000, 0x7FC, 0x004, 0x7FC, 0x400, 0x7FC } },
    { 0xC528, { 0x000, 0x284, 0x284, 0x284, 0x284, 0x284, 0x544, 0x544, 0x544, 0x924, 0x924, 0x004 } },
    { 0xC529, { 0x000, 0x284, 0x284, 0x284, 0x544, 0x544, 0x924, 0x000, 0x7FC, 0x004, 0x004, 0x004 } },
    { 0xC52C, { 0x000, 0x284, 0x284, 0x284, 0x544, 0x544, 0x924, 0x004, 0x404, 0x400, 0x400, 0x7FC } },
    { 0xC544, { 0x000, 0x384, 0x444, 0x824, 0x824, 0x824, 0x826, 0x824, 0x824, 0x444, 0x384, 0x004 } },
    { 0xC545, { 0x000, 0x384, 0x444, 0x826, 0x824, 0x444, 0x384, 0x000, 0x7FC, 0x004, 0x004, 0x004 } },
    { 0xC548, { 0x000, 0x384, 0x444, 0x824, 0x826, 0x444, 0x384, 0x004, 0x404, 0x400, 0x400, 0x7FC } },
    { 0xC549, { 0x000, 0x384, 0x444, 0x826, 0x824, 0x444, 0x384, 0x000, 0x47C, 0x410, 0x428, 0x7C4 } },
    { 0xC54A, { 0x000, 0x384, 0x444, 0x826, 0x824, 0x444, 0x384, 0x010, 0x47C, 0x438, 0x444, 0x7B8 } },
    { 0xC54C, { 0x000, 0x384, 0x444, 0x826, 0x824, 0x444, 0x384, 0x7FC, 0x004, 0x7FC, 0x400, 0x7FC } },
    { 0xC554, { 0x000, 0x384, 0x444, 0x826, 0x824, 0x444, 0x384, 0x000, 0x7FC, 0x404, 0x404, 0x7FC } },
    { 0xC555, { 0x000, 0x384, 0x444, 0x826, 0x824, 0x444, 0x384, 0x000, 0x404, 0x7FC, 0x404, 0x7FC } },
    { 0xC557, { 0x000, 0x384, 0x444, 0x824, 0x826, 0x444, 0x384, 0x004, 0x044, 0x040, 0x1B0, 0x60C } },
    { 0xC558, { 0x000, 0x384, 0x444, 0x826, 0x824, 0x444, 0x384, 0x004, 0x110, 0x110, 0x2A8, 0x444 } },
    { 0xC559, { 0x000, 0x384, 0x444, 0x826, 0x824, 0x444, 0x384, 0x000, 0x3F8, 0x404, 0x404, 0x3F8 } },
    { 0xC55E, { 0x000, 0x384, 0x444, 0x826, 0x824, 0x444, 0x384, 0x000, 0x7FC, 0x110, 0x110, 0x7FC } },
    { 0xC561, { 0x000, 0x314, 0x494, 0x85C, 0x854, 0x494, 0x314, 0x000, 0x7FC, 0x004, 0x004, 0x004 } },
    { 0xC57C, { 0x000, 0x384, 0x444, 0x824, 0x826, 0x824, 0x824, 0x824, 0x826, 0x444, 0x384, 0x004 } },
    { 0xC57D, { 0x000, 0x384, 0x446, 0x824, 0x826, 0x444, 0x384, 0x000, 0x7FC, 0x004, 0x004, 0x004 } },
    { 0xC591, { 0x000, 0x384, 0x446, 0x824, 0x826, 0x444, 0x384, 0x000, 0x3F8, 0x404, 0x404, 0x3F8 } },
    { 0xC597, { 0x000, 0x384, 0x446, 0x824, 0x826, 0x444, 0x384, 0x040, 0x7FC, 0x1F0, 0x208, 0x1F0 } },
    { 0xC5B4, { 0x000, 0x384, 0x444, 0x824, 0x824, 0x83C, 0x824, 0x824, 0x824, 0x444, 0x384, 0x004 } },
    { 0xC5B5, { 0x000, 0x384, 0x444, 0x83C, 0x824, 0x444, 0x384, 0x000, 0x7FC, 0x004, 0x004, 0x004 } },
    { 0xC5B8, { 0x000, 0x384, 0x444, 0x824, 0x83C, 0x444, 0x384, 0x004, 0x404, 0x400, 0x400, 0x7FC } },
    { 0xC5BC, { 0x000, 0x384, 0x444, 0x83C, 0x824, 0x444, 0x384, 0x7FC, 0x004, 0x7FC, 0x400, 0x7FC } },
    { 0xC5C5, { 0x000, 0x384, 0x444, 0x83C, 0x824, 0x444, 0x384, 0x000, 0x404, 0x7FC, 0x404, 0x7FC } },
    { 0xC5C6, { 0x000, 0x384, 0x444, 0x83C, 0x824, 0x444, 0x384, 0x004, 0x490, 0x790, 0x4A8, 0x7C4 } },
    { 0xC5C8, { 0x000, 0x384, 0x444, 0x83C, 0x824, 0x444, 0x384, 0x004, 0x110, 0x110, 0x2A8, 0x444 } },
    { 0xC5D0, { 0x000, 0x314, 0x494, 0x854, 0x854, 0x874, 0x854, 0x854, 0x854, 0x494, 0x314, 0x014 } },
    { 0xC5D4, { 0x000, 0x314, 0x494, 0x874, 0x854, 0x494, 0x314, 0x014, 0x414, 0x400, 0x400, 0x7FC } },
    { 0xC5D8, { 0x000, 0x314, 0x494, 0x874, 0x854, 0x494, 0x314, 0x7FC, 0x004, 0x7FC, 0x400, 0x7FC } },
    { 0xC5EC, { 0x000, 0x384, 0x444, 0x824, 0x83C, 0x824, 0x824, 0x83C, 0x824, 0x444, 0x384, 0x004 } },
    { 0xC5ED, { 0x000, 0x384, 0x45C, 0x824, 0x83C, 0x444, 0x384, 0x000, 0x7FC, 0x004, 0x004, 0x004 } },
    { 0xC5F0, { 0x000, 0x384, 0x444, 0x83C, 0x824, 0x45C, 0x384, 0x004, 0x404, 0x400, 0x400, 0x7FC } },
    { 0xC5F4, { 0x000, 0x384, 0x45C, 0x824, 0x83C, 0x444, 0x384, 0x7FC, 0x004, 0x7FC, 0x400, 0x7FC } },
    { 0xC5FC, { 0x000, 0x384, 0x45C, 0x824, 0x83C, 0x444, 0x384, 0x000, 0x7FC, 0x404, 0x404, 0x7FC } },
    { 0xC5FD, { 0x000, 0x384, 0x45C, 0x824, 0x83C, 0x444, 0x384, 0x000, 0x404, 0x7FC, 0x404, 0x7FC } },
    { 0xC600, { 0x000, 0x384, 0x45C, 0x824, 0x83C, 0x444, 0x384, 0x004, 0x110, 0x110, 0x2A8, 0x444 } },
    { 0xC601, { 0x000, 0x384, 0x45C, 0x824, 0x83C, 0x444, 0x384, 0x000, 0x3F8, 0x404, 0x404, 0x3F8 } },
    { 0xC608, { 0x000, 0x314, 0x494, 0x854, 0x874, 0x854, 0x854, 0x874, 0x854, 0x494, 0x314, 0x014 } },
    { 0xC61B, { 0x000, 0x314, 0x4B4, 0x854, 0x854, 0x4B4, 0x314, 0x014, 0x054, 0x040, 0x1B0, 0x60C } },
    { 0xC624, { 0x000, 0x1F0, 0x208, 0x404, 0x404, 0x404, 0x208, 0x1F0, 0x040, 0x040, 0xFFE, 0x000 } },
    { 0xC625, { 0x000, 0x3F8, 0x404, 0x404, 0x3F8, 0x040, 0xFFE, 0x000, 0x7FC, 0x004, 0x004, 0x004 } },
    { 0xC628, { 0x000, 0x3F8, 0x404, 0x404, 0x3F8, 0x040, 0xFFE, 0x000, 0x400, 0x400, 0x400, 0x7FC } },
    { 0xC62C, { 0x000, 0x3F8, 0x404, 0x3F8, 0x040, 0xFFE, 0x000, 0x7FC, 0x004, 0x7FC, 0x400, 0x7FC } },
    { 0xC62E, { 0x000, 0x3F8, 0x404, 0x3F8, 0x040, 0xFFE, 0x000, 0x7BC, 0x0A4, 0x7A4, 0x424, 0x7BC } },
    { 0xC635, { 0x000, 0x3F8, 0x404, 0x404, 0x3F8, 0x040, 0xFFE, 0x000, 0x404, 0x7FC, 0x404, 0x7FC } },
    { 0xC637, { 0x000, 0x3F8, 0x404, 0x404, 0x3F8, 0x040, 0xFFE, 0x000, 0x040, 0x040, 0x1B0, 0x60C } },
    { 0xC639, { 0x000, 0x3F8, 0x404, 0x404, 0x3F8, 0x040, 0xFFE, 0x000, 0x3F8, 0x404, 0x404, 0x3F8 } },
    { 0xC640, { 0x000, 0x384, 0x444, 0x824, 0x824, 0x444, 0x386, 0x004, 0x104, 0x104, 0xFF4, 0x004 } },
    { 0xC644, { 0x000, 0x3C4, 0x424, 0x424, 0x3C6, 0x084, 0xFF4, 0x004, 0x404, 0x400, 0x400, 0x7FC } },
    { 0xC654, { 0x000, 0x3C4, 0x424, 0x426, 0x3C4, 0x084, 0xFF4, 0x004, 0x110, 0x110, 0x2A8, 0x444 } },
    { 0xC655, { 0x000, 0x3C4, 0x424, 0x426, 0x3C4, 0x084, 0xFF4, 0x000, 0x3F8, 0x404, 0x404, 0x3F8 } },
    { 0xC65C, { 0x000, 0x394, 0x454, 0x834, 0x834, 0x454, 0x39C, 0x014, 0x114, 0x114, 0xFF4, 0x014 } },
    { 0xC678, { 0x000, 0x384, 0x444, 0x824, 0x824, 0x444, 0x384, 0x004, 0x104, 0x104, 0xFF4, 0x004 } },
    { 0xC694, { 0x000, 0x1F0, 0x208, 0x404, 0x404, 0x404, 0x208, 0x1F0, 0x110, 0x110, 0xFFE, 0x000 } },
    { 0xC695, { 0x000, 0x3F8, 0x404, 0x404, 0x3F8, 0x110, 0xFFE, 0x000, 0x7FC, 0x004, 0x004, 0x004 } },
    { 0xC6A9, { 0x000, 0x3F8, 0x404, 0x404, 0x3F8, 0x110, 0xFFE, 0x000, 0x3F8, 0x404, 0x404, 0x3F8 } },
    { 0xC6B0, { 0x000, 0x3F8, 0x404, 0x404, 0x3F8, 0x000, 0xFFE, 0x040, 0x040, 0x040, 0x040, 0x040 } },
    { 0xC6B4, { 0x000, 0x3F8, 0x404, 0x404, 0x3F8, 0x000, 0xFFE, 0x040, 0x440, 0x400, 0x400, 0x7FC } },
    { 0xC6B8, { 0x000, 0x3F8, 0x404, 0x3F8, 0x000, 0xFFE, 0x040, 0x7FC, 0x004, 0x7FC, 0x400, 0x7FC } },
    { 0xC6C0, { 0x000, 0x3F8, 0x404, 0x404, 0x3F8, 0x000, 0xFFE, 0x040, 0x7FC, 0x404, 0x404, 0x7FC } },
    { 0xC6C3, { 0x000, 0x3F8, 0x404, 0x404, 0x3F8, 0x000, 0xFFE, 0x040, 0x000, 0x040, 0x1B0, 0x60C } },
    { 0xC6C5, { 0x000, 0x3F8, 0x404, 0x404, 0x3F8, 0x000, 0xFFE, 0x040, 0x3F8, 0x404, 0x404, 0x3F8 } },
    { 0xC6CC, { 0x000, 0x3C4, 0x424, 0x424, 0x424, 0x3C4, 0x004, 0xFF4, 0x104, 0x13C, 0x104, 0x104 } },
    { 0xC6D0, { 0x000, 0x3C4, 0x424, 0x3C4, 0x004, 0xFF4, 0x104, 0x11C, 0x504, 0x400, 0x400, 0x7FC } },
    { 0xC6D4, { 0x000, 0x3C4, 0x424, 0x3C4, 0xFF4, 0x11C, 0x104, 0x7FC, 0x004, 0x7FC, 0x400, 0x7FC } },
    { 0xC6E0, { 0x000, 0x3C4, 0x424, 0x3C4, 0x004, 0xFF4, 0x11C, 0x104, 0x000, 0x110, 0x2A8, 0x444 } },
    { 0xC704, { 0x000, 0x3C4, 0x424, 0x424, 0x424, 0x3C4, 0x004, 0xFF4, 0x084, 0x084, 0x084, 0x084 } },
    { 0xC720, { 0x000, 0x3F8, 0x404, 0x404, 0x3F8, 0x000, 0xFFE, 0x110, 0x110, 0x110, 0x110, 0x110 } },
    { 0xC721, { 0x000, 0x3F8, 0x404, 0x404, 0x3F8, 0x000, 0xFFE, 0x110, 0x7FC, 0x004, 0x004, 0x004 } },
    { 0xC724, { 0x000, 0x3F8, 0x404, 0x404, 0x3F8, 0x000, 0xFFE, 0x110, 0x510, 0x400, 0x400, 0x7FC } },
    { 0xC728, { 0x000, 0x3F8, 0x404, 0x3F8, 0x000, 0xFFE, 0x110, 0x7FC, 0x004, 0x7FC, 0x400, 0x7FC } },
    { 0xC73C, { 0x000, 0x1F0, 0x208, 0x404, 0x404, 0x404, 0x208, 0x1F0, 0x000, 0x000, 0xFFE, 0x000 } },
    { 0xC740, { 0x000, 0x3F8, 0x404, 0x404, 0x3F8, 0x000, 0xFFE, 0x000, 0x400, 0x400, 0x400, 0x7FC } },
    { 0xC744, { 0x000, 0x3F8, 0x404, 0x3F8, 0x000, 0xFFE, 0x000, 0x7FC, 0x004, 0x7FC, 0x400, 0x7FC } },
    { 0xC74C, { 0x000, 0x3F8, 0x404, 0x404, 0x3F8, 0x000, 0xFFE, 0x000, 0x7FC, 0x404, 0x404, 0x7FC } },
    { 0xC758, { 0x000, 0x384, 0x444, 0x824, 0x824, 0x444, 0x384, 0x004, 0x004, 0xFF4, 0x004, 0x004 } },
    { 0xC774, { 0x000, 0x384, 0x444, 0x824, 0x824, 0x824, 0x824, 0x824, 0x824, 0x444, 0x384, 0x004 } },
    { 0xC775, { 0x000, 0x384, 0x444, 0x824, 0x824, 0x444, 0x384, 0x000, 0x7FC, 0x004, 0x004, 0x004 } },
    { 0xC778, { 0x000, 0x384, 0x444, 0x824, 0x824, 0x444, 0x384, 0x004, 0x404, 0x400, 0x400, 0x7FC } },
    { 0xC77C, { 0x000, 0x384, 0x444, 0x824, 0x824, 0x444, 0x384, 0x7FC, 0x004, 0x7FC, 0x400, 0x7FC } },
    { 0xC77D, { 0x000, 0x384, 0x444, 0x824, 0x824, 0x444, 0x384, 0x7BC, 0x084, 0x784, 0x404, 0x784 } },
    { 0xC783, { 0x000, 0x384, 0x444, 0x824, 0x824, 0x444, 0x384, 0x790, 0x0FC, 0x7B8, 0x444, 0x7B8 } },
    { 0xC784, { 0x000, 0x384, 0x444, 0x824, 0x824, 0x444, 0x384, 0x000, 0x7FC, 0x404, 0x404, 0x7FC } },
    { 0xC785, { 0x000, 0x384, 0x444, 0x824, 0x824, 0x444, 0x384, 0x000, 0x404, 0x7FC, 0x404, 0x7FC } },
    { 0xC788, { 0x000, 0x384, 0x444, 0x824, 0x824, 0x444, 0x384, 0x004, 0x110, 0x110, 0x2A8, 0x444 } },
    { 0xC789, { 0x000, 0x384, 0x444, 0x824, 0x824, 0x444, 0x384, 0x000, 0x3F8, 0x404, 0x404, 0x3F8 } },
    { 0xC78A, { 0x000, 0x384, 0x444, 0x824, 0x824, 0x444, 0x384, 0x000, 0x7FC, 0x040, 0x1B0, 0x60C } },
    { 0xC790, { 0x000, 0xFE4, 0x104, 0x104, 0x104, 0x284, 0x286, 0x284, 0x444, 0x444, 0x824, 0x004 } },
    { 0xC791, { 0x000, 0xFE4, 0x104, 0x106, 0x284, 0x444, 0x824, 0x000, 0x7FC, 0x004, 0x004, 0x004 } },
    { 0xC794, { 0x000, 0xFE4, 0x104, 0x104, 0x286, 0x444, 0x824, 0x004, 0x404, 0x400, 0x400, 0x7FC } },
    { 0xC798, { 0x000, 0xFE4, 0x104, 0x286, 0x444, 0x824, 0x000, 0x7FC, 0x004, 0x7FC, 0x400, 0x7FC } },
    { 0xC7A0, { 0x000, 0xFE4, 0x104, 0x106, 0x284, 0x444, 0x824, 0x000, 0x7FC, 0x404, 0x404, 0x7FC } },
    { 0xC7A1, { 0x000, 0xFE4, 0x104, 0x106, 0x284, 0x444, 0x824, 0x000, 0x404, 0x7FC, 0x404, 0x7FC } },
    { 0xC7A5, { 0x000, 0xFE4, 0x104, 0x106, 0x284, 0x444, 0x824, 0x000, 0x3F8, 0x404, 0x404, 0x3F8 } },
    { 0xC7AC, { 0x000, 0xFF4, 0x114, 0x114, 0x114, 0x294, 0x29C, 0x294, 0x454, 0x454, 0x834, 0x014 } },
    { 0xC7BF, { 0x000, 0xF94, 0x214, 0x214, 0x51C, 0x514, 0x894, 0x014, 0x054, 0x040, 0x1B0, 0x60C } },
    { 0xC7C1, { 0x000, 0xF94, 0x214, 0x21C, 0x514, 0x514, 0x894, 0x000, 0x3F8, 0x404, 0x404, 0x3F8 } },
    { 0xC800, { 0x000, 0xFE4, 0x104, 0x104, 0x104, 0x29C, 0x284, 0x284, 0x444, 0x444, 0x824, 0x004 } },
    { 0xC801, { 0x000, 0xFE4, 0x104, 0x11C, 0x284, 0x444, 0x824, 0x000, 0x7FC, 0x004, 0x004, 0x004 } },
    { 0xC804, { 0x000, 0xFE4, 0x104, 0x11C, 0x284, 0x444, 0x824, 0x004, 0x404, 0x400, 0x400, 0x7FC } },
    { 0xC808, { 0x000, 0xFE4, 0x104, 0x29C, 0x444, 0x824, 0x000, 0x7FC, 0x004, 0x7FC, 0x400, 0x7FC } },
    { 0xC810, { 0x000, 0xFE4, 0x104, 0x11C, 0x284, 0x444, 0x824, 0x000, 0x7FC, 0x404, 0x404, 0x7FC } },
    { 0xC811, { 0x000, 0xFE4, 0x104, 0x11C, 0x284, 0x444, 0x824, 0x000, 0x404, 0x7FC, 0x404, 0x7FC } },
    { 0xC815, { 0x000, 0xFE4, 0x104, 0x11C, 0x284, 0x444, 0x824, 0x000, 0x3F8, 0x404, 0x404, 0x3F8 } },
    { 0xC816, { 0x000, 0xFE4, 0x104, 0x11C, 0x284, 0x444, 0x824, 0x000, 0x7FC, 0x040, 0x1B0, 0x60C } },
    { 0xC81C, { 0x000, 0xF94, 0x214, 0x214, 0x214, 0x574, 0x514, 0x514, 0x894, 0x894, 0x894, 0x014 } },
    { 0xC838, { 0x000, 0xFE4, 0x104, 0x104, 0x11C, 0x284, 0x284, 0x29C, 0x444, 0x444, 0x824, 0x004 } },
    { 0xC84C, { 0x000, 0xFE4, 0x11C, 0x104, 0x29C, 0x444, 0x824, 0x004, 0x110, 0x110, 0x2A8, 0x444 } },
    { 0xC870, { 0x000, 0x7FC, 0x040, 0x040, 0x0A0, 0x110, 0x60C, 0x040, 0x040, 0x040, 0xFFE, 0x000 } },
    { 0xC871, { 0x000, 0x7FC, 0x040, 0x1B0, 0x60C, 0x040, 0xFFE, 0x000, 0x7FC, 0x004, 0x004, 0x004 } },
    { 0xC874, { 0x000, 0x7FC, 0x040, 0x1B0, 0x60C, 0x040, 0xFFE, 0x000, 0x400, 0x400, 0x400, 0x7FC } },
    { 0xC885, { 0x000, 0x7FC, 0x040, 0x1B0, 0x60C, 0x040, 0xFFE, 0x000, 0x3F8, 0x404, 0x404, 0x3F8 } },
    { 0xC88B, { 0x000, 0x7FC, 0x040, 0x1B0, 0x60C, 0x040, 0xFFE, 0x040, 0x7FC, 0x1F0, 0x208, 0x1F0 } },
    { 0xC88C, { 0x000, 0xFE4, 0x104, 0x104, 0x284, 0x444, 0x826, 0x104, 0x104, 0x104, 0xFF4, 0x004 } },
    { 0xC8FC, { 0x000, 0x7FC, 0x040, 0x040, 0x1B0, 0x60C, 0x000, 0xFFE, 0x040, 0x040, 0x040, 0x040 } },
    { 0xC8FD, { 0x000, 0x7FC, 0x040, 0x1B0, 0x60C, 0x000, 0xFFE, 0x040, 0x7FC, 0x004, 0x004, 0x004 } },
    { 0xC900, { 0x000, 0x7FC, 0x040, 0x1B0, 0x60C, 0x000, 0xFFE, 0x040, 0x440, 0x400, 0x400, 0x7FC } },
    { 0xC904, { 0x000, 0x7FC, 0x0A0, 0x71C, 0x000, 0xFFE, 0x040, 0x7FC, 0x004, 0x7FC, 0x400, 0x7FC } },
    { 0xC911, { 0x000, 0x7FC, 0x040, 0x1B0, 0x60C, 0x000, 0xFFE, 0x040, 0x3F8, 0x404, 0x404, 0x3F8 } },
    { 0xC950, { 0x000, 0xFE4, 0x104, 0x104, 0x284, 0xC64, 0x004, 0xFF4, 0x104, 0x104, 0x104, 0x104 } },
    { 0xC988, { 0x000, 0x7FC, 0x040, 0x040, 0x0A0, 0x110, 0x60C, 0x000, 0x000, 0x000, 0xFFE, 0x000 } },
    { 0xC989, { 0x000, 0x7FC, 0x040, 0x1B0, 0x60C, 0x000, 0xFFE, 0x000, 0x7FC, 0x004, 0x004, 0x004 } },
    { 0xC998, { 0x000, 0x7FC, 0x040, 0x1B0, 0x60C, 0x000, 0xFFE, 0x000, 0x7FC, 0x404, 0x404, 0x7FC } },
    { 0xC99D, { 0x000, 0x7FC, 0x040, 0x1B0, 0x60C, 0x000, 0xFFE, 0x000, 0x3F8, 0x404, 0x404, 0x3F8 } },
    { 0xC9C0, { 0x000, 0xFE4, 0x104, 0x104, 0x104, 0x284, 0x284, 0x284, 0x444, 0x444, 0x824, 0x004 } },
    { 0xC9C1, { 0x000, 0xFE4, 0x104, 0x104, 0x284, 0x444, 0x824, 0x000, 0x7FC, 0x004, 0x004, 0x004 } },
    { 0xC9C4, { 0x000, 0xFE4, 0x104, 0x104, 0x284, 0x444, 0x824, 0x004, 0x404, 0x400, 0x400, 0x7FC } },
    { 0xC9C8, { 0x000, 0xFE4, 0x104, 0x284, 0x444, 0x824, 0x000, 0x7FC, 0x004, 0x7FC, 0x400, 0x7FC } },
    { 0xC9D0, { 0x000, 0xFE4, 0x104, 0x104, 0x284, 0x444, 0x824, 0x000, 0x7FC, 0x404, 0x404, 0x7FC } },
    { 0xC9D1, { 0x000, 0xFE4, 0x104, 0x104, 0x284, 0x444, 0x824, 0x000, 0x404, 0x7FC, 0x404, 0x7FC } },
    { 0xC9D3, { 0x000, 0xFE4, 0x104, 0x104, 0x284, 0x444, 0x824, 0x004, 0x044, 0x040, 0x1B0, 0x60C } },
    { 0xC9D5, { 0x000, 0xFE4, 0x104, 0x104, 0x284, 0x444, 0x824, 0x000, 0x3F8, 0x404, 0x404, 0x3F8 } },
    { 0xC9D6, { 0x000, 0xFE4, 0x104, 0x104, 0x284, 0x444, 0x824, 0x000, 0x7FC, 0x040, 0x1B0, 0x60C } },
    { 0xC9DD, { 0x000, 0xFE4, 0x284, 0x286, 0x544, 0x544, 0x924, 0x000, 0x7FC, 0x004, 0x004, 0x004 } },
    { 0xC9E7, { 0x000, 0xFE4, 0x284, 0x286, 0x544, 0x924, 0x000, 0x7A4, 0x0A4, 0x7BC, 0x424, 0x7BC } },
    { 0xC9F8, { 0x000, 0xFF4, 0x294, 0x294, 0x294, 0x294, 0x55C, 0x554, 0x554, 0x934, 0x934, 0x014 } },
    { 0xCABD, { 0x000, 0x7FC, 0x110, 0x2A8, 0x404, 0x040, 0xFFE, 0x000, 0x7FC, 0x004, 0x004, 0x004 } },
    { 0xCAD3, { 0x000, 0x7FC, 0x110, 0x2A8, 0x404, 0x040, 0xFFE, 0x000, 0x040, 0x7FC, 0x1B0, 0x60C } },
    { 0xCC0C, { 0x000, 0xFE4, 0x284, 0x284, 0x284, 0x284, 0x544, 0x544, 0x544, 0x924, 0x924, 0x004 } },
    { 0xCC0D, { 0x000, 0xFE4, 0x284, 0x284, 0x544, 0x544, 0x924, 0x000, 0x7FC, 0x004, 0x004, 0x004 } },
    { 0xCC22, { 0x000, 0xFE4, 0x284, 0x284, 0x544, 0x544, 0x924, 0x000, 0x7FC, 0x040, 0x1B0, 0x60C } },
    { 0xCC28, { 0x000, 0x384, 0x004, 0xFE4, 0x104, 0x104, 0x106, 0x284, 0x284, 0x444, 0x824, 0x004 } },
    { 0xCC29, { 0x000, 0x384, 0x004, 0xFE4, 0x106, 0x284, 0xC64, 0x000, 0x7FC, 0x004, 0x004, 0x004 } },
    { 0xCC2C, { 0x000, 0x384, 0x004, 0xFE4, 0x106, 0x284, 0xC64, 0x004, 0x404, 0x400, 0x400, 0x7FC } },
    { 0xCC30, { 0x000, 0x384, 0x004, 0xFE4, 0x106, 0x284, 0xC64, 0x7FC, 0x004, 0x7FC, 0x400, 0x7FC } },
    { 0xCC38, { 0x000, 0x384, 0x004, 0xFE4, 0x106, 0x284, 0xC64, 0x000, 0x7FC, 0x404, 0x404, 0x7FC } },
    { 0xCC3D, { 0x000, 0x384, 0x004, 0xFE4, 0x106, 0x284, 0xC64, 0x000, 0x3F8, 0x404, 0x404, 0x3F8 } },
    { 0xCC3E, { 0x000, 0x384, 0x004, 0xFE4, 0x106, 0x284, 0xC64, 0x000, 0x7FC, 0x040, 0x1B0, 0x60C } },
    { 0xCC44, { 0x000, 0x394, 0x014, 0xFF4, 0x114, 0x114, 0x11C, 0x294, 0x294, 0x454, 0x834, 0x014 } },
    { 0xCC54, { 0x000, 0x394, 0x014, 0xFF4, 0x11C, 0x294, 0xC74, 0x000, 0x7FC, 0x404, 0x404, 0x7FC } },
    { 0xCC98, { 0x000, 0x384, 0x004, 0xFE4, 0x104, 0x104, 0x11C, 0x284, 0x284, 0x444, 0x824, 0x004 } },
    { 0xCC99, { 0x000, 0x384, 0x004, 0xFE4, 0x11C, 0x284, 0xC64, 0x000, 0x7FC, 0x004, 0x004, 0x004 } },
    { 0xCC9C, { 0x000, 0x384, 0x004, 0xFE4, 0x11C, 0x284, 0xC64, 0x004, 0x404, 0x400, 0x400, 0x7FC } },
    { 0xCCA0, { 0x000, 0x384, 0x004, 0xFE4, 0x11C, 0x284, 0xC64, 0x7FC, 0x004, 0x7FC, 0x400, 0x7FC } },
    { 0xCCA9, { 0x000, 0x384, 0x004, 0xFE4, 0x11C, 0x284, 0xC64, 0x000, 0x404, 0x7FC, 0x404, 0x7FC } },
    { 0xCCAB, { 0x000, 0x384, 0x004, 0xFE4, 0x11C, 0x284, 0xC64, 0x004, 0x044, 0x040, 0x1B0, 0x60C } },
    { 0xCCAD, { 0x000, 0x384, 0x004, 0xFE4, 0x11C, 0x284, 0xC64, 0x000, 0x3F8, 0x404, 0x404, 0x3F8 } },
    { 0xCCB4, { 0x000, 0x714, 0x014, 0xF94, 0x214, 0x214, 0x274, 0x514, 0x514, 0x894, 0x894, 0x014 } },
    { 0xCCD0, { 0x000, 0x384, 0x004, 0xFE4, 0x11C, 0x104, 0x104, 0x29C, 0x284, 0x444, 0x824, 0x004 } },
    { 0xCCE4, { 0x000, 0x384, 0x004, 0xFEC, 0x104, 0x28C, 0xC64, 0x004, 0x110, 0x110, 0x2A8, 0x444 } },
    { 0xCD08, { 0x000, 0x1F0, 0x000, 0x7FC, 0x040, 0x0A0, 0x110, 0x60C, 0x040, 0x040, 0xFFE, 0x000 } },
    { 0xCD5C, { 0x000, 0x384, 0x004, 0xFE4, 0x104, 0x284, 0x444, 0x824, 0x104, 0x104, 0xFF4, 0x004 } },
    { 0xCD94, { 0x000, 0x1F0, 0x000, 0x7FC, 0x040, 0x1B0, 0x60C, 0x000, 0xFFE, 0x040, 0x040, 0x040 } },
    { 0xCD95, { 0x000, 0x1F0, 0x000, 0x7FC, 0x0A0, 0x71C, 0x000, 0xFFE, 0x040, 0x7FC, 0x004, 0x004 } },
    { 0xCD98, { 0x000, 0x1F0, 0x000, 0x7FC, 0x0A0, 0x71C, 0x000, 0xFFE, 0x040, 0x440, 0x400, 0x7FC } },
    { 0xCD9C, { 0x000, 0x040, 0x7FC, 0x0A0, 0x71C, 0xFFE, 0x040, 0x7FC, 0x004, 0x7FC, 0x400, 0x7FC } },
    { 0xCDA9, { 0x000, 0x1F0, 0x000, 0x7FC, 0x0A0, 0x71C, 0x000, 0xFFE, 0x040, 0x3F8, 0x404, 0x3F8 } },
    { 0xCDC4, { 0x000, 0x104, 0xFE4, 0x284, 0xC64, 0x004, 0xFF4, 0x11C, 0x104, 0x110, 0x2A8, 0x444 } },
    { 0xCDE8, { 0x000, 0x384, 0x004, 0xFE4, 0x104, 0x284, 0xC64, 0x004, 0xFF4, 0x104, 0x104, 0x104 } },
    { 0xCE35, { 0x000, 0x1F0, 0x000, 0x7FC, 0x0A0, 0x71C, 0x000, 0xFFE, 0x000, 0x3F8, 0x404, 0x3F8 } },
    { 0xCE58, { 0x000, 0x384, 0x004, 0xFE4, 0x104, 0x104, 0x104, 0x284, 0x284, 0x444, 0x824, 0x004 } },
    { 0xCE59, { 0x000, 0x384, 0x004, 0xFE4, 0x104, 0x284, 0xC64, 0x000, 0x7FC, 0x004, 0x004, 0x004 } },
    { 0xCE5C, { 0x000, 0x384, 0x004, 0xFE4, 0x104, 0x284, 0xC64, 0x004, 0x404, 0x400, 0x400, 0x7FC } },
    { 0xCE60, { 0x000, 0x384, 0x004, 0xFE4, 0x284, 0xC64, 0x000, 0x7FC, 0x004, 0x7FC, 0x400, 0x7FC } },
    { 0xCE68, { 0x000, 0x384, 0x004, 0xFE4, 0x104, 0x284, 0xC64, 0x000, 0x7FC, 0x404, 0x404, 0x7FC } },
    { 0xCE74, { 0x000, 0xFC4, 0x044, 0x044, 0x044, 0xFC4, 0x086, 0x084, 0x104, 0x204, 0xC04, 0x004 } },
    { 0xCE78, { 0x000, 0xFC4, 0x044, 0xFC4, 0x086, 0x104, 0xE04, 0x004, 0x404, 0x400, 0x400, 0x7FC } },
    { 0xCE7C, { 0x000, 0xFC4, 0x044, 0xFC6, 0x084, 0x104, 0xE04, 0x7FC, 0x004, 0x7FC, 0x400, 0x7FC } },
    { 0xCEE4, { 0x000, 0xFC4, 0x044, 0x044, 0x044, 0xFDC, 0x084, 0x084, 0x104, 0x204, 0xC04, 0x004 } },
    { 0xCF1C, { 0x000, 0xFC4, 0x044, 0x044, 0x05C, 0xFC4, 0x084, 0x09C, 0x104, 0x204, 0xC04, 0x004 } },
    { 0xCF2C, { 0x000, 0xFC4, 0x05C, 0xFC4, 0x09C, 0x104, 0xE04, 0x000, 0x7FC, 0x404, 0x404, 0x7FC } },
    { 0xCF30, { 0x000, 0xFC4, 0x05C, 0xFC4, 0x09C, 0x104, 0xE04, 0x004, 0x110, 0x110, 0x2A8, 0x444 } },
    { 0xCF54, { 0x000, 0x7FC, 0x004, 0x004, 0x004, 0x7FC, 0x004, 0x044, 0x044, 0x048, 0xFFE, 0x000 } },
    { 0xD034, { 0x000, 0x7E4, 0x024, 0x024, 0x7E4, 0x024, 0x024, 0xFF4, 0x084, 0x084, 0x084, 0x084 } },
    { 0xD06C, { 0x000, 0x7FC, 0x004, 0x004, 0x004, 0x7FC, 0x004, 0x004, 0x008, 0x000, 0xFFE, 0x000 } },
    { 0xD070, { 0x000, 0x7FC, 0x004, 0x7FC, 0x004, 0x004, 0xFFE, 0x000, 0x400, 0x400, 0x400, 0x7FC } },
    { 0xD07C, { 0x000, 0x7FC, 0x004, 0x7FC, 0x004, 0x004, 0xFFE, 0x000, 0x7FC, 0x404, 0x404, 0x7FC } },
    { 0xD0A4, { 0x000, 0xFC4, 0x044, 0x044, 0x044, 0xFC4, 0x084, 0x084, 0x104, 0x204, 0xC04, 0x004 } },
    { 0xD0A8, { 0x000, 0xFC4, 0x044, 0xFC4, 0x084, 0x104, 0xE04, 0x004, 0x404, 0x400, 0x400, 0x7FC } },
    { 0xD0B4, { 0x000, 0xFC4, 0x044, 0xFC4, 0x084, 0x104, 0xE04, 0x000, 0x7FC, 0x404, 0x404, 0x7FC } },
    { 0xD0C0, { 0x000, 0xFE4, 0x804, 0x804, 0x804, 0xFE4, 0x806, 0x804, 0x804, 0x804, 0xFE4, 0x004 } },
    { 0xD0C1, { 0x000, 0xFC4, 0x804, 0xFC6, 0x804, 0x804, 0xFC4, 0x000, 0x7FC, 0x004, 0x004, 0x004 } },
    { 0xD0C4, { 0x000, 0xFC4, 0x804, 0xFC4, 0x806, 0x804, 0xFC4, 0x004, 0x404, 0x400, 0x400, 0x7FC } },
    { 0xD0C8, { 0x000, 0xFC4, 0x804, 0xFC6, 0x804, 0xFC4, 0x000, 0x7FC, 0x004, 0x7FC, 0x400, 0x7FC } },
    { 0xD0D0, { 0x000, 0xFC4, 0x804, 0xFC6, 0x804, 0x804, 0xFC4, 0x000, 0x7FC, 0x404, 0x404, 0x7FC } },
    { 0xD0DC, { 0x000, 0xFD4, 0x814, 0x814, 0x814, 0xFD4, 0x81C, 0x814, 0x814, 0x814, 0xFD4, 0x014 } },
    { 0xD0DD, { 0x000, 0xF94, 0x814, 0xF9C, 0x814, 0x814, 0xF94, 0x000, 0x7FC, 0x004, 0x004, 0x004 } },
    { 0xD130, { 0x000, 0xFC4, 0x804, 0x804, 0x804, 0xFDC, 0x804, 0x804, 0x804, 0x804, 0xFC4, 0x004 } },
    { 0xD138, { 0x000, 0xFC4, 0x804, 0xFDC, 0x804, 0xFC4, 0x000, 0x7FC, 0x004, 0x7FC, 0x400, 0x7FC } },
    { 0xD145, { 0x000, 0xFC4, 0x804, 0xFDC, 0x804, 0x804, 0xFC4, 0x000, 0x3F8, 0x404, 0x404, 0x3F8 } },
    { 0xD14C, { 0x000, 0xF94, 0x814, 0x814, 0x814, 0xF94, 0x874, 0x814, 0x814, 0x814, 0xF94, 0x014 } },
    { 0xD15C, { 0x000, 0xF94, 0x814, 0xF94, 0x874, 0x814, 0xF94, 0x000, 0x7FC, 0x404, 0x404, 0x7FC } },
    { 0xD168, { 0x000, 0xFC4, 0x804, 0x804, 0x81C, 0xFC4, 0x804, 0x81C, 0x804, 0x804, 0xFC4, 0x004 } },
    { 0xD17C, { 0x000, 0xFC4, 0x81C, 0xFC4, 0x81C, 0x804, 0xFC4, 0x004, 0x110, 0x110, 0x2A8, 0x444 } },
    { 0xD1A0, { 0x000, 0x7FC, 0x400, 0x400, 0x7FC, 0x400, 0x400, 0x7FC, 0x040, 0x040, 0xFFE, 0x000 } },
    { 0xD1B1, { 0x000, 0x7FC, 0x400, 0x7FC, 0x400, 0x7FC, 0x040, 0xFFE, 0x404, 0x7FC, 0x404, 0x7FC } },
    { 0xD1B5, { 0x000, 0x7FC, 0x400, 0x7FC, 0x400, 0x7FC, 0x040, 0xFFE, 0x000, 0x3F8, 0x404, 0x3F8 } },
    { 0xD1F4, { 0x000, 0xFE4, 0x804, 0x804, 0xFE4, 0x804, 0x804, 0xFE4, 0x104, 0x104, 0xFF4, 0x004 } },
    { 0xD22C, { 0x000, 0x7FC, 0x400, 0x7FC, 0x400, 0x7FC, 0x000, 0xFFE, 0x040, 0x040, 0x040, 0x040 } },
    { 0xD280, { 0x000, 0x7E4, 0x404, 0x7E4, 0x404, 0x7E4, 0x004, 0xFF4, 0x084, 0x084, 0x084, 0x084 } },
    { 0xD284, { 0x000, 0x7E4, 0x404, 0x7E4, 0x404, 0x7E4, 0x004, 0xFF4, 0x084, 0x484, 0x400, 0x7FC } },
    { 0xD2B8, { 0x000, 0x7FC, 0x400, 0x400, 0x7FC, 0x400, 0x400, 0x7FC, 0x000, 0x000, 0xFFE, 0x000 } },
    { 0xD2B9, { 0x000, 0x7FC, 0x400, 0x7FC, 0x400, 0x7FC, 0x000, 0xFFE, 0x000, 0x7FC, 0x004, 0x004 } },
    { 0xD2BC, { 0x000, 0x7FC, 0x400, 0x7FC, 0x400, 0x7FC, 0x000, 0xFFE, 0x000, 0x400, 0x400, 0x7FC } },
    { 0xD2C0, { 0x000, 0x7FC, 0x400, 0x7FC, 0x400, 0xFFE, 0x000, 0x7FC, 0x004, 0x7FC, 0x400, 0x7FC } },
    { 0xD2F0, { 0x000, 0xFE4, 0x804, 0x804, 0x804, 0xFE4, 0x804, 0x804, 0x804, 0x804, 0xFE4, 0x004 } },
    { 0xD2F4, { 0x000, 0xFC4, 0x804, 0xFC4, 0x804, 0x804, 0xFC4, 0x004, 0x404, 0x400, 0x400, 0x7FC } },
    { 0xD2F8, { 0x000, 0xFC4, 0x804, 0xFC4, 0x804, 0xFC4, 0x000, 0x7FC, 0x004, 0x7FC, 0x400, 0x7FC } },
    { 0xD30C, { 0x000, 0xFE4, 0x444, 0x444, 0x444, 0x444, 0x446, 0x444, 0x444, 0x444, 0xFE4, 0x004 } },
    { 0xD310, { 0x000, 0xFF4, 0x244, 0x244, 0x246, 0x244, 0xFF4, 0x004, 0x404, 0x400, 0x400, 0x7FC } },
    { 0xD320, { 0x000, 0xFF4, 0x244, 0x246, 0x244, 0x244, 0xFF4, 0x004, 0x110, 0x110, 0x2A8, 0x444 } },
    { 0xD321, { 0x000, 0xFF4, 0x244, 0x246, 0x244, 0x244, 0xFF4, 0x000, 0x3F8, 0x404, 0x404, 0x3F8 } },
    { 0xD328, { 0x000, 0xFD4, 0x494, 0x494, 0x494, 0x494, 0x49C, 0x494, 0x494, 0x494, 0xFD4, 0x014 } },
    { 0xD37C, { 0x000, 0xFE4, 0x444, 0x444, 0x444, 0x45C, 0x444, 0x444, 0x444, 0x444, 0xFE4, 0x004 } },
    { 0xD398, { 0x000, 0xFD4, 0x494, 0x494, 0x494, 0x4B4, 0x494, 0x494, 0x494, 0x494, 0xFD4, 0x014 } },
    { 0xD39C, { 0x000, 0xFD4, 0x494, 0x494, 0x4B4, 0x494, 0xFD4, 0x014, 0x414, 0x400, 0x400, 0x7FC } },
    { 0xD3B8, { 0x000, 0xFE4, 0x484, 0x49C, 0x484, 0x49C, 0xFE4, 0x004, 0x404, 0x400, 0x400, 0x7FC } },
    { 0xD3BC, { 0x000, 0xFE4, 0x49C, 0x484, 0x49C, 0xFE4, 0x000, 0x7FC, 0x004, 0x7FC, 0x400, 0x7FC } },
    { 0xD3C9, { 0x000, 0xFE4, 0x49C, 0x484, 0x49C, 0x484, 0xFE4, 0x000, 0x3F8, 0x404, 0x404, 0x3F8 } },
    { 0xD3D0, { 0x000, 0xFD4, 0x494, 0x494, 0x4B4, 0x494, 0x494, 0x4B4, 0x494, 0x494, 0xFD4, 0x014 } },
    { 0xD3EC, { 0x000, 0x7FC, 0x110, 0x110, 0x110, 0x110, 0x110, 0x7FC, 0x040, 0x040, 0xFFE, 0x000 } },
    { 0xD3ED, { 0x000, 0x7FC, 0x110, 0x110, 0x7FC, 0x040, 0xFFE, 0x000, 0x7FC, 0x004, 0x004, 0x004 } },
    { 0xD45C, { 0x000, 0x7FC, 0x110, 0x110, 0x110, 0x110, 0x110, 0x7FC, 0x110, 0x110, 0xFFE, 0x000 } },
    { 0xD480, { 0x000, 0x7FC, 0x110, 0x7FC, 0x000, 0xFFE, 0x040, 0x7FC, 0x004, 0x7FC, 0x400, 0x7FC } },
    { 0xD488, { 0x000, 0x7FC, 0x110, 0x110, 0x7FC, 0x000, 0xFFE, 0x040, 0x7FC, 0x404, 0x404, 0x7FC } },
    { 0xD48D, { 0x000, 0x7FC, 0x110, 0x110, 0x7FC, 0x000, 0xFFE, 0x040, 0x3F8, 0x404, 0x404, 0x3F8 } },
    { 0xD504, { 0x000, 0x7FC, 0x110, 0x110, 0x110, 0x110, 0x110, 0x7FC, 0x000, 0x000, 0xFFE, 0x000 } },
    { 0xD50C, { 0x000, 0x7FC, 0x110, 0x7FC, 0x000, 0xFFE, 0x000, 0x7FC, 0x004, 0x7FC, 0x400, 0x7FC } },
    { 0xD53C, { 0x000, 0xFE4, 0x444, 0x444, 0x444, 0x444, 0x444, 0x444, 0x444, 0x444, 0xFE4, 0x004 } },
    { 0xD544, { 0x000, 0xFF4, 0x244, 0x244, 0x244, 0xFF4, 0x000, 0x7FC, 0x004, 0x7FC, 0x400, 0x7FC } },
    { 0xD558, { 0x000, 0x3C4, 0x004, 0xFF4, 0x004, 0x3C4, 0x426, 0x424, 0x424, 0x424, 0x3C4, 0x004 } },
    { 0xD559, { 0x000, 0x104, 0xFF4, 0x3C6, 0x424, 0x424, 0x3C4, 0x000, 0x7FC, 0x004, 0x004, 0x004 } },
    { 0xD55C, { 0x000, 0x104, 0xFF4, 0x3C4, 0x426, 0x424, 0x3C4, 0x004, 0x404, 0x400, 0x400, 0x7FC } },
    { 0xD560, { 0x000, 0x104, 0xFF4, 0x3C6, 0x424, 0x3C4, 0x000, 0x7FC, 0x004, 0x7FC, 0x400, 0x7FC } },
    { 0xD568, { 0x000, 0x104, 0xFF4, 0x3C6, 0x424, 0x424, 0x3C4, 0x000, 0x7FC, 0x404, 0x404, 0x7FC } },
    { 0xD569, { 0x000, 0x104, 0xFF4, 0x3C6, 0x424, 0x424, 0x3C4, 0x000, 0x404, 0x7FC, 0x404, 0x7FC } },
    { 0xD56D, { 0x000, 0x104, 0xFF4, 0x3C6, 0x424, 0x424, 0x3C4, 0x000, 0x3F8, 0x404, 0x404, 0x3F8 } },
    { 0xD574, { 0x000, 0x394, 0x014, 0xFF4, 0x014, 0x394, 0x45C, 0x454, 0x454, 0x454, 0x394, 0x014 } },
    { 0xD575, { 0x000, 0x214, 0xFF4, 0x79C, 0x854, 0x854, 0x794, 0x000, 0x7FC, 0x004, 0x004, 0x004 } },
    { 0xD588, { 0x000, 0x214, 0xFF4, 0x79C, 0x854, 0x854, 0x794, 0x000, 0x110, 0x110, 0x2A8, 0x444 } },
    { 0xD589, { 0x000, 0x214, 0xFF4, 0x79C, 0x854, 0x854, 0x794, 0x000, 0x3F8, 0x404, 0x404, 0x3F8 } },
    { 0xD5A5, { 0x000, 0x104, 0xFF4, 0x3C6, 0x424, 0x426, 0x3C4, 0x000, 0x3F8, 0x404, 0x404, 0x3F8 } },
    { 0xD5C8, { 0x000, 0x384, 0x004, 0xFE4, 0x004, 0x384, 0x45C, 0x444, 0x444, 0x444, 0x384, 0x004 } },
    { 0xD5CC, { 0x000, 0x204, 0xFE4, 0x784, 0x85C, 0x844, 0x784, 0x004, 0x404, 0x400, 0x400, 0x7FC } },
    { 0xD5D8, { 0x000, 0x204, 0xFE4, 0x784, 0x85C, 0x844, 0x784, 0x000, 0x7FC, 0x404, 0x404, 0x7FC } },
    { 0xD5E4, { 0x000, 0x714, 0x014, 0xFD4, 0x014, 0x714, 0x8F4, 0x894, 0x894, 0x894, 0x714, 0x014 } },
    { 0xD600, { 0x000, 0x384, 0x004, 0xFE4, 0x004, 0x39C, 0x444, 0x444, 0x45C, 0x444, 0x384, 0x004 } },
    { 0xD604, { 0x000, 0x204, 0xFE4, 0x79C, 0x844, 0x85C, 0x784, 0x004, 0x404, 0x400, 0x400, 0x7FC } },
    { 0xD608, { 0x000, 0x204, 0xFE4, 0x79C, 0x844, 0x85C, 0x784, 0x7FC, 0x004, 0x7FC, 0x400, 0x7FC } },
    { 0xD615, { 0x000, 0x204, 0xFE4, 0x79C, 0x844, 0x85C, 0x784, 0x000, 0x3F8, 0x404, 0x404, 0x3F8 } },
    { 0xD61C, { 0x000, 0x714, 0x014, 0xFD4, 0x014, 0x774, 0x894, 0x894, 0x8F4, 0x894, 0x714, 0x014 } },
    { 0xD638, { 0x000, 0x1F0, 0x000, 0xFFE, 0x000, 0x3F8, 0x404, 0x404, 0x3F8, 0x040, 0xFFE, 0x000 } },
    { 0xD639, { 0x000, 0x040, 0xFFE, 0x404, 0x3F8, 0x040, 0xFFE, 0x000, 0x7FC, 0x004, 0x004, 0x004 } },
    { 0xD63C, { 0x000, 0x040, 0xFFE, 0x404, 0x3F8, 0x040, 0xFFE, 0x000, 0x400, 0x400, 0x400, 0x7FC } },
    { 0xD648, { 0x000, 0x040, 0xFFE, 0x404, 0x3F8, 0x040, 0xFFE, 0x000, 0x7FC, 0x404, 0x404, 0x7FC } },
    { 0xD64D, { 0x000, 0x040, 0xFFE, 0x404, 0x3F8, 0x040, 0xFFE, 0x000, 0x3F8, 0x404, 0x404, 0x3F8 } },
    { 0xD654, { 0x000, 0x3C4, 0x004, 0xFF4, 0x004, 0x3C4, 0x426, 0x424, 0x3C4, 0x104, 0xFF4, 0x004 } },
    { 0xD655, { 0x000, 0x104, 0xFF4, 0x426, 0x3C4, 0x104, 0xFF4, 0x000, 0x7FC, 0x004, 0x004, 0x004 } },
    { 0xD658, { 0x000, 0x104, 0xFF4, 0x424, 0x3C6, 0x104, 0xFF4, 0x004, 0x404, 0x400, 0x400, 0x7FC } },
    { 0xD65C, { 0x000, 0x104, 0xFF4, 0x426, 0x3C4, 0x104, 0xFF4, 0x7FC, 0x004, 0x7FC, 0x400, 0x7FC } },
    { 0xD669, { 0x000, 0x104, 0xFF4, 0x426, 0x3C4, 0x104, 0xFF4, 0x000, 0x3F8, 0x404, 0x404, 0x3F8 } },
    { 0xD683, { 0x000, 0x214, 0xFD4, 0x794, 0x85C, 0x794, 0x214, 0xFD4, 0x014, 0x040, 0x1B0, 0x60C } },
    { 0xD68C, { 0x000, 0x3C4, 0x004, 0xFF4, 0x004, 0x3C4, 0x424, 0x424, 0x3C4, 0x104, 0xFF4, 0x004 } },
    { 0xD68D, { 0x000, 0x104, 0xFF4, 0x3C4, 0x424, 0x3C4, 0x104, 0xFF4, 0x000, 0x7FC, 0x004, 0x004 } },
    { 0xD69F, { 0x000, 0x104, 0xFF4, 0x3C4, 0x424, 0x3C4, 0x104, 0xFF4, 0x004, 0x040, 0x1B0, 0x60C } },
    { 0xD6A8, { 0x000, 0x1F0, 0x000, 0xFFE, 0x000, 0x3F8, 0x404, 0x404, 0x3F8, 0x110, 0xFFE, 0x000 } },
    { 0xD6C4, { 0x000, 0x040, 0xFFE, 0x000, 0x3F8, 0x404, 0x3F8, 0x000, 0xFFE, 0x040, 0x040, 0x040 } },
    { 0xD6D4, { 0x000, 0x040, 0xFFE, 0x404, 0x3F8, 0x000, 0xFFE, 0x040, 0x7FC, 0x404, 0x404, 0x7FC } },
    { 0xD6E8, { 0x000, 0x104, 0xFE4, 0x444, 0xFF4, 0x11C, 0x104, 0x7FC, 0x004, 0x7FC, 0x400, 0x7FC } },
    { 0xD718, { 0x000, 0x104, 0xFF4, 0x3C4, 0x424, 0x424, 0x3C4, 0x004, 0xFF4, 0x104, 0x104, 0x104 } },
    { 0xD749, { 0x000, 0x040, 0xFFE, 0x404, 0x3F8, 0x000, 0xFFE, 0x110, 0x3F8, 0x404, 0x404, 0x3F8 } },
    { 0xD751, { 0x000, 0x040, 0xFFE, 0x404, 0x3F8, 0x000, 0xFFE, 0x000, 0x7FC, 0x004, 0x004, 0x004 } },
    { 0xD754, { 0x000, 0x040, 0xFFE, 0x404, 0x3F8, 0x000, 0xFFE, 0x000, 0x400, 0x400, 0x400, 0x7FC } },
    { 0xD759, { 0x000, 0x040, 0xFFE, 0x404, 0x3F8, 0xFFE, 0x000, 0x7BC, 0x084, 0x784, 0x404, 0x784 } },
    { 0xD760, { 0x000, 0x040, 0xFFE, 0x404, 0x3F8, 0x000, 0xFFE, 0x000, 0x7FC, 0x404, 0x404, 0x7FC } },
    { 0xD761, { 0x000, 0x040, 0xFFE, 0x404, 0x3F8, 0x000, 0xFFE, 0x000, 0x404, 0x7FC, 0x404, 0x7FC } },
    { 0xD76C, { 0x000, 0x3C4, 0x004, 0xFF4, 0x004, 0x3C4, 0x424, 0x424, 0x3C4, 0x004, 0xFF4, 0x004 } },
    { 0xD770, { 0x000, 0x104, 0xFF4, 0x3C4, 0x424, 0x3C4, 0xFF4, 0x004, 0x404, 0x400, 0x400, 0x7FC } },
    { 0xD788, { 0x000, 0x3C4, 0x004, 0xFF4, 0x004, 0x3C4, 0x424, 0x424, 0x424, 0x424, 0x3C4, 0x004 } },
    { 0xD78C, { 0x000, 0x104, 0xFF4, 0x3C4, 0x424, 0x424, 0x3C4, 0x004, 0x404, 0x400, 0x400, 0x7FC } },
    { 0xD798, { 0x000, 0x104, 0xFF4, 0x3C4, 0x424, 0x424, 0x3C4, 0x000, 0x7FC, 0x404, 0x404, 0x7FC } },
};

const CjkGlyphHD *const i18n_glyphs_hd[LANG_COUNT] = { NULL, hd_zh_hans, hd_zh_hant, hd_ja, hd_ko };
const int i18n_glyph_count_hd[LANG_COUNT] = { 0, 1282, 1290, 1083, 675 };

#endif
